Feature,Importance
numeric__Torque [Nm],0.1339668850739808
numeric__Rotational speed [rpm],0.11611190760418295
numeric__PWF,0.11150449502690583
numeric__HDF,0.08150081137247248
numeric__Tool wear [min],0.08130755353504734
numeric__OSF,0.07832267787176295
numeric__TWF,0.05065952036535224
numeric__Air temperature [K],0.04330059304209129
numeric__UDI,0.041012288718407945
numeric__Process temperature [K],0.028688514372116464
categorical__Type_L,0.006070653954656603
categorical__Type_M,0.00363633278073827
categorical__Product ID_L53658,0.0035262410987767587
categorical__Product ID_L53121,0.0030619276265318636
categorical__Product ID_M17609,0.0030607269495425147
categorical__Product ID_H30851,0.002764505924982766
categorical__Product ID_M19544,0.0024518190919163153
categorical__Product ID_M18904,0.002389943133535248
categorical__Type_H,0.0023038601381303943
categorical__Product ID_M20396,0.0015684830837494705
categorical__Product ID_M22971,0.001401460471286687
categorical__Product ID_M17104,0.001334894134722276
categorical__Product ID_L56198,0.001331210536308264
categorical__Product ID_L54690,0.0013303669256143481
categorical__Product ID_L56756,0.0012553476486374389
categorical__Product ID_L48464,0.001235145135661495
categorical__Product ID_L48943,0.0012211272475043924
categorical__Product ID_L48689,0.0012182197505298945
categorical__Product ID_L53352,0.0012177676075056784
categorical__Product ID_M21659,0.001207685613800211
categorical__Product ID_M20859,0.001177893644735405
categorical__Product ID_L55789,0.0011707648165856684
categorical__Product ID_L50709,0.0011439922426313093
categorical__Product ID_M22286,0.001139052909233447
categorical__Product ID_L55870,0.0011152903506268868
categorical__Product ID_L50759,0.0011129205623584834
categorical__Product ID_M16352,0.001099881684008158
categorical__Product ID_L53436,0.0010993974705364273
categorical__Product ID_L54716,0.001098106196052801
categorical__Product ID_M18317,0.0010941609875365441
categorical__Product ID_M17026,0.001080374779546298
categorical__Product ID_L47257,0.0010681191073616952
categorical__Product ID_L47230,0.0010679871984828877
categorical__Product ID_L49413,0.0010674622273396015
categorical__Product ID_L49479,0.0010601131492858902
categorical__Product ID_L47643,0.0010528961579882676
categorical__Product ID_L55578,0.001048308246916237
categorical__Product ID_M15054,0.0010401465388791456
categorical__Product ID_M20194,0.0010268896426626425
categorical__Product ID_L53939,0.0010199297096994504
categorical__Product ID_H33279,0.0010161611440689966
categorical__Product ID_L54170,0.0010122479325603223
categorical__Product ID_H30501,0.0010058571462017668
categorical__Product ID_L55537,0.0010020395048856798
categorical__Product ID_L51228,0.000998105244714675
categorical__Product ID_M15067,0.0009959408465790276
categorical__Product ID_M19067,0.0009933217542939601
categorical__Product ID_L51108,0.000990109281354826
categorical__Product ID_H35754,0.000986871499828437
categorical__Product ID_H32554,0.0009782261412469011
categorical__Product ID_L55379,0.0009759791241440002
categorical__Product ID_L56938,0.0009751923837738681
categorical__Product ID_L47622,0.0009584975603865799
categorical__Product ID_L48964,0.0009565241325750524
categorical__Product ID_L52321,0.0009521515997302834
categorical__Product ID_M22547,0.0009507037162783114
categorical__Product ID_M15119,0.0009449338567463048
categorical__Product ID_L51649,0.0009430022265098092
categorical__Product ID_L47348,0.0009372026469949419
categorical__Product ID_L48275,0.0009350555366139205
categorical__Product ID_L51182,0.0009324218031371136
categorical__Product ID_L54104,0.0009305943848818832
categorical__Product ID_L51996,0.0009285171514935772
categorical__Product ID_L48083,0.0009138340710928284
categorical__Product ID_L50549,0.0009118619514341377
categorical__Product ID_M18096,0.0009110260188159689
categorical__Product ID_H35833,0.0008849133176885648
categorical__Product ID_L49682,0.0008826734701633444
categorical__Product ID_L56355,0.00088251967515516
categorical__Product ID_L53339,0.0008481374266521113
categorical__Product ID_M20169,0.0008432824881362749
categorical__Product ID_H31096,0.0008416693087078079
categorical__Product ID_L47766,0.000836821515227081
categorical__Product ID_L52580,0.0008335964540962935
categorical__Product ID_L49255,0.0008141248245006277
categorical__Product ID_L47341,0.0008109813110219086
categorical__Product ID_M19857,0.0008066253518194472
categorical__Product ID_L50038,0.0008014827491180592
categorical__Product ID_L52013,0.0007987218991641625
categorical__Product ID_M19622,0.000787983423546489
categorical__Product ID_L51826,0.0007876230194133336
categorical__Product ID_L52797,0.0007845752812119485
categorical__Product ID_L56843,0.0007835970588448369
categorical__Product ID_M19279,0.0007785984042130717
categorical__Product ID_M18727,0.0007741100168112261
categorical__Product ID_L48988,0.0007719111171025045
categorical__Product ID_L51565,0.0007678682926526276
categorical__Product ID_M21538,0.0007653828931570924
categorical__Product ID_L51335,0.000765138308805184
categorical__Product ID_L48342,0.0007556969303506945
categorical__Product ID_M22424,0.0007493504734891468
categorical__Product ID_M19152,0.0007473761886243455
categorical__Product ID_L48969,0.0007449701544614099
categorical__Product ID_M17286,0.0007383519895424072
categorical__Product ID_M19529,0.0007300695141130855
categorical__Product ID_L49761,0.0007294528383221505
categorical__Product ID_H30537,0.0007250725315813285
categorical__Product ID_M19387,0.0007185202237778561
categorical__Product ID_M17739,0.0007181697986841521
categorical__Product ID_L50791,0.0007100335893785328
categorical__Product ID_M19213,0.0007002456153114895
categorical__Product ID_L52168,0.0006996105631321037
categorical__Product ID_L53705,0.0006882264201631743
categorical__Product ID_L55206,0.0006800454982964895
categorical__Product ID_L53358,0.0006732496670768923
categorical__Product ID_L48324,0.0006639451119569264
categorical__Product ID_L56944,0.0006575723984317995
categorical__Product ID_L48027,0.0006565572887280406
categorical__Product ID_L54749,0.000655103890452357
categorical__Product ID_L49305,0.0006494955463449655
categorical__Product ID_L57002,0.0006381624863327399
categorical__Product ID_L55788,0.0006363707277215174
categorical__Product ID_L53333,0.0006362237477744579
categorical__Product ID_M19249,0.0006355687744279335
categorical__Product ID_L51655,0.0006293838203774882
categorical__Product ID_L50940,0.0006138681751758396
categorical__Product ID_L54112,0.0006129206487535762
categorical__Product ID_L56673,0.0006121633823804541
categorical__Product ID_L52668,0.0006110151966776281
categorical__Product ID_L54460,0.0006040611716247095
categorical__Product ID_M15876,0.0005983860603230902
categorical__Product ID_L51994,0.0005964760683264844
categorical__Product ID_M21478,0.0005916839776907633
categorical__Product ID_M15984,0.0005897877721475885
categorical__Product ID_M19011,0.0005883824378006846
categorical__Product ID_L47783,0.0005782151534807275
categorical__Product ID_M20475,0.0005688293739331288
categorical__Product ID_H33243,0.000562726663821624
categorical__Product ID_L49674,0.000561937304416
categorical__Product ID_M23874,0.0005615392409865569
categorical__Product ID_L49512,0.0005541089570658436
categorical__Product ID_L49778,0.0005466633403378897
categorical__Product ID_L51776,0.0005457441713077493
categorical__Product ID_M15740,0.0005422504705784536
categorical__Product ID_L51716,0.0005420725956224895
categorical__Product ID_L56793,0.000540146178769368
categorical__Product ID_L49195,0.0005372764911003997
categorical__Product ID_L47926,0.0005365739676270044
categorical__Product ID_H32414,0.0005337724597624664
categorical__Product ID_M19033,0.0005225072792080332
categorical__Product ID_L48347,0.0005223261117078322
categorical__Product ID_L49511,0.0005197772628387738
categorical__Product ID_M22451,0.0005161536570960761
categorical__Product ID_L48775,0.0005138359728429018
categorical__Product ID_M23786,0.0005130379130076944
categorical__Product ID_L54936,0.0005118648244519123
categorical__Product ID_L53204,0.0005099406198147126
categorical__Product ID_L56847,0.000507438197244984
categorical__Product ID_L48514,0.000502904007247584
categorical__Product ID_M19393,0.0005020344295913861
categorical__Product ID_L51459,0.0004979494371000925
categorical__Product ID_L56833,0.0004973215621416177
categorical__Product ID_L51911,0.0004969317476742607
categorical__Product ID_L51251,0.0004947207404028677
categorical__Product ID_M19251,0.0004939297926099198
categorical__Product ID_L54939,0.0004934508006694101
categorical__Product ID_L50530,0.000491887067390441
categorical__Product ID_H33665,0.0004794498524048951
categorical__Product ID_M19221,0.00047012297809637853
categorical__Product ID_L54943,0.0004677192653319989
categorical__Product ID_L47249,0.0004607446584962041
categorical__Product ID_L51939,0.00046029757359824185
categorical__Product ID_L55375,0.00046015331886073327
categorical__Product ID_H33769,0.00045877324427010793
categorical__Product ID_L51621,0.00045829032510834853
categorical__Product ID_L53435,0.00045748269166967574
categorical__Product ID_H34175,0.0004562579964044284
categorical__Product ID_L48763,0.0004559325254734005
numeric__RNF,0.0004553020665856776
categorical__Product ID_M18981,0.000449609502885716
categorical__Product ID_L51928,0.0004470113479457793
categorical__Product ID_M19416,0.00044407006325118356
categorical__Product ID_L54849,0.00044269096968963396
categorical__Product ID_L55106,0.00044114232546929187
categorical__Product ID_L52116,0.0004403881626561266
categorical__Product ID_L56834,0.0004332811376394813
categorical__Product ID_L51585,0.00043096978594904837
categorical__Product ID_M19525,0.00043039862682177447
categorical__Product ID_L49941,0.0004302862827955221
categorical__Product ID_H34462,0.00042579023834810194
categorical__Product ID_M19704,0.0004256255749632735
categorical__Product ID_M20261,0.00042555357903670775
categorical__Product ID_L47340,0.00042210378259722575
categorical__Product ID_L51365,0.0004205321807979404
categorical__Product ID_M16184,0.00041996895763068254
categorical__Product ID_L54347,0.00041761961675810486
categorical__Product ID_H33894,0.0004149031222248378
categorical__Product ID_L55617,0.00041267858010842466
categorical__Product ID_L51212,0.00041259180275069173
categorical__Product ID_L50864,0.0004112103136565143
categorical__Product ID_M19013,0.00041067878137435225
categorical__Product ID_L51738,0.0004087890091414776
categorical__Product ID_L50967,0.00040780152379734887
categorical__Product ID_L51791,0.0004075757227020571
categorical__Product ID_L51831,0.0004049885925021521
categorical__Product ID_L48599,0.00040461735848032715
categorical__Product ID_L52241,0.0004040848739279878
categorical__Product ID_L51344,0.0004013824626953245
categorical__Product ID_L57154,0.00040103030455349026
categorical__Product ID_L51299,0.0003998736566808597
categorical__Product ID_L51503,0.00039943999626104563
categorical__Product ID_L53428,0.00039835786198452527
categorical__Product ID_M19597,0.0003954472752632125
categorical__Product ID_L52156,0.0003934813152680536
categorical__Product ID_L51508,0.00039065655253114353
categorical__Product ID_L53853,0.000390226748347093
categorical__Product ID_L50973,0.00039022507909341564
categorical__Product ID_L48341,0.0003887491153335538
categorical__Product ID_M19113,0.000387595593291162
categorical__Product ID_L50199,0.0003820142829980496
categorical__Product ID_L50446,0.00037582572094248024
categorical__Product ID_M18884,0.00037485221872536395
categorical__Product ID_L52399,0.00037298327368681444
categorical__Product ID_L52100,0.0003726542614477071
categorical__Product ID_L51391,0.00037174800434750617
categorical__Product ID_L51759,0.00036689852829747396
categorical__Product ID_L51801,0.00036560692502372963
categorical__Product ID_L51465,0.00035992886513559394
categorical__Product ID_L52020,0.0003599164709616327
categorical__Product ID_L51337,0.00035773514393460786
categorical__Product ID_L56264,0.0003555012208787499
categorical__Product ID_L51586,0.00035466610250920366
categorical__Product ID_L50708,0.00035280695449326947
categorical__Product ID_L51427,0.0003526178586325414
categorical__Product ID_L56839,0.0003499931201831122
categorical__Product ID_L54773,0.00034743730758746887
categorical__Product ID_L51898,0.00034562932256666264
categorical__Product ID_L51276,0.00034557922930123424
categorical__Product ID_L51462,0.0003454057314878762
categorical__Product ID_L51405,0.0003434740879954276
categorical__Product ID_M19269,0.0003415282828234828
categorical__Product ID_L48515,0.0003388730708795472
categorical__Product ID_L51950,0.00033603234978578773
categorical__Product ID_L51919,0.0003349098381663354
categorical__Product ID_L51267,0.0003333423574588571
categorical__Product ID_L51297,0.0003321659967520146
categorical__Product ID_L50536,0.00033007900266565887
categorical__Product ID_L52670,0.00032993261042019796
categorical__Product ID_L54689,0.00032762808559107123
categorical__Product ID_L52914,0.0003255854546151962
categorical__Product ID_L54263,0.0003248529607001628
categorical__Product ID_L51690,0.00032454906482082973
categorical__Product ID_L51903,0.00032330730344668987
categorical__Product ID_L51628,0.00032318249271342365
categorical__Product ID_L51506,0.0003188919574896827
categorical__Product ID_L51580,0.0003174999455789183
categorical__Product ID_L52016,0.0003158627682607558
categorical__Product ID_L51750,0.00030579440538214763
categorical__Product ID_L51429,0.00030379144069220596
categorical__Product ID_L51362,0.000303247404035229
categorical__Product ID_L52011,0.0002982086449000897
categorical__Product ID_L51364,0.00028626297231701777
categorical__Product ID_L51681,0.000285506459558885
categorical__Product ID_L51320,0.0002794566087067938
categorical__Product ID_L52164,0.00027920661554320755
categorical__Product ID_L55372,0.0002705679511086855
categorical__Product ID_L51800,0.0002697263916562042
categorical__Product ID_L51615,0.00026327588934248235
categorical__Product ID_L51948,0.0002613482667034535
categorical__Product ID_L51882,0.000251838474323052
categorical__Product ID_L51597,0.0002493487750064553
categorical__Product ID_L51601,0.0002418412146164596
categorical__Product ID_L51318,0.00023951449558888942
categorical__Product ID_L51642,0.00023486247392357125
categorical__Product ID_H35323,0.00022529854856549408
categorical__Product ID_L48676,0.00021970747174344902
categorical__Product ID_M20254,0.00020445290278560966
categorical__Product ID_L51550,0.00019773454295611578
categorical__Product ID_L51123,0.00018155768828237334
categorical__Product ID_L51434,0.00017351362713300945
categorical__Product ID_L51823,0.0001706414581039997
categorical__Product ID_L51034,0.00015699157315535736
categorical__Product ID_L51909,0.0001480500712736607
categorical__Product ID_L51563,0.00014531443360476314
categorical__Product ID_L51822,0.00014020532241832933
categorical__Product ID_L51371,7.20403981972255e-05
categorical__Product ID_M18537,6.505522222441391e-05
categorical__Product ID_M19080,6.286162169355751e-05
categorical__Product ID_L51294,6.244867659702699e-05
categorical__Product ID_L51250,6.16646647001791e-05
categorical__Product ID_L50822,5.829033110337158e-05
categorical__Product ID_L50746,5.7199374170084645e-05
categorical__Product ID_L50989,5.715302833369955e-05
categorical__Product ID_L51086,5.6634910358962666e-05
categorical__Product ID_L51908,5.562590182849791e-05
categorical__Product ID_L51187,5.482826559105657e-05
categorical__Product ID_M18525,5.163826223270684e-05
categorical__Product ID_L50668,5.132767097195815e-05
categorical__Product ID_L52085,5.087302465821537e-05
categorical__Product ID_L51396,5.048629189445722e-05
categorical__Product ID_L51054,4.945511993380348e-05
categorical__Product ID_M19093,4.9094640101613113e-05
categorical__Product ID_L48793,4.8570087236718985e-05
categorical__Product ID_L51290,4.8538804024515744e-05
categorical__Product ID_L52372,4.850650703732119e-05
categorical__Product ID_M18638,4.822703439034402e-05
categorical__Product ID_L54077,4.741975124587591e-05
categorical__Product ID_L51203,4.7406894980085586e-05
categorical__Product ID_L53262,4.677033333427403e-05
categorical__Product ID_M18872,4.6630802050663886e-05
categorical__Product ID_L50935,4.6607168246642424e-05
categorical__Product ID_L50944,4.6541442696307774e-05
categorical__Product ID_L52042,4.6524058634720035e-05
categorical__Product ID_L51184,4.556778016818313e-05
categorical__Product ID_L51200,4.5510684560681974e-05
categorical__Product ID_L48771,4.5406183719980064e-05
categorical__Product ID_M20111,4.414129413741234e-05
categorical__Product ID_L54261,4.3960857868365076e-05
categorical__Product ID_L52201,4.39117861067106e-05
categorical__Product ID_L50676,4.389585629941341e-05
categorical__Product ID_L50644,4.360393404801344e-05
categorical__Product ID_M19847,4.358363102548232e-05
categorical__Product ID_M18778,4.3454284446814045e-05
categorical__Product ID_L52892,4.340012064741013e-05
categorical__Product ID_L51298,4.338899162587631e-05
categorical__Product ID_L54717,4.336655854588322e-05
categorical__Product ID_H32906,4.331928647304738e-05
categorical__Product ID_L50678,4.286978026865666e-05
categorical__Product ID_L50786,4.2814893285438546e-05
categorical__Product ID_L54671,4.2724007537217486e-05
categorical__Product ID_L50748,4.248978032306958e-05
categorical__Product ID_L51138,4.221983696642934e-05
categorical__Product ID_L52119,4.200462472597494e-05
categorical__Product ID_L55157,4.193068693476305e-05
categorical__Product ID_M18752,4.182449253165806e-05
categorical__Product ID_L53501,4.156271853705276e-05
categorical__Product ID_L49796,4.1524341822671504e-05
categorical__Product ID_L54305,4.1353137812660096e-05
categorical__Product ID_M19238,4.1329726578921855e-05
categorical__Product ID_L52830,4.126409893607086e-05
categorical__Product ID_L49211,4.096234951778127e-05
categorical__Product ID_M18409,4.0684019362374116e-05
categorical__Product ID_L52592,4.05309816071344e-05
categorical__Product ID_L51173,4.041506111385681e-05
categorical__Product ID_L52052,4.0410523758323544e-05
categorical__Product ID_L50031,4.040444983072042e-05
categorical__Product ID_L51618,4.030532389646328e-05
categorical__Product ID_L53682,3.992900251085893e-05
categorical__Product ID_L53797,3.989824450136506e-05
categorical__Product ID_L55616,3.9635734951117844e-05
categorical__Product ID_M18406,3.9589883962367656e-05
categorical__Product ID_M20351,3.957365294539005e-05
categorical__Product ID_L51913,3.943956119223606e-05
categorical__Product ID_M18771,3.9404598071112034e-05
categorical__Product ID_L52527,3.929713807161195e-05
categorical__Product ID_L52035,3.910174835267719e-05
categorical__Product ID_H33529,3.9091923689437745e-05
categorical__Product ID_M18193,3.851222151751277e-05
categorical__Product ID_L53617,3.817967969695513e-05
categorical__Product ID_M17042,3.816280190926662e-05
categorical__Product ID_L55542,3.8097311499568704e-05
categorical__Product ID_L52038,3.801491598555861e-05
categorical__Product ID_M18486,3.7766955160725935e-05
categorical__Product ID_M21554,3.764533879392432e-05
categorical__Product ID_L54250,3.762781479839125e-05
categorical__Product ID_L50624,3.738250749357755e-05
categorical__Product ID_L49816,3.712658562598512e-05
categorical__Product ID_L50197,3.709961080659545e-05
categorical__Product ID_L51742,3.7017676560340596e-05
categorical__Product ID_L54373,3.6751022131094884e-05
categorical__Product ID_H32915,3.577466224725324e-05
categorical__Product ID_L54022,3.5662284510352715e-05
categorical__Product ID_L55635,3.5660368360173704e-05
categorical__Product ID_L55554,3.565029796442661e-05
categorical__Product ID_L55579,3.561658891445158e-05
categorical__Product ID_L49523,3.55228906507444e-05
categorical__Product ID_L56345,3.549971008585353e-05
categorical__Product ID_L53851,3.53657422113414e-05
categorical__Product ID_L52481,3.535332160957976e-05
categorical__Product ID_L52871,3.5338089197527334e-05
categorical__Product ID_L52569,3.532917147959533e-05
categorical__Product ID_L54044,3.522008976838568e-05
categorical__Product ID_M20182,3.514888630051616e-05
categorical__Product ID_L51555,3.507004242909132e-05
categorical__Product ID_L54924,3.500566315242094e-05
categorical__Product ID_L52007,3.499276078333082e-05
categorical__Product ID_L50854,3.4980034303770315e-05
categorical__Product ID_L52956,3.4904852899157695e-05
categorical__Product ID_L52877,3.483051621312844e-05
categorical__Product ID_M18592,3.478109293361335e-05
categorical__Product ID_M18694,3.46390193407837e-05
categorical__Product ID_M20481,3.450586923447858e-05
categorical__Product ID_L51473,3.450408932979028e-05
categorical__Product ID_L50917,3.441083460503456e-05
categorical__Product ID_L55452,3.437264342900488e-05
categorical__Product ID_L47609,3.427293854076887e-05
categorical__Product ID_L48638,3.42352473666838e-05
categorical__Product ID_L52101,3.411369347501843e-05
categorical__Product ID_L56890,3.406500809018836e-05
categorical__Product ID_L54192,3.394600802444932e-05
categorical__Product ID_H35163,3.379869135016724e-05
categorical__Product ID_L53901,3.370477769023286e-05
categorical__Product ID_L50674,3.369260001225148e-05
categorical__Product ID_L51813,3.3584810358604346e-05
categorical__Product ID_L51407,3.351592647370591e-05
categorical__Product ID_L52896,3.349860547017576e-05
categorical__Product ID_L50163,3.3330309128679944e-05
categorical__Product ID_M21503,3.319585607285657e-05
categorical__Product ID_L53172,3.3106363080150944e-05
categorical__Product ID_L52575,3.30605261459256e-05
categorical__Product ID_L56221,3.303888114457526e-05
categorical__Product ID_H31269,3.3029918188407364e-05
categorical__Product ID_L49885,3.300612906286589e-05
categorical__Product ID_M21785,3.2851855655693165e-05
categorical__Product ID_L55027,3.284458556244631e-05
categorical__Product ID_M17483,3.277503543918683e-05
categorical__Product ID_M17146,3.272991640859668e-05
categorical__Product ID_L53611,3.2723065316059864e-05
categorical__Product ID_L50764,3.2673842606550434e-05
categorical__Product ID_L53349,3.2656505063433886e-05
categorical__Product ID_M20321,3.262496725019822e-05
categorical__Product ID_L52242,3.2357847009875976e-05
categorical__Product ID_L52949,3.232089632126358e-05
categorical__Product ID_L52444,3.221245827064636e-05
categorical__Product ID_L49056,3.205006319513972e-05
categorical__Product ID_M22333,3.198078445903867e-05
categorical__Product ID_M19812,3.196726701109002e-05
categorical__Product ID_L51818,3.195035509380441e-05
categorical__Product ID_L50095,3.194373561024956e-05
categorical__Product ID_L53263,3.1913455916371e-05
categorical__Product ID_H34790,3.1716245706053186e-05
categorical__Product ID_M20088,3.1549764987741704e-05
categorical__Product ID_M18512,3.153434471980021e-05
categorical__Product ID_L51505,3.152068547042101e-05
categorical__Product ID_L52941,3.1428756048070224e-05
categorical__Product ID_M16334,3.1401035851286085e-05
categorical__Product ID_L50691,3.136426333957197e-05
categorical__Product ID_L51231,3.128511229776712e-05
categorical__Product ID_L52047,3.1267448041466704e-05
categorical__Product ID_L50956,3.1255497256135944e-05
categorical__Product ID_M20390,3.1240713030336976e-05
categorical__Product ID_L50548,3.121035326412392e-05
categorical__Product ID_M16830,3.114872919964422e-05
categorical__Product ID_M19660,3.110259046926361e-05
categorical__Product ID_M22489,3.1044231211162916e-05
categorical__Product ID_L53469,3.100508146980106e-05
categorical__Product ID_L52599,3.090354202468511e-05
categorical__Product ID_L52773,3.0850964778197386e-05
categorical__Product ID_L55207,3.0835361091180216e-05
categorical__Product ID_M15854,3.074949363326542e-05
categorical__Product ID_L51962,3.074717254243964e-05
categorical__Product ID_L51874,3.072620048314615e-05
categorical__Product ID_L48433,3.068189025484546e-05
categorical__Product ID_H35390,3.043006638000731e-05
categorical__Product ID_L52058,3.03531139888634e-05
categorical__Product ID_L52237,3.0334737369662994e-05
categorical__Product ID_H34017,3.0328670631920387e-05
categorical__Product ID_L52782,3.0298395493372606e-05
categorical__Product ID_L47895,3.0290575018805554e-05
categorical__Product ID_M20616,3.0277984572117145e-05
categorical__Product ID_L50341,3.025175581218696e-05
categorical__Product ID_L54602,3.018584092755042e-05
categorical__Product ID_L51843,3.006854229480487e-05
categorical__Product ID_L51824,3.0061904191488422e-05
categorical__Product ID_L51040,3.0059611163989386e-05
categorical__Product ID_L48312,3.0056688829058e-05
categorical__Product ID_M22155,3.0028212887844896e-05
categorical__Product ID_L48430,2.9954645958212584e-05
categorical__Product ID_M18969,2.990897478654278e-05
categorical__Product ID_L55006,2.9818795876646984e-05
categorical__Product ID_M22863,2.9782197056721798e-05
categorical__Product ID_L51304,2.966400894180095e-05
categorical__Product ID_M18412,2.9490983063951715e-05
categorical__Product ID_L49513,2.947926448070215e-05
categorical__Product ID_L51560,2.9447712674993368e-05
categorical__Product ID_L51921,2.944236071920277e-05
categorical__Product ID_L54382,2.940132636316578e-05
categorical__Product ID_L53942,2.9327885212956185e-05
categorical__Product ID_L48834,2.9186749676935938e-05
categorical__Product ID_L53519,2.916422295069655e-05
categorical__Product ID_M18176,2.9156923052194138e-05
categorical__Product ID_L49322,2.912131095261937e-05
categorical__Product ID_L53169,2.9105271764451322e-05
categorical__Product ID_L52688,2.8939988416543568e-05
categorical__Product ID_L52673,2.8913236274974225e-05
categorical__Product ID_L47932,2.8725814443712135e-05
categorical__Product ID_L55110,2.8719294747456575e-05
categorical__Product ID_L53852,2.871311531154284e-05
categorical__Product ID_M18545,2.87062330095768e-05
categorical__Product ID_L52566,2.870413479280038e-05
categorical__Product ID_M18247,2.868814275916575e-05
categorical__Product ID_L52542,2.868638748887579e-05
categorical__Product ID_L50582,2.8678982923246056e-05
categorical__Product ID_L55190,2.8599743557856198e-05
categorical__Product ID_L50201,2.8594315805126036e-05
categorical__Product ID_L52030,2.8558678579391818e-05
categorical__Product ID_H33905,2.8500301529517055e-05
categorical__Product ID_M21656,2.8498033383466778e-05
categorical__Product ID_L53101,2.8294931839161142e-05
categorical__Product ID_L55784,2.820799106830993e-05
categorical__Product ID_L49132,2.8130707077158166e-05
categorical__Product ID_M20494,2.8117908758057336e-05
categorical__Product ID_L54014,2.799722252344997e-05
categorical__Product ID_L48733,2.797024829381594e-05
categorical__Product ID_L49345,2.794428755429308e-05
categorical__Product ID_M19695,2.7911997830616925e-05
categorical__Product ID_L54121,2.789740163900721e-05
categorical__Product ID_M20076,2.787661460518645e-05
categorical__Product ID_L51910,2.7856873018388347e-05
categorical__Product ID_L54702,2.7826403188253977e-05
categorical__Product ID_L54452,2.7810496835500695e-05
categorical__Product ID_M21511,2.7807423494949524e-05
categorical__Product ID_L52524,2.7798468799059733e-05
categorical__Product ID_M22560,2.7793148131228644e-05
categorical__Product ID_L47583,2.770060644695202e-05
categorical__Product ID_L52567,2.7691515194890875e-05
categorical__Product ID_L54103,2.7673863698605895e-05
categorical__Product ID_L47762,2.765027148520267e-05
categorical__Product ID_L56696,2.7578656691180017e-05
categorical__Product ID_L55318,2.7535202810479226e-05
categorical__Product ID_L53078,2.751739169191962e-05
categorical__Product ID_L47436,2.75039303542738e-05
categorical__Product ID_M19825,2.7473183569235675e-05
categorical__Product ID_L51825,2.7438021053903508e-05
categorical__Product ID_L52400,2.7424241792523144e-05
categorical__Product ID_L55044,2.734094739042495e-05
categorical__Product ID_L51914,2.7303319616231497e-05
categorical__Product ID_M20385,2.7285088547312935e-05
categorical__Product ID_M19662,2.7282585702601667e-05
categorical__Product ID_L56277,2.7153291857792016e-05
categorical__Product ID_L55785,2.6893721544145963e-05
categorical__Product ID_L51481,2.6806512704857973e-05
categorical__Product ID_L55701,2.666232260661141e-05
categorical__Product ID_L53526,2.6634765723780067e-05
categorical__Product ID_L53578,2.65644842110566e-05
categorical__Product ID_L54626,2.6490844635267586e-05
categorical__Product ID_L48352,2.6461067994562603e-05
categorical__Product ID_L51793,2.6457302446798543e-05
categorical__Product ID_L52915,2.6425672720715666e-05
categorical__Product ID_L53005,2.6405295903443765e-05
categorical__Product ID_L53764,2.639152183959069e-05
categorical__Product ID_L54735,2.6311821627565354e-05
categorical__Product ID_L53870,2.630440212685135e-05
categorical__Product ID_M18929,2.630311769401447e-05
categorical__Product ID_L49588,2.622823449587603e-05
categorical__Product ID_L55396,2.6216367336489217e-05
categorical__Product ID_L49830,2.621075777659539e-05
categorical__Product ID_M19929,2.620160265765705e-05
categorical__Product ID_L56837,2.61111027690064e-05
categorical__Product ID_L52285,2.6106815186637255e-05
categorical__Product ID_L50540,2.6084618254265423e-05
categorical__Product ID_M21304,2.6077502812974184e-05
categorical__Product ID_L49486,2.6021686945129456e-05
categorical__Product ID_L52500,2.596610671072903e-05
categorical__Product ID_L52184,2.592164062342086e-05
categorical__Product ID_L49763,2.5858360272552644e-05
categorical__Product ID_L55018,2.5824923009088444e-05
categorical__Product ID_L55610,2.58160780264898e-05
categorical__Product ID_L53273,2.5798346345678912e-05
categorical__Product ID_M18976,2.5789494960138098e-05
categorical__Product ID_M18840,2.5710855701551395e-05
categorical__Product ID_L51623,2.5680738811924147e-05
categorical__Product ID_L56850,2.5641640165714943e-05
categorical__Product ID_M21996,2.5615884583609058e-05
categorical__Product ID_H34312,2.5613320773215373e-05
categorical__Product ID_L55358,2.5572954419533303e-05
categorical__Product ID_L54518,2.5549920291736936e-05
categorical__Product ID_L52255,2.55087375532372e-05
categorical__Product ID_L53148,2.55051604065268e-05
categorical__Product ID_L49343,2.5481168973612607e-05
categorical__Product ID_L50205,2.54766373434542e-05
categorical__Product ID_L47740,2.5360012889249168e-05
categorical__Product ID_M20764,2.533258957358212e-05
categorical__Product ID_L52332,2.5249701993502548e-05
categorical__Product ID_L52207,2.5136771418512647e-05
categorical__Product ID_M20449,2.5032239176204094e-05
categorical__Product ID_L54781,2.4991374524742628e-05
categorical__Product ID_L56185,2.4978192887689142e-05
categorical__Product ID_L47682,2.4965564261503213e-05
categorical__Product ID_M22144,2.4949347428123303e-05
categorical__Product ID_L53343,2.4934023232464098e-05
categorical__Product ID_L54184,2.491178049665881e-05
categorical__Product ID_M16367,2.4880374818155407e-05
categorical__Product ID_L48528,2.48726351091391e-05
categorical__Product ID_L53863,2.482060001153889e-05
categorical__Product ID_H30587,2.4804728370738603e-05
categorical__Product ID_L47306,2.4751215919459613e-05
categorical__Product ID_L52857,2.471586038676099e-05
categorical__Product ID_M21683,2.4702144578604214e-05
categorical__Product ID_L54494,2.4699584828177536e-05
categorical__Product ID_L53171,2.4694162050176996e-05
categorical__Product ID_M19586,2.467724265723331e-05
categorical__Product ID_L51814,2.461917770350729e-05
categorical__Product ID_L51912,2.457353412179444e-05
categorical__Product ID_L49190,2.454055884815869e-05
categorical__Product ID_L51177,2.4538835531717786e-05
categorical__Product ID_L49342,2.4528143549467218e-05
categorical__Product ID_L53640,2.4522859135922083e-05
categorical__Product ID_L51422,2.4493066458137185e-05
categorical__Product ID_L54264,2.447391378868655e-05
categorical__Product ID_L49940,2.4468702525840246e-05
categorical__Product ID_H33390,2.4456534000102296e-05
categorical__Product ID_L51385,2.4430902552417594e-05
categorical__Product ID_L51284,2.4429668767636405e-05
categorical__Product ID_H36288,2.441176756135803e-05
categorical__Product ID_L52655,2.4407426840129318e-05
categorical__Product ID_L49446,2.440199541822951e-05
categorical__Product ID_L48345,2.4379282835628976e-05
categorical__Product ID_L49879,2.4359765375073712e-05
categorical__Product ID_L53848,2.433261244273295e-05
categorical__Product ID_L56674,2.4309390469048276e-05
categorical__Product ID_L56869,2.430430069114627e-05
categorical__Product ID_L55141,2.4208095668605886e-05
categorical__Product ID_L52488,2.413846531440332e-05
categorical__Product ID_L48503,2.411970790004098e-05
categorical__Product ID_L54856,2.4117700760502258e-05
categorical__Product ID_H34262,2.4105123150465757e-05
categorical__Product ID_L51207,2.4084372144111356e-05
categorical__Product ID_M18830,2.405962577616538e-05
categorical__Product ID_L50351,2.402099545237378e-05
categorical__Product ID_L47945,2.401569029016245e-05
categorical__Product ID_L56849,2.399510532063035e-05
categorical__Product ID_M18516,2.3988059206100137e-05
categorical__Product ID_L55033,2.3851888711488002e-05
categorical__Product ID_L55118,2.383035092381228e-05
categorical__Product ID_L52127,2.375307978825007e-05
categorical__Product ID_M17071,2.364311436988475e-05
categorical__Product ID_L50088,2.363846957295688e-05
categorical__Product ID_L55451,2.363649644218627e-05
categorical__Product ID_H34909,2.3624729232434013e-05
categorical__Product ID_L50627,2.3591889901149862e-05
categorical__Product ID_M17683,2.3588615789912404e-05
categorical__Product ID_L56519,2.3552676022198426e-05
categorical__Product ID_M22546,2.3536737775600184e-05
categorical__Product ID_L55261,2.351902237051428e-05
categorical__Product ID_M20244,2.3480857234826196e-05
categorical__Product ID_L51119,2.337524193603883e-05
categorical__Product ID_L57058,2.3354892278928567e-05
categorical__Product ID_M23877,2.3331251816921357e-05
categorical__Product ID_L55810,2.331657329897588e-05
categorical__Product ID_L48343,2.328142774126138e-05
categorical__Product ID_L51317,2.323196792460377e-05
categorical__Product ID_L56838,2.321613223112706e-05
categorical__Product ID_L55138,2.310630345310323e-05
categorical__Product ID_L54855,2.3090127650968627e-05
categorical__Product ID_L55208,2.308893525705324e-05
categorical__Product ID_L55712,2.3077196631891975e-05
categorical__Product ID_M22100,2.3020391291311625e-05
categorical__Product ID_L53856,2.2984866679271327e-05
categorical__Product ID_H35640,2.2964349843488833e-05
categorical__Product ID_L56936,2.2946157460434184e-05
categorical__Product ID_M19136,2.2909836620093522e-05
categorical__Product ID_L49048,2.288464690584084e-05
categorical__Product ID_L48684,2.287771584981155e-05
categorical__Product ID_M17361,2.2873066269523136e-05
categorical__Product ID_L55076,2.2813515002586343e-05
categorical__Product ID_L51247,2.2753962331632557e-05
categorical__Product ID_L49488,2.2746924851861116e-05
categorical__Product ID_L52942,2.2721173515320115e-05
categorical__Product ID_L52412,2.2688190618181802e-05
categorical__Product ID_L50583,2.267612163764613e-05
categorical__Product ID_L51636,2.2661019147892827e-05
categorical__Product ID_L48798,2.2654010128309517e-05
categorical__Product ID_L51352,2.2615614730762817e-05
categorical__Product ID_L48282,2.2614651604329268e-05
categorical__Product ID_M18591,2.261252768929663e-05
categorical__Product ID_L47761,2.2590730936508692e-05
categorical__Product ID_H34253,2.2582236468467625e-05
categorical__Product ID_L55354,2.2567703695690164e-05
categorical__Product ID_H31178,2.2556740408330436e-05
categorical__Product ID_L52576,2.254385698112188e-05
categorical__Product ID_L50370,2.249514665046513e-05
categorical__Product ID_L54863,2.2486777194386702e-05
categorical__Product ID_L47853,2.2462416101706113e-05
categorical__Product ID_M17574,2.2384797512614726e-05
categorical__Product ID_L50924,2.2379856768813736e-05
categorical__Product ID_H30743,2.237318531328873e-05
categorical__Product ID_M20352,2.235403653229787e-05
categorical__Product ID_L48859,2.235169741745412e-05
categorical__Product ID_H32755,2.228811585304421e-05
categorical__Product ID_L52080,2.22837209621387e-05
categorical__Product ID_M20850,2.2257563652529602e-05
categorical__Product ID_L53226,2.224741046491834e-05
categorical__Product ID_L51475,2.2203637111821464e-05
categorical__Product ID_L50203,2.21810336663522e-05
categorical__Product ID_L51820,2.2175130083980023e-05
categorical__Product ID_L55204,2.215983728147871e-05
categorical__Product ID_L50034,2.2159837096178543e-05
categorical__Product ID_M19066,2.2087095746366067e-05
categorical__Product ID_M20749,2.2082575951949646e-05
categorical__Product ID_L48696,2.20589378911051e-05
categorical__Product ID_L51961,2.20572393991482e-05
categorical__Product ID_L54368,2.2038545122957832e-05
categorical__Product ID_L52432,2.203288033826139e-05
categorical__Product ID_M22422,2.1957222652989805e-05
categorical__Product ID_L51479,2.1896767129646114e-05
categorical__Product ID_M19372,2.1891081999958524e-05
categorical__Product ID_L53685,2.1871216120466278e-05
categorical__Product ID_L54265,2.1794219529687033e-05
categorical__Product ID_L50698,2.176242623435679e-05
categorical__Product ID_L49942,2.1760972754809058e-05
categorical__Product ID_L51070,2.1746627587873463e-05
categorical__Product ID_L56162,2.1727120224192113e-05
categorical__Product ID_L47936,2.170527073642716e-05
categorical__Product ID_L54830,2.170233781390763e-05
categorical__Product ID_L51779,2.1689922817393276e-05
categorical__Product ID_L50335,2.168487694277026e-05
categorical__Product ID_L57013,2.167127743142482e-05
categorical__Product ID_L52708,2.1649477499893438e-05
categorical__Product ID_M15307,2.1638039402621992e-05
categorical__Product ID_M19250,2.1635011171384295e-05
categorical__Product ID_L52651,2.1598963668855318e-05
categorical__Product ID_L48927,2.1576417156119694e-05
categorical__Product ID_L56766,2.1496963753869054e-05
categorical__Product ID_L53260,2.149561949579929e-05
categorical__Product ID_M16226,2.1433025623214162e-05
categorical__Product ID_L54686,2.1430534977187377e-05
categorical__Product ID_L57057,2.1426122650989098e-05
categorical__Product ID_L48705,2.1413107662386388e-05
categorical__Product ID_M19352,2.1412967361756855e-05
categorical__Product ID_H35932,2.1404975806723582e-05
categorical__Product ID_L52666,2.1343810996431813e-05
categorical__Product ID_L52783,2.1335773620368346e-05
categorical__Product ID_M21157,2.1331627515959337e-05
categorical__Product ID_L51852,2.1325667344428548e-05
categorical__Product ID_M23716,2.1322295894793178e-05
categorical__Product ID_L53622,2.131259726901394e-05
categorical__Product ID_L49508,2.1296493538661017e-05
categorical__Product ID_L47252,2.1285065090117826e-05
categorical__Product ID_M22795,2.125250814412012e-05
categorical__Product ID_M20978,2.1240529578841517e-05
categorical__Product ID_L51213,2.1237826651747234e-05
categorical__Product ID_M19407,2.121452481646368e-05
categorical__Product ID_M18384,2.117569663991112e-05
categorical__Product ID_M20469,2.117425369631293e-05
categorical__Product ID_L51546,2.1171861798724246e-05
categorical__Product ID_M24617,2.112229026834673e-05
categorical__Product ID_L55116,2.111803766895881e-05
categorical__Product ID_M21264,2.1102683998472898e-05
categorical__Product ID_L50241,2.1098010001928526e-05
categorical__Product ID_L52430,2.105774108849713e-05
categorical__Product ID_L47938,2.100739211117402e-05
categorical__Product ID_L49912,2.1005062396036322e-05
categorical__Product ID_L55776,2.0972430624489157e-05
categorical__Product ID_L52812,2.096712119485728e-05
categorical__Product ID_L48117,2.0928810193420545e-05
categorical__Product ID_L52937,2.0925872616173683e-05
categorical__Product ID_L54183,2.090596961383369e-05
categorical__Product ID_L50541,2.09020056633929e-05
categorical__Product ID_L52878,2.0884071381288862e-05
categorical__Product ID_L52917,2.085063918704816e-05
categorical__Product ID_L54865,2.0826811605709932e-05
categorical__Product ID_L52066,2.082068874152622e-05
categorical__Product ID_L53855,2.0818723281988656e-05
categorical__Product ID_L56899,2.08143383523106e-05
categorical__Product ID_L49344,2.0806449873003108e-05
categorical__Product ID_L55946,2.079056640354775e-05
categorical__Product ID_L55111,2.0780636541545115e-05
categorical__Product ID_L47319,2.0755200358649045e-05
categorical__Product ID_L55117,2.0739015907199615e-05
categorical__Product ID_L51534,2.0718144071098805e-05
categorical__Product ID_L47933,2.0711055218439476e-05
categorical__Product ID_L50120,2.0684153566717625e-05
categorical__Product ID_L48266,2.068175903565297e-05
categorical__Product ID_H32875,2.067901331862729e-05
categorical__Product ID_L50970,2.065336889649085e-05
categorical__Product ID_L49151,2.060904647633054e-05
categorical__Product ID_L49419,2.0605961925200975e-05
categorical__Product ID_L51703,2.057795460547645e-05
categorical__Product ID_L56773,2.048872009069124e-05
categorical__Product ID_M16130,2.0467929315220693e-05
categorical__Product ID_L53938,2.0450060610094616e-05
categorical__Product ID_L47773,2.0429750937363263e-05
categorical__Product ID_L48773,2.0425469183555466e-05
categorical__Product ID_L52828,2.0417176514846828e-05
categorical__Product ID_L53225,2.038853270561673e-05
categorical__Product ID_M24356,2.0380849827419107e-05
categorical__Product ID_M20509,2.0380475397730003e-05
categorical__Product ID_L56516,2.0344152814862832e-05
categorical__Product ID_L57011,2.0338528285631072e-05
categorical__Product ID_L49760,2.0337429951541772e-05
categorical__Product ID_M22376,2.0323836271558335e-05
categorical__Product ID_L47981,2.0312529795867395e-05
categorical__Product ID_L47317,2.0311508518286323e-05
categorical__Product ID_M24350,2.030856838967852e-05
categorical__Product ID_L47349,2.0287276372430327e-05
categorical__Product ID_H32274,2.027221428948555e-05
categorical__Product ID_L52158,2.024376844553497e-05
categorical__Product ID_M19945,2.0213586129627904e-05
categorical__Product ID_L57099,2.018252936684846e-05
categorical__Product ID_L49180,2.017946036724907e-05
categorical__Product ID_L51977,2.0176588652777823e-05
categorical__Product ID_L56536,2.012512641224528e-05
categorical__Product ID_M18153,2.0093129626234164e-05
categorical__Product ID_M19233,2.004089465450076e-05
categorical__Product ID_M18595,2.0007574696308662e-05
categorical__Product ID_L50615,1.9983407196413146e-05
categorical__Product ID_L52162,1.9963538612662444e-05
categorical__Product ID_L52652,1.9953050305203508e-05
categorical__Product ID_M20421,1.9951690927214184e-05
categorical__Product ID_M20257,1.9894664073437254e-05
categorical__Product ID_M19761,1.9823074032568263e-05
categorical__Product ID_L54946,1.9787747791423407e-05
categorical__Product ID_M20248,1.9779033621930267e-05
categorical__Product ID_M22368,1.9753447285055892e-05
categorical__Product ID_L54964,1.9750913781702804e-05
categorical__Product ID_L51043,1.973354089330514e-05
categorical__Product ID_M23954,1.9732305384889546e-05
categorical__Product ID_L51953,1.972984723302579e-05
categorical__Product ID_L51248,1.972024956716165e-05
categorical__Product ID_M23918,1.964344873665532e-05
categorical__Product ID_L48855,1.963977059053463e-05
categorical__Product ID_L54517,1.9633079031337847e-05
categorical__Product ID_M16233,1.959191857734765e-05
categorical__Product ID_L53175,1.9591509205658056e-05
categorical__Product ID_L48646,1.9544129936068068e-05
categorical__Product ID_H37110,1.9471281956642296e-05
categorical__Product ID_M18051,1.9388585191628755e-05
categorical__Product ID_L49397,1.9378998112174762e-05
categorical__Product ID_L53518,1.937374125433947e-05
categorical__Product ID_L51819,1.9321263944412466e-05
categorical__Product ID_M18721,1.9312232321490612e-05
categorical__Product ID_L52653,1.9290154047237704e-05
categorical__Product ID_M18739,1.9283410981899122e-05
categorical__Product ID_M19063,1.9259334065480343e-05
categorical__Product ID_M16454,1.9250350444241562e-05
categorical__Product ID_L52998,1.924327841214143e-05
categorical__Product ID_L53857,1.9240786298927392e-05
categorical__Product ID_L47255,1.9222773240145826e-05
categorical__Product ID_M20334,1.9205723754602287e-05
categorical__Product ID_L50660,1.9205200750464022e-05
categorical__Product ID_L47941,1.92030901168136e-05
categorical__Product ID_L49509,1.9167691088725547e-05
categorical__Product ID_L49483,1.91644871397393e-05
categorical__Product ID_L54982,1.9117561652260297e-05
categorical__Product ID_L52578,1.910914406189008e-05
categorical__Product ID_L47427,1.910506277740657e-05
categorical__Product ID_L50510,1.910065092567864e-05
categorical__Product ID_L51988,1.9098723908149854e-05
categorical__Product ID_L50996,1.9076203665326257e-05
categorical__Product ID_L56344,1.9029498561126262e-05
categorical__Product ID_L56933,1.9022757112712854e-05
categorical__Product ID_L50039,1.8980700880652484e-05
categorical__Product ID_M16193,1.8947105026653048e-05
categorical__Product ID_M23705,1.8946156594381963e-05
categorical__Product ID_L51545,1.890667815327748e-05
categorical__Product ID_L56848,1.8878573721410076e-05
categorical__Product ID_M18724,1.8858155988214707e-05
categorical__Product ID_L50628,1.8834749892864872e-05
categorical__Product ID_H33443,1.882947819322082e-05
categorical__Product ID_L49075,1.8822242399479412e-05
categorical__Product ID_L54262,1.8806392354643454e-05
categorical__Product ID_L54243,1.8786298990898733e-05
categorical__Product ID_L52884,1.8754987655485476e-05
categorical__Product ID_L52001,1.8751115850582874e-05
categorical__Product ID_M23899,1.874541838535532e-05
categorical__Product ID_L49582,1.874167040900263e-05
categorical__Product ID_L48392,1.8682395019072796e-05
categorical__Product ID_M22285,1.8665893235942496e-05
categorical__Product ID_L55406,1.865546445511077e-05
categorical__Product ID_M19866,1.8640316806513763e-05
categorical__Product ID_M20686,1.8627597053139892e-05
categorical__Product ID_L53261,1.8618131225503873e-05
categorical__Product ID_H30814,1.860351794774823e-05
categorical__Product ID_L49881,1.8596380460387895e-05
categorical__Product ID_L54361,1.858188467086809e-05
categorical__Product ID_L53497,1.8581261418143562e-05
categorical__Product ID_L50196,1.8577528338065286e-05
categorical__Product ID_L55079,1.854967851588932e-05
categorical__Product ID_L48727,1.8532967136130073e-05
categorical__Product ID_L55869,1.852941546321233e-05
categorical__Product ID_M17215,1.8519301851540105e-05
categorical__Product ID_M19154,1.8515848787335503e-05
categorical__Product ID_L49767,1.8506519357592494e-05
categorical__Product ID_L57006,1.8488452912449427e-05
categorical__Product ID_L47405,1.84843132580461e-05
categorical__Product ID_M24437,1.8470095324355283e-05
categorical__Product ID_H33580,1.8465825894117263e-05
categorical__Product ID_L49769,1.8464125394131478e-05
categorical__Product ID_M18149,1.844706493789681e-05
categorical__Product ID_L52572,1.8414451527754216e-05
categorical__Product ID_M15985,1.841025433037894e-05
categorical__Product ID_L51216,1.840768818117205e-05
categorical__Product ID_L54013,1.8403499175768713e-05
categorical__Product ID_H34769,1.8400640051287402e-05
categorical__Product ID_L50554,1.8376118920455926e-05
categorical__Product ID_L48721,1.8374566838768608e-05
categorical__Product ID_H34804,1.836148714481801e-05
categorical__Product ID_L49194,1.833985829547178e-05
categorical__Product ID_L49680,1.8319997395688425e-05
categorical__Product ID_H31496,1.831772908775773e-05
categorical__Product ID_M17853,1.8315471518197744e-05
categorical__Product ID_M18047,1.8255123566815912e-05
categorical__Product ID_M19815,1.8252751651389145e-05
categorical__Product ID_L50285,1.824958006214496e-05
categorical__Product ID_L51665,1.824142358331143e-05
categorical__Product ID_M24117,1.8225234000019586e-05
categorical__Product ID_L48432,1.822137816909723e-05
categorical__Product ID_L48385,1.82109176819545e-05
categorical__Product ID_M21027,1.8200521180908274e-05
categorical__Product ID_L55458,1.8193952712468852e-05
categorical__Product ID_L57168,1.8188375810167368e-05
categorical__Product ID_L49867,1.813248538340563e-05
categorical__Product ID_L48501,1.812972241737063e-05
categorical__Product ID_L54861,1.810727483171788e-05
categorical__Product ID_M17018,1.8105566623208477e-05
categorical__Product ID_L53890,1.8069556857267965e-05
categorical__Product ID_L55112,1.8067276216181165e-05
categorical__Product ID_L50502,1.8061497930700637e-05
categorical__Product ID_M22749,1.804601489268912e-05
categorical__Product ID_L56895,1.8039679480180056e-05
categorical__Product ID_L49868,1.8022561366858903e-05
categorical__Product ID_L51210,1.8021746716902042e-05
categorical__Product ID_L51458,1.8016089932804708e-05
categorical__Product ID_L56772,1.8007935221872952e-05
categorical__Product ID_H34755,1.800766912206904e-05
categorical__Product ID_L50025,1.800646174906775e-05
categorical__Product ID_L49560,1.8001529167392823e-05
categorical__Product ID_H36889,1.799062445572075e-05
categorical__Product ID_M18564,1.7958395120999836e-05
categorical__Product ID_L50042,1.795513704307581e-05
categorical__Product ID_M17359,1.7916976642507426e-05
categorical__Product ID_L54023,1.7916796487345333e-05
categorical__Product ID_L55419,1.787527540960426e-05
categorical__Product ID_L56108,1.7827972849399594e-05
categorical__Product ID_L49078,1.7821153597984427e-05
categorical__Product ID_L47221,1.780104047108152e-05
categorical__Product ID_M19495,1.7788049553110404e-05
categorical__Product ID_L51483,1.773573348334773e-05
categorical__Product ID_M24102,1.7728399448520807e-05
categorical__Product ID_L50030,1.7726611663188865e-05
categorical__Product ID_L48990,1.7676905802456856e-05
categorical__Product ID_L47937,1.767661257830468e-05
categorical__Product ID_L52622,1.767586088567269e-05
categorical__Product ID_L53782,1.7613130276437362e-05
categorical__Product ID_L54680,1.7596746099767586e-05
categorical__Product ID_L54188,1.758961010224066e-05
categorical__Product ID_L48516,1.7586078650703647e-05
categorical__Product ID_L49768,1.7581921916571336e-05
categorical__Product ID_L51363,1.7579315995810873e-05
categorical__Product ID_M19702,1.7576693466181016e-05
categorical__Product ID_H33666,1.757574251083891e-05
categorical__Product ID_L47674,1.7543075710141587e-05
categorical__Product ID_M21555,1.7520277929224148e-05
categorical__Product ID_M21318,1.7514553010635744e-05
categorical__Product ID_L49052,1.7511536668906975e-05
categorical__Product ID_L53768,1.7495298935526182e-05
categorical__Product ID_L54440,1.7441298797037075e-05
categorical__Product ID_L52484,1.7435348851937743e-05
categorical__Product ID_L56400,1.7433264306222732e-05
categorical__Product ID_M17708,1.741643269769932e-05
categorical__Product ID_L49401,1.7413234448794594e-05
categorical__Product ID_L53345,1.7402791848481886e-05
categorical__Product ID_M20939,1.7394151293999098e-05
categorical__Product ID_M20202,1.7390924967626822e-05
categorical__Product ID_M21491,1.738741860541336e-05
categorical__Product ID_M22227,1.738197201281825e-05
categorical__Product ID_H37670,1.7364527998547365e-05
categorical__Product ID_M22703,1.7357976374562726e-05
categorical__Product ID_M23058,1.735392109454119e-05
categorical__Product ID_M15538,1.7349095463438555e-05
categorical__Product ID_M19299,1.7343760926623543e-05
categorical__Product ID_L53174,1.7317375239200315e-05
categorical__Product ID_L53802,1.7317335907839244e-05
categorical__Product ID_M15856,1.728054827405309e-05
categorical__Product ID_L51482,1.7277486733587097e-05
categorical__Product ID_M20347,1.7253707834588112e-05
categorical__Product ID_L52163,1.723164890278535e-05
categorical__Product ID_L51976,1.7230041719879178e-05
categorical__Product ID_M21184,1.7210655063119538e-05
categorical__Product ID_L55335,1.7189459007568775e-05
categorical__Product ID_L48815,1.7175136591126228e-05
categorical__Product ID_M22375,1.7166452047159557e-05
categorical__Product ID_M24520,1.7162201579795678e-05
categorical__Product ID_L57052,1.7116581520582644e-05
categorical__Product ID_L48344,1.7106802935040988e-05
categorical__Product ID_L51929,1.709861573422515e-05
categorical__Product ID_M16537,1.7084583610512565e-05
categorical__Product ID_L51854,1.7075244748250456e-05
categorical__Product ID_L57032,1.706527616249217e-05
categorical__Product ID_L53632,1.7060893793564672e-05
categorical__Product ID_L49335,1.7057359488269288e-05
categorical__Product ID_H30001,1.7042712751961835e-05
categorical__Product ID_L48028,1.7026289920138446e-05
categorical__Product ID_L51652,1.702144314899548e-05
categorical__Product ID_L53992,1.701533630806325e-05
categorical__Product ID_L48765,1.6998954084864e-05
categorical__Product ID_L47302,1.6955432982959588e-05
categorical__Product ID_L52380,1.6946084164597722e-05
categorical__Product ID_L48683,1.6931072845268975e-05
categorical__Product ID_L50445,1.6926629719593182e-05
categorical__Product ID_L53139,1.6913039063449096e-05
categorical__Product ID_H34799,1.690446462209141e-05
categorical__Product ID_M19720,1.688235857030939e-05
categorical__Product ID_L51647,1.687621599846572e-05
categorical__Product ID_L55533,1.6876076410987264e-05
categorical__Product ID_L50770,1.6865381082330048e-05
categorical__Product ID_L52213,1.6831434400886537e-05
categorical__Product ID_L55619,1.6787906979631224e-05
categorical__Product ID_L53981,1.677893794663463e-05
categorical__Product ID_M23466,1.675896308853343e-05
categorical__Product ID_L47663,1.6758646429244783e-05
categorical__Product ID_L55403,1.673507044036245e-05
categorical__Product ID_L57012,1.6727349913974323e-05
categorical__Product ID_L47923,1.6725445280888692e-05
categorical__Product ID_L55178,1.671070141098964e-05
categorical__Product ID_L48348,1.6702069363920715e-05
categorical__Product ID_M21221,1.6668742488913035e-05
categorical__Product ID_L49008,1.664893269743596e-05
categorical__Product ID_H30339,1.6642454165379557e-05
categorical__Product ID_L50147,1.660844620512115e-05
categorical__Product ID_M22538,1.6601666138268175e-05
categorical__Product ID_L47618,1.6573390481345184e-05
categorical__Product ID_L51055,1.6555830932454174e-05
categorical__Product ID_L47339,1.6553746718475307e-05
categorical__Product ID_L50591,1.655243974845549e-05
categorical__Product ID_M24388,1.6537587125774005e-05
categorical__Product ID_M23338,1.6520818710863882e-05
categorical__Product ID_M24526,1.6497775958647866e-05
categorical__Product ID_M19509,1.6496849361055558e-05
categorical__Product ID_L56868,1.6494248371642543e-05
categorical__Product ID_L56136,1.6490017741122976e-05
categorical__Product ID_L53003,1.645816935007903e-05
categorical__Product ID_L52573,1.6455879520364817e-05
categorical__Product ID_L54271,1.6442487950972955e-05
categorical__Product ID_H37845,1.6406246294282365e-05
categorical__Product ID_M23050,1.6381922743969166e-05
categorical__Product ID_M16840,1.6363879297236086e-05
categorical__Product ID_L52012,1.6345949651348658e-05
categorical__Product ID_L49480,1.6321408477567663e-05
categorical__Product ID_M22115,1.630811479160839e-05
categorical__Product ID_M16692,1.63065225447593e-05
categorical__Product ID_L51179,1.6306038423347355e-05
categorical__Product ID_L56569,1.629641208720027e-05
categorical__Product ID_M16616,1.629492027047225e-05
categorical__Product ID_L55412,1.6246714369031093e-05
categorical__Product ID_M20193,1.6234522367291784e-05
categorical__Product ID_M22111,1.6228748741923427e-05
categorical__Product ID_L51562,1.6222206643674674e-05
categorical__Product ID_L52746,1.6176529095419382e-05
categorical__Product ID_M22872,1.6163114835439275e-05
categorical__Product ID_L55299,1.613854193009628e-05
categorical__Product ID_M17748,1.6122478366634993e-05
categorical__Product ID_L48597,1.6117474003232757e-05
categorical__Product ID_H34469,1.6117008726857536e-05
categorical__Product ID_L51656,1.611481656245997e-05
categorical__Product ID_M15972,1.6102380705145095e-05
categorical__Product ID_L47930,1.6087470638294728e-05
categorical__Product ID_L52009,1.607771981656902e-05
categorical__Product ID_L54102,1.606851122753914e-05
categorical__Product ID_M21789,1.6053093864590834e-05
categorical__Product ID_M18906,1.602177369836604e-05
categorical__Product ID_M19237,1.601779572043418e-05
categorical__Product ID_L48510,1.6009363313681564e-05
categorical__Product ID_L54767,1.6008121613220823e-05
categorical__Product ID_L48409,1.600734770893896e-05
categorical__Product ID_M20083,1.600312620458953e-05
categorical__Product ID_H36750,1.5992896676304163e-05
categorical__Product ID_M17186,1.5975526662526346e-05
categorical__Product ID_H30585,1.595098387842976e-05
categorical__Product ID_L47567,1.593569327195747e-05
categorical__Product ID_L50769,1.589811838704967e-05
categorical__Product ID_L55839,1.589299051414478e-05
categorical__Product ID_L50543,1.5864393177490615e-05
categorical__Product ID_L52913,1.585387629812888e-05
categorical__Product ID_L50035,1.582726417436425e-05
categorical__Product ID_M15349,1.5813547571776058e-05
categorical__Product ID_L47406,1.580341312794556e-05
categorical__Product ID_H34965,1.5791304085807744e-05
categorical__Product ID_L55618,1.57534542030183e-05
categorical__Product ID_L48299,1.5737224862179138e-05
categorical__Product ID_L50753,1.573208687352876e-05
categorical__Product ID_L47354,1.5675909072597305e-05
categorical__Product ID_M16771,1.566220730803931e-05
categorical__Product ID_L50443,1.5655172953019716e-05
categorical__Product ID_L47837,1.5649810349762243e-05
categorical__Product ID_L52674,1.5627622280705387e-05
categorical__Product ID_M16777,1.5625746981270814e-05
categorical__Product ID_L55835,1.5622298598732146e-05
categorical__Product ID_M23051,1.561688065517913e-05
categorical__Product ID_L54051,1.5613388701363168e-05
categorical__Product ID_L47239,1.560261258918413e-05
categorical__Product ID_M17420,1.560207175199606e-05
categorical__Product ID_L51587,1.5589841383889924e-05
categorical__Product ID_L54524,1.5586250267617898e-05
categorical__Product ID_M21690,1.554743861690535e-05
categorical__Product ID_L48922,1.5546383354910272e-05
categorical__Product ID_L51728,1.5509999129622322e-05
categorical__Product ID_L55113,1.5490537639498733e-05
categorical__Product ID_L48897,1.5480313409452044e-05
categorical__Product ID_M20853,1.547889438163969e-05
categorical__Product ID_M19673,1.5432111655422132e-05
categorical__Product ID_H30660,1.5428528493834675e-05
categorical__Product ID_L52109,1.542678042334656e-05
categorical__Product ID_L47602,1.542288954122439e-05
categorical__Product ID_M22082,1.5422385199733407e-05
categorical__Product ID_M18187,1.5410445499957555e-05
categorical__Product ID_L51645,1.5395375945428638e-05
categorical__Product ID_M18913,1.5389834812035297e-05
categorical__Product ID_H37916,1.535939578387974e-05
categorical__Product ID_H30315,1.5346546854547622e-05
categorical__Product ID_L54514,1.534092810635511e-05
categorical__Product ID_M24351,1.5329883819704216e-05
categorical__Product ID_L55742,1.5301772955754976e-05
categorical__Product ID_L50072,1.5301730241156563e-05
categorical__Product ID_L52833,1.5284609037498153e-05
categorical__Product ID_M21957,1.5279179830453938e-05
categorical__Product ID_L49678,1.5275930042460013e-05
categorical__Product ID_H32698,1.5273970484779667e-05
categorical__Product ID_M16158,1.5263728216115287e-05
categorical__Product ID_L52296,1.5248108555686278e-05
categorical__Product ID_L51069,1.5246503777188545e-05
categorical__Product ID_L47418,1.5245467151729157e-05
categorical__Product ID_M19569,1.5245091417145584e-05
categorical__Product ID_L48428,1.5238329297910685e-05
categorical__Product ID_L52631,1.521111404697415e-05
categorical__Product ID_L49004,1.5168785463927338e-05
categorical__Product ID_L47899,1.515235003547437e-05
categorical__Product ID_M20857,1.513652296387101e-05
categorical__Product ID_M17713,1.5124021877210224e-05
categorical__Product ID_M15622,1.5118174060050505e-05
categorical__Product ID_L51766,1.5113603000376212e-05
categorical__Product ID_L48200,1.510794198107131e-05
categorical__Product ID_M18114,1.5100582954558986e-05
categorical__Product ID_M22607,1.5096022101704648e-05
categorical__Product ID_L51382,1.5094465904011072e-05
categorical__Product ID_M15488,1.50872182618357e-05
categorical__Product ID_L48772,1.5074891159570364e-05
categorical__Product ID_L47637,1.5067005744830083e-05
categorical__Product ID_L51191,1.5061228818247668e-05
categorical__Product ID_L52900,1.505730136599107e-05
categorical__Product ID_M20682,1.5054589450918699e-05
categorical__Product ID_L56447,1.5031037617649817e-05
categorical__Product ID_L48685,1.5027008520904367e-05
categorical__Product ID_L48534,1.5020453180656243e-05
categorical__Product ID_L52232,1.4997237398395108e-05
categorical__Product ID_L51202,1.4980345253371122e-05
categorical__Product ID_M17527,1.4969733615248599e-05
categorical__Product ID_L47592,1.4968952732378673e-05
categorical__Product ID_L48072,1.4959366010402576e-05
categorical__Product ID_L53210,1.495147374716486e-05
categorical__Product ID_M24535,1.4935774759125223e-05
categorical__Product ID_L48752,1.49271620186057e-05
categorical__Product ID_L53820,1.4906222438256748e-05
categorical__Product ID_L52005,1.4890269713927597e-05
categorical__Product ID_L48828,1.4880636074912403e-05
categorical__Product ID_L50259,1.4872754818231733e-05
categorical__Product ID_L54174,1.4852894544030529e-05
categorical__Product ID_M20596,1.4833506810245625e-05
categorical__Product ID_L50705,1.4827063269251451e-05
categorical__Product ID_M16795,1.4818913616171317e-05
categorical__Product ID_M19632,1.4816670297898345e-05
categorical__Product ID_M23513,1.4813623173350068e-05
categorical__Product ID_L54145,1.479643335127508e-05
categorical__Product ID_L52006,1.4775030832925436e-05
categorical__Product ID_M20275,1.4774132531287791e-05
categorical__Product ID_L51943,1.4758548921998406e-05
categorical__Product ID_H30185,1.4749795426953788e-05
categorical__Product ID_M19865,1.474034260226547e-05
categorical__Product ID_M23142,1.473648394966089e-05
categorical__Product ID_L48198,1.4730602702444789e-05
categorical__Product ID_L54318,1.4725443003431069e-05
categorical__Product ID_M23350,1.4723879164479565e-05
categorical__Product ID_L50542,1.4720715082932773e-05
categorical__Product ID_M16030,1.4717908650070432e-05
categorical__Product ID_L51695,1.4712190439007358e-05
categorical__Product ID_L51528,1.4710189143415478e-05
categorical__Product ID_M19064,1.4695376917893261e-05
categorical__Product ID_L51612,1.4680100528608099e-05
categorical__Product ID_L47950,1.4672928258148611e-05
categorical__Product ID_H37528,1.4672352026067243e-05
categorical__Product ID_L47426,1.4665107675177433e-05
categorical__Product ID_L49850,1.4660978167726747e-05
categorical__Product ID_L55774,1.4654059527453066e-05
categorical__Product ID_L50522,1.4645641717455724e-05
categorical__Product ID_L50646,1.463578168530615e-05
categorical__Product ID_L56515,1.4603645933310317e-05
categorical__Product ID_L52841,1.4574109322349851e-05
categorical__Product ID_M19768,1.4573881276162091e-05
categorical__Product ID_L56450,1.4571877057360111e-05
categorical__Product ID_M21799,1.4553893876150993e-05
categorical__Product ID_L48686,1.4548310052284167e-05
categorical__Product ID_L53165,1.4541628457690128e-05
categorical__Product ID_L51521,1.453093051693607e-05
categorical__Product ID_H35580,1.4527354141588245e-05
categorical__Product ID_L53673,1.4524651111380392e-05
categorical__Product ID_H29626,1.4521848704817545e-05
categorical__Product ID_M18133,1.4505351948840127e-05
categorical__Product ID_M20867,1.4499864985196292e-05
categorical__Product ID_L47678,1.4499715278573965e-05
categorical__Product ID_L51778,1.4497354140558198e-05
categorical__Product ID_H38867,1.4470077509463168e-05
categorical__Product ID_H36250,1.4451298817212266e-05
categorical__Product ID_L52935,1.4435051949252767e-05
categorical__Product ID_L50651,1.4434747821471976e-05
categorical__Product ID_H33318,1.4433023201112102e-05
categorical__Product ID_M21565,1.4415005242676134e-05
categorical__Product ID_L49810,1.4394460096972169e-05
categorical__Product ID_L53812,1.4392640074144183e-05
categorical__Product ID_M19953,1.4378353753961581e-05
categorical__Product ID_L47929,1.4352200912697187e-05
categorical__Product ID_L54859,1.4341326078235963e-05
categorical__Product ID_L55025,1.4340547811961465e-05
categorical__Product ID_L54156,1.433670420166741e-05
categorical__Product ID_L48610,1.4333225327271019e-05
categorical__Product ID_L48512,1.4320445811211237e-05
categorical__Product ID_L50111,1.4284377036528605e-05
categorical__Product ID_L53097,1.4276672737275555e-05
categorical__Product ID_L53004,1.4250899007642551e-05
categorical__Product ID_L48770,1.424499778838494e-05
categorical__Product ID_M19624,1.4244077572429326e-05
categorical__Product ID_M19519,1.4201344487758191e-05
categorical__Product ID_L55567,1.4171195306558334e-05
categorical__Product ID_H32940,1.4141021082820469e-05
categorical__Product ID_L47596,1.4137755580267216e-05
categorical__Product ID_L50252,1.4124920367108193e-05
categorical__Product ID_L53516,1.4120235833616741e-05
categorical__Product ID_L56275,1.4102305353713557e-05
categorical__Product ID_M18918,1.4086249717458695e-05
categorical__Product ID_L47728,1.4068553305690998e-05
categorical__Product ID_L56335,1.4063977174548674e-05
categorical__Product ID_L53351,1.4060853530206813e-05
categorical__Product ID_L53111,1.4055020626296524e-05
categorical__Product ID_H33750,1.4041003245713707e-05
categorical__Product ID_M21824,1.4016239234728926e-05
categorical__Product ID_L54986,1.40018875657393e-05
categorical__Product ID_H34311,1.3981335257659286e-05
categorical__Product ID_M21028,1.39760794213772e-05
categorical__Product ID_L51024,1.3975484553292475e-05
categorical__Product ID_L50490,1.3964280605686711e-05
categorical__Product ID_L56291,1.3950325995849546e-05
categorical__Product ID_L51592,1.3945508233662613e-05
categorical__Product ID_L50778,1.3939713459257798e-05
categorical__Product ID_L54895,1.3939519998549862e-05
categorical__Product ID_L47231,1.3928482214290279e-05
categorical__Product ID_L47595,1.3914200156167136e-05
categorical__Product ID_H37836,1.3905349857495937e-05
categorical__Product ID_M19755,1.3903755719926747e-05
categorical__Product ID_L48722,1.390062904964832e-05
categorical__Product ID_L51026,1.3895416294675876e-05
categorical__Product ID_H33439,1.389446487856491e-05
categorical__Product ID_L47925,1.3892045745498874e-05
categorical__Product ID_L48915,1.3889294368267463e-05
categorical__Product ID_L49939,1.3887127313698135e-05
categorical__Product ID_L54157,1.384884899855413e-05
categorical__Product ID_L54300,1.3829300676358332e-05
categorical__Product ID_L47944,1.3827198313648052e-05
categorical__Product ID_M22905,1.3807619483634546e-05
categorical__Product ID_M21509,1.3782367052909573e-05
categorical__Product ID_M18132,1.3781261464872998e-05
categorical__Product ID_L55119,1.376828158510255e-05
categorical__Product ID_L50752,1.3766984143544422e-05
categorical__Product ID_L56478,1.3752911466535588e-05
categorical__Product ID_L47593,1.3750378833242244e-05
categorical__Product ID_M20858,1.371274724676974e-05
categorical__Product ID_H30008,1.3710207790842312e-05
categorical__Product ID_M15204,1.3708211071557134e-05
categorical__Product ID_L48635,1.3699567917206225e-05
categorical__Product ID_H33271,1.3690171265757421e-05
categorical__Product ID_M22794,1.3682466138117257e-05
categorical__Product ID_M18563,1.3682321331365378e-05
categorical__Product ID_M16601,1.3675138014443558e-05
categorical__Product ID_M18933,1.367400640818787e-05
categorical__Product ID_M18038,1.3650677752650317e-05
categorical__Product ID_L50481,1.3645946075087304e-05
categorical__Product ID_L49937,1.3643885099742389e-05
categorical__Product ID_L48025,1.3639929292111159e-05
categorical__Product ID_L49250,1.3636155536210702e-05
categorical__Product ID_L56164,1.3629919696444076e-05
categorical__Product ID_L55956,1.361987356969375e-05
categorical__Product ID_H30248,1.3598410914106321e-05
categorical__Product ID_M19939,1.3595727904149871e-05
categorical__Product ID_L49053,1.3592884754484451e-05
categorical__Product ID_M18425,1.3547597140464611e-05
categorical__Product ID_L47679,1.3543730813873148e-05
categorical__Product ID_M19236,1.3528254058360629e-05
categorical__Product ID_L54651,1.3522961957262575e-05
categorical__Product ID_L52436,1.3511203678913648e-05
categorical__Product ID_M19046,1.3510870101506092e-05
categorical__Product ID_M17302,1.349660072763792e-05
categorical__Product ID_L48358,1.3495099488495462e-05
categorical__Product ID_M16034,1.347130452741506e-05
categorical__Product ID_L52378,1.3451282467375416e-05
categorical__Product ID_M22107,1.3449615528614343e-05
categorical__Product ID_M19412,1.3448130072634803e-05
categorical__Product ID_L54089,1.3436931340786107e-05
categorical__Product ID_L48601,1.3435055748259337e-05
categorical__Product ID_M17125,1.3434252181618404e-05
categorical__Product ID_L50535,1.343064950502498e-05
categorical__Product ID_M17181,1.3425230748368918e-05
categorical__Product ID_L54624,1.342461124930222e-05
categorical__Product ID_H31176,1.3422129355297422e-05
categorical__Product ID_L54154,1.339868491274997e-05
categorical__Product ID_M22551,1.3388208778870622e-05
categorical__Product ID_L56700,1.3379748642136739e-05
categorical__Product ID_H38909,1.3344505577807568e-05
categorical__Product ID_L49668,1.3333752982079743e-05
categorical__Product ID_M17972,1.3327067465485324e-05
categorical__Product ID_H34720,1.3279694368038681e-05
categorical__Product ID_L49449,1.3274556429640188e-05
categorical__Product ID_L51947,1.3266839864925344e-05
categorical__Product ID_L49558,1.3264026900899403e-05
categorical__Product ID_L56986,1.3254437885469406e-05
categorical__Product ID_M20077,1.3239414316261142e-05
categorical__Product ID_H35096,1.3232101651769855e-05
categorical__Product ID_L50043,1.3230298532408692e-05
categorical__Product ID_L50084,1.3219118329034527e-05
categorical__Product ID_L51343,1.321726541936901e-05
categorical__Product ID_M20270,1.321470963133351e-05
categorical__Product ID_L55202,1.3214519471605064e-05
categorical__Product ID_L55782,1.319986302766938e-05
categorical__Product ID_L57098,1.3190886661671533e-05
categorical__Product ID_L51163,1.3169763335654042e-05
categorical__Product ID_L54759,1.3166012559064617e-05
categorical__Product ID_L50665,1.314614688134023e-05
categorical__Product ID_L56440,1.3133637807846972e-05
categorical__Product ID_M17871,1.3112545017198255e-05
categorical__Product ID_L50289,1.3108638124992346e-05
categorical__Product ID_M17618,1.3100687366408493e-05
categorical__Product ID_L54765,1.3094066193978584e-05
categorical__Product ID_M15018,1.3079394156029599e-05
categorical__Product ID_L54536,1.3079372917730453e-05
categorical__Product ID_L50204,1.3078924617079494e-05
categorical__Product ID_L51786,1.307881651820341e-05
categorical__Product ID_L50218,1.3077342301878154e-05
categorical__Product ID_L50638,1.3074412321190141e-05
categorical__Product ID_L53962,1.3041809509824585e-05
categorical__Product ID_L54101,1.3040578191244154e-05
categorical__Product ID_L50629,1.3035679091473916e-05
categorical__Product ID_M22466,1.3033588668524249e-05
categorical__Product ID_L53719,1.3031233359865007e-05
categorical__Product ID_L51158,1.3018450308955466e-05
categorical__Product ID_L55181,1.301744885955506e-05
categorical__Product ID_L48958,1.3010858636054768e-05
categorical__Product ID_H37143,1.2991147081736437e-05
categorical__Product ID_L48059,1.2978491939323397e-05
categorical__Product ID_L51322,1.2958880315307892e-05
categorical__Product ID_L53391,1.2950523552425505e-05
categorical__Product ID_L48328,1.2922982929989822e-05
categorical__Product ID_L54299,1.2854470876975421e-05
categorical__Product ID_L51924,1.2846647735235898e-05
categorical__Product ID_H32928,1.2838416040577013e-05
categorical__Product ID_M19524,1.2804973648587812e-05
categorical__Product ID_L49243,1.278451105458866e-05
categorical__Product ID_M15732,1.27741241923245e-05
categorical__Product ID_L54307,1.275834740706134e-05
categorical__Product ID_M22615,1.2755037045537347e-05
categorical__Product ID_M15794,1.2747179619452565e-05
categorical__Product ID_L52260,1.2731476421568904e-05
categorical__Product ID_L51643,1.272241806738818e-05
categorical__Product ID_L55081,1.2717553313812357e-05
categorical__Product ID_H29742,1.271750536420442e-05
categorical__Product ID_L51680,1.2705019610513947e-05
categorical__Product ID_L54885,1.2698622990441242e-05
categorical__Product ID_M18677,1.2688332231506933e-05
categorical__Product ID_L54019,1.2686990289159659e-05
categorical__Product ID_L47940,1.2684118487758909e-05
categorical__Product ID_M20768,1.267793240997958e-05
categorical__Product ID_M19410,1.267313958048861e-05
categorical__Product ID_H32498,1.2672728046645953e-05
categorical__Product ID_L49730,1.2656986910317216e-05
categorical__Product ID_L49447,1.2644813243606439e-05
categorical__Product ID_L49514,1.263921440669459e-05
categorical__Product ID_H30169,1.2629687573771765e-05
categorical__Product ID_M19651,1.2623245009061663e-05
categorical__Product ID_M17717,1.2622594739390557e-05
categorical__Product ID_L56606,1.261181709600995e-05
categorical__Product ID_L47769,1.2600527545516025e-05
categorical__Product ID_L49465,1.2600526355383114e-05
categorical__Product ID_M21843,1.2590920492304382e-05
categorical__Product ID_L49999,1.2574114054071314e-05
categorical__Product ID_L53119,1.2557560518116107e-05
categorical__Product ID_L48126,1.2545127601550502e-05
categorical__Product ID_L47258,1.254320353388061e-05
categorical__Product ID_M22131,1.2539294974812181e-05
categorical__Product ID_L50200,1.2531708782756925e-05
categorical__Product ID_M19585,1.2523262896069879e-05
categorical__Product ID_M18355,1.251015574641053e-05
categorical__Product ID_L54843,1.2490456156615016e-05
categorical__Product ID_L50179,1.2478173985594452e-05
categorical__Product ID_L48475,1.2471415717743588e-05
categorical__Product ID_L51698,1.245421783622226e-05
categorical__Product ID_L56085,1.2444673786603226e-05
categorical__Product ID_M19146,1.2430938227846937e-05
categorical__Product ID_L53933,1.2430227896640708e-05
categorical__Product ID_M14872,1.241366084357822e-05
categorical__Product ID_L56129,1.241121341066863e-05
categorical__Product ID_L53690,1.2406301304027836e-05
categorical__Product ID_L53849,1.2402221399125171e-05
categorical__Product ID_H37691,1.2392660383271964e-05
categorical__Product ID_L52401,1.2391483670580567e-05
categorical__Product ID_M16489,1.2380027164667127e-05
categorical__Product ID_L51377,1.2365814365181956e-05
categorical__Product ID_H37657,1.2344324836412564e-05
categorical__Product ID_H33189,1.2339850258256344e-05
categorical__Product ID_L53605,1.2336924188464566e-05
categorical__Product ID_H35832,1.2325784180529046e-05
categorical__Product ID_M16617,1.2314811920786643e-05
categorical__Product ID_L53850,1.2309710663960112e-05
categorical__Product ID_L56661,1.2306780963067746e-05
categorical__Product ID_L53650,1.2299930966798408e-05
categorical__Product ID_M16105,1.2291340428862427e-05
categorical__Product ID_L48833,1.2289750291683092e-05
categorical__Product ID_H31906,1.2288134594178933e-05
categorical__Product ID_L51809,1.227635556657439e-05
categorical__Product ID_L51860,1.2254095968023247e-05
categorical__Product ID_L56501,1.2253774603980321e-05
categorical__Product ID_L47997,1.2233653007399052e-05
categorical__Product ID_L48429,1.223140146069361e-05
categorical__Product ID_M21701,1.2224979926629836e-05
categorical__Product ID_M16691,1.2209667447390945e-05
categorical__Product ID_L57008,1.2201597543324344e-05
categorical__Product ID_L53896,1.2198041793897318e-05
categorical__Product ID_L52832,1.2194767986796875e-05
categorical__Product ID_L51229,1.2192927390200722e-05
categorical__Product ID_H37697,1.2190337486980604e-05
categorical__Product ID_L50314,1.218755889912846e-05
categorical__Product ID_M15042,1.218692697511438e-05
categorical__Product ID_L53846,1.2185369059357017e-05
categorical__Product ID_L53205,1.217941525573899e-05
categorical__Product ID_M19497,1.2177092018362774e-05
categorical__Product ID_M15065,1.2174532023391698e-05
categorical__Product ID_L54374,1.2174367272216895e-05
categorical__Product ID_H30162,1.2171346868830069e-05
categorical__Product ID_M18760,1.2164262355903779e-05
categorical__Product ID_L51926,1.2146577988742374e-05
categorical__Product ID_L47770,1.2139575166347179e-05
categorical__Product ID_L52629,1.212986257304151e-05
categorical__Product ID_L53038,1.2128309969381969e-05
categorical__Product ID_M18329,1.2120383493100386e-05
categorical__Product ID_L47314,1.2100703470733286e-05
categorical__Product ID_M19541,1.2096057127436378e-05
categorical__Product ID_L55754,1.2093935744999962e-05
categorical__Product ID_L49460,1.208719689547986e-05
categorical__Product ID_M22026,1.2082134867587766e-05
categorical__Product ID_M22110,1.2078255608214035e-05
categorical__Product ID_L53537,1.2070789632887885e-05
categorical__Product ID_M16396,1.2068868301093419e-05
categorical__Product ID_M19822,1.2058394639772249e-05
categorical__Product ID_M15455,1.204692042107166e-05
categorical__Product ID_M21334,1.2019735046949148e-05
categorical__Product ID_H30849,1.2019652356151894e-05
categorical__Product ID_L52684,1.2017119233197528e-05
categorical__Product ID_M22419,1.2004181215956617e-05
categorical__Product ID_L57026,1.1994824341235781e-05
categorical__Product ID_M15717,1.1989979545129368e-05
categorical__Product ID_M19671,1.1989183685072395e-05
categorical__Product ID_L55741,1.1987703436146469e-05
categorical__Product ID_L50781,1.1978602064947411e-05
categorical__Product ID_M16540,1.1976728934056055e-05
categorical__Product ID_L47488,1.1975386333651935e-05
categorical__Product ID_L49464,1.1970574564109644e-05
categorical__Product ID_M21431,1.196351289853317e-05
categorical__Product ID_M15253,1.1959126778666855e-05
categorical__Product ID_L56957,1.1957617460641774e-05
categorical__Product ID_L51987,1.1906326911158904e-05
categorical__Product ID_M16939,1.1905225410069937e-05
categorical__Product ID_M15361,1.1899703788627454e-05
categorical__Product ID_L48891,1.1892572424632762e-05
categorical__Product ID_M22452,1.1891010923476613e-05
categorical__Product ID_M20896,1.188221180868403e-05
categorical__Product ID_L48945,1.186734389925285e-05
categorical__Product ID_L50486,1.186440536103695e-05
categorical__Product ID_L48290,1.1859322383556778e-05
categorical__Product ID_M16280,1.1827039289053187e-05
categorical__Product ID_M19582,1.1801955219956488e-05
categorical__Product ID_L54370,1.179346389620589e-05
categorical__Product ID_M22478,1.1788489703955156e-05
categorical__Product ID_M21827,1.178334887702277e-05
categorical__Product ID_M17011,1.1779580672315675e-05
categorical__Product ID_L48852,1.1777489240294337e-05
categorical__Product ID_M16062,1.1757977923909487e-05
categorical__Product ID_L49836,1.1753137569563503e-05
categorical__Product ID_L49411,1.1752988505901905e-05
categorical__Product ID_L55460,1.175095872666756e-05
categorical__Product ID_M21639,1.1717279400347064e-05
categorical__Product ID_L48953,1.1715006470528544e-05
categorical__Product ID_M17432,1.1684018221910063e-05
categorical__Product ID_M24492,1.1682620706660915e-05
categorical__Product ID_M22520,1.167936389401612e-05
categorical__Product ID_M15887,1.1663403769511485e-05
categorical__Product ID_L55819,1.164860731852083e-05
categorical__Product ID_H32389,1.161263404944276e-05
categorical__Product ID_L56262,1.1595273252702368e-05
categorical__Product ID_H31341,1.1587637522157997e-05
categorical__Product ID_H38499,1.1586541072422995e-05
categorical__Product ID_L50288,1.1555410621995997e-05
categorical__Product ID_M21255,1.1542852591168722e-05
categorical__Product ID_L54415,1.153930337466803e-05
categorical__Product ID_L54832,1.1531977233791191e-05
categorical__Product ID_L56822,1.1531937839151463e-05
categorical__Product ID_M16931,1.1529872688302396e-05
categorical__Product ID_L53367,1.1511929118566271e-05
categorical__Product ID_L49661,1.1499129629607737e-05
categorical__Product ID_L55256,1.1461578978226638e-05
categorical__Product ID_H37262,1.1452966232891164e-05
categorical__Product ID_M21704,1.144707983002487e-05
categorical__Product ID_L48186,1.1445043605042005e-05
categorical__Product ID_M17190,1.1440190961030345e-05
categorical__Product ID_M22730,1.1439621632186193e-05
categorical__Product ID_L49278,1.1418806472776889e-05
categorical__Product ID_L48099,1.1415567353343754e-05
categorical__Product ID_L51648,1.140368386081238e-05
categorical__Product ID_L55909,1.1401857947987314e-05
categorical__Product ID_L54048,1.1369698198911952e-05
categorical__Product ID_L54152,1.1356880445922867e-05
categorical__Product ID_M19756,1.13447870424199e-05
categorical__Product ID_M17851,1.1296251533457865e-05
categorical__Product ID_M16276,1.1293051659234275e-05
categorical__Product ID_L54687,1.1277025500974297e-05
categorical__Product ID_M22815,1.1276537737888006e-05
categorical__Product ID_L51639,1.1264543949094349e-05
categorical__Product ID_L51890,1.12582557935092e-05
categorical__Product ID_L47594,1.125421000763842e-05
categorical__Product ID_M23057,1.1225402693386696e-05
categorical__Product ID_L55859,1.1219927989908376e-05
categorical__Product ID_L52745,1.1184006614078932e-05
categorical__Product ID_L49921,1.1169557736288148e-05
categorical__Product ID_L49959,1.1168681226212119e-05
categorical__Product ID_L57159,1.1168437817552849e-05
categorical__Product ID_M21593,1.1165732094098748e-05
categorical__Product ID_M19069,1.1162643109353397e-05
categorical__Product ID_M18802,1.1150200479407799e-05
categorical__Product ID_M18470,1.1128908409950451e-05
categorical__Product ID_L51532,1.1119641722195996e-05
categorical__Product ID_L52690,1.1109047661123317e-05
categorical__Product ID_L49950,1.1094722665522503e-05
categorical__Product ID_L49121,1.1091979873380916e-05
categorical__Product ID_M17019,1.1076987521463112e-05
categorical__Product ID_M16270,1.1064825154505884e-05
categorical__Product ID_M20603,1.1055691814915205e-05
categorical__Product ID_L54320,1.1036751118414007e-05
categorical__Product ID_L51789,1.1025635720051178e-05
categorical__Product ID_L54434,1.1021303960866814e-05
categorical__Product ID_L50459,1.1015302882841092e-05
categorical__Product ID_L56932,1.1013930861731576e-05
categorical__Product ID_L57029,1.1011209304383399e-05
categorical__Product ID_L56398,1.1011040313236255e-05
categorical__Product ID_L50369,1.098305469194865e-05
categorical__Product ID_M18372,1.0980489137555307e-05
categorical__Product ID_M15191,1.0972982850938368e-05
categorical__Product ID_L47544,1.097200972267317e-05
categorical__Product ID_M17967,1.0971859607495605e-05
categorical__Product ID_L55886,1.096082261657746e-05
categorical__Product ID_L53668,1.0959734556556877e-05
categorical__Product ID_M17957,1.0951994863206304e-05
categorical__Product ID_M15782,1.0940666780853378e-05
categorical__Product ID_M18590,1.092865951864592e-05
categorical__Product ID_M24403,1.0927708999253e-05
categorical__Product ID_L47219,1.091830088097619e-05
categorical__Product ID_L56204,1.0914179814570042e-05
categorical__Product ID_L56761,1.0907249576569934e-05
categorical__Product ID_M19856,1.088233094371462e-05
categorical__Product ID_L48458,1.0877500308797545e-05
categorical__Product ID_L54673,1.0869163560417194e-05
categorical__Product ID_L50384,1.0856142933804435e-05
categorical__Product ID_H32083,1.0846939347850564e-05
categorical__Product ID_L51721,1.084387035738091e-05
categorical__Product ID_H29606,1.082909407234386e-05
categorical__Product ID_L51464,1.0826871475232924e-05
categorical__Product ID_L47254,1.082278435364225e-05
categorical__Product ID_M21180,1.081839704366706e-05
categorical__Product ID_L47731,1.081048430363626e-05
categorical__Product ID_L50939,1.0806014692164727e-05
categorical__Product ID_L51685,1.08058621314431e-05
categorical__Product ID_L50964,1.0799749990625727e-05
categorical__Product ID_L53071,1.0790535198023976e-05
categorical__Product ID_M21821,1.078844867733804e-05
categorical__Product ID_L47786,1.078746091528969e-05
categorical__Product ID_L56332,1.0778527010163737e-05
categorical__Product ID_L52976,1.0774178611286752e-05
categorical__Product ID_M14890,1.0749553517071523e-05
categorical__Product ID_L48543,1.0745597789207544e-05
categorical__Product ID_L53104,1.0730143121093457e-05
categorical__Product ID_L49268,1.0708636990171337e-05
categorical__Product ID_L49716,1.0707062902469606e-05
categorical__Product ID_M17132,1.0701049488349208e-05
categorical__Product ID_M17288,1.0669789736129738e-05
categorical__Product ID_L49828,1.0665984298351071e-05
categorical__Product ID_H33013,1.065288582345743e-05
categorical__Product ID_L55086,1.0650266538304172e-05
categorical__Product ID_L51614,1.0649670255459374e-05
categorical__Product ID_M16188,1.0648449896968267e-05
categorical__Product ID_M17355,1.0645816872127894e-05
categorical__Product ID_M18404,1.0643906014351179e-05
categorical__Product ID_L56514,1.0636981180218284e-05
categorical__Product ID_L53941,1.0635823538875561e-05
categorical__Product ID_L52112,1.0633116640456952e-05
categorical__Product ID_L51700,1.062698772965572e-05
categorical__Product ID_L48443,1.062286001973972e-05
categorical__Product ID_M19706,1.061526688897122e-05
categorical__Product ID_L51140,1.0606159200019712e-05
categorical__Product ID_L51737,1.0604385717199809e-05
categorical__Product ID_L51715,1.0600741825013425e-05
categorical__Product ID_M23216,1.0590812884426479e-05
categorical__Product ID_L57139,1.0589439140987723e-05
categorical__Product ID_M21197,1.058914693343953e-05
categorical__Product ID_L51770,1.0588092639104473e-05
categorical__Product ID_H36201,1.0583830718515077e-05
categorical__Product ID_L49135,1.0573305212293258e-05
categorical__Product ID_M22414,1.0563526609213125e-05
categorical__Product ID_L53106,1.0557512808657103e-05
categorical__Product ID_H34229,1.0528576698780847e-05
categorical__Product ID_L57043,1.0521911939757376e-05
categorical__Product ID_H34959,1.0497842981235019e-05
categorical__Product ID_H37179,1.049149128541837e-05
categorical__Product ID_L48831,1.048669856037847e-05
categorical__Product ID_H37695,1.048594654384734e-05
categorical__Product ID_M23787,1.048410403352037e-05
categorical__Product ID_L52585,1.0482344957429143e-05
categorical__Product ID_M18903,1.0472026955420032e-05
categorical__Product ID_L49095,1.0469820307006608e-05
categorical__Product ID_H37175,1.0438016486328e-05
categorical__Product ID_M18554,1.0433968237948151e-05
categorical__Product ID_L49903,1.0417279166066685e-05
categorical__Product ID_L49434,1.0414309459982053e-05
categorical__Product ID_L53597,1.0407410564056147e-05
categorical__Product ID_L51650,1.0383362127638406e-05
categorical__Product ID_M15619,1.0370879382844649e-05
categorical__Product ID_M15440,1.0350378174185365e-05
categorical__Product ID_M18469,1.0339648351065281e-05
categorical__Product ID_L47359,1.0320268749060562e-05
categorical__Product ID_M16866,1.0319197377339544e-05
categorical__Product ID_L52027,1.030583914270629e-05
categorical__Product ID_L51975,1.0296574970812887e-05
categorical__Product ID_M24332,1.0292164290394219e-05
categorical__Product ID_M17356,1.0291613770470836e-05
categorical__Product ID_L49817,1.0283473242360572e-05
categorical__Product ID_M22706,1.0283277374760328e-05
categorical__Product ID_M16026,1.027979178504549e-05
categorical__Product ID_L53602,1.0270909989332903e-05
categorical__Product ID_M22193,1.0261623610117501e-05
categorical__Product ID_M17788,1.0246782729899657e-05
categorical__Product ID_M19816,1.0239294859165263e-05
categorical__Product ID_L48805,1.0229629462147887e-05
categorical__Product ID_M19400,1.0227840860680825e-05
categorical__Product ID_M16711,1.0222430945673018e-05
categorical__Product ID_L53153,1.0216027378667115e-05
categorical__Product ID_M17745,1.0202774823135812e-05
categorical__Product ID_M18165,1.0199430242460638e-05
categorical__Product ID_L48743,1.0195245912283658e-05
categorical__Product ID_L49172,1.018523691146664e-05
categorical__Product ID_L51769,1.0183672604199025e-05
categorical__Product ID_L51811,1.0183349842671802e-05
categorical__Product ID_M18914,1.018157719837029e-05
categorical__Product ID_M16393,1.017939209606052e-05
categorical__Product ID_L54200,1.015631963549293e-05
categorical__Product ID_L51717,1.0155463163552342e-05
categorical__Product ID_H35398,1.0148211822109845e-05
categorical__Product ID_L55556,1.013133931754507e-05
categorical__Product ID_M19232,1.0120185089840562e-05
categorical__Product ID_M24225,1.0108068854936313e-05
categorical__Product ID_M18052,1.0107550386780678e-05
categorical__Product ID_L47212,1.0103803447933262e-05
categorical__Product ID_L54544,1.0098666177923832e-05
categorical__Product ID_L47253,1.009657024758012e-05
categorical__Product ID_L51153,1.009515110528253e-05
categorical__Product ID_H34019,1.0086783490421265e-05
categorical__Product ID_M24735,1.008040600630112e-05
categorical__Product ID_M19210,1.008018101931069e-05
categorical__Product ID_L50840,1.0076118632723509e-05
categorical__Product ID_L49236,1.0069084755739302e-05
categorical__Product ID_M19455,1.0065492282465195e-05
categorical__Product ID_L55508,1.0057855913202718e-05
categorical__Product ID_M15569,1.004606352190714e-05
categorical__Product ID_L48742,1.0039271954905056e-05
categorical__Product ID_M17236,1.0026889636513935e-05
categorical__Product ID_M18633,1.0022653874085548e-05
categorical__Product ID_L52824,1.0018226527184556e-05
categorical__Product ID_L50539,1.0014154478307705e-05
categorical__Product ID_L50187,1.0012546887181233e-05
categorical__Product ID_M23640,1.0009158967926657e-05
categorical__Product ID_M15377,1.000249056419586e-05
categorical__Product ID_M20344,9.969277760711643e-06
categorical__Product ID_H33197,9.958735080326995e-06
categorical__Product ID_L52477,9.94297166339103e-06
categorical__Product ID_M19075,9.924664407171831e-06
categorical__Product ID_L51984,9.900612505267812e-06
categorical__Product ID_M18618,9.895953341270641e-06
categorical__Product ID_L51964,9.882587289955321e-06
categorical__Product ID_L51863,9.868064403398453e-06
categorical__Product ID_L54554,9.867345484261547e-06
categorical__Product ID_M17938,9.861904280578634e-06
categorical__Product ID_M16449,9.859898956551502e-06
categorical__Product ID_L51067,9.84305409886416e-06
categorical__Product ID_M19160,9.842109194454893e-06
categorical__Product ID_H30669,9.813820065987282e-06
categorical__Product ID_L55852,9.8067576975499e-06
categorical__Product ID_L51470,9.800172737655867e-06
categorical__Product ID_M18498,9.792521104466407e-06
categorical__Product ID_M20034,9.789397290012932e-06
categorical__Product ID_L52661,9.784476915519563e-06
categorical__Product ID_M24450,9.782610734679538e-06
categorical__Product ID_H30341,9.78206633795309e-06
categorical__Product ID_L49745,9.76658610385839e-06
categorical__Product ID_L53437,9.758717155352212e-06
categorical__Product ID_M17463,9.751161956467748e-06
categorical__Product ID_M18865,9.750795677655822e-06
categorical__Product ID_H30030,9.7359891900125e-06
categorical__Product ID_L49553,9.731163489626824e-06
categorical__Product ID_L56736,9.729436349062702e-06
categorical__Product ID_M17150,9.724744757851282e-06
categorical__Product ID_M21225,9.72008586893986e-06
categorical__Product ID_L47366,9.705698894030157e-06
categorical__Product ID_L48402,9.687003588491967e-06
categorical__Product ID_H29569,9.686891756358495e-06
categorical__Product ID_L48274,9.672793179897342e-06
categorical__Product ID_L48651,9.671020414436894e-06
categorical__Product ID_M23789,9.65743915755422e-06
categorical__Product ID_M23187,9.651201578132622e-06
categorical__Product ID_L51927,9.650940706445926e-06
categorical__Product ID_L56183,9.643868517116404e-06
categorical__Product ID_L55534,9.643445975118999e-06
categorical__Product ID_M20181,9.619184228249242e-06
categorical__Product ID_L49218,9.612899343101029e-06
categorical__Product ID_L52004,9.610638581465755e-06
categorical__Product ID_M17279,9.610389221282853e-06
categorical__Product ID_L52682,9.580544672012458e-06
categorical__Product ID_L54426,9.55005130948371e-06
categorical__Product ID_L51684,9.543577180247939e-06
categorical__Product ID_M22344,9.53848771956284e-06
categorical__Product ID_M22001,9.512379478284092e-06
categorical__Product ID_M18305,9.511561416970842e-06
categorical__Product ID_L52933,9.509831156237604e-06
categorical__Product ID_L52239,9.50570007008989e-06
categorical__Product ID_L51992,9.504850921294922e-06
categorical__Product ID_L48070,9.499478120547863e-06
categorical__Product ID_L50933,9.498843090439733e-06
categorical__Product ID_M19598,9.498539722825592e-06
categorical__Product ID_M24386,9.49529552401707e-06
categorical__Product ID_M23266,9.49452612934127e-06
categorical__Product ID_L50318,9.493270801872583e-06
categorical__Product ID_L52778,9.49107543134992e-06
categorical__Product ID_L54047,9.488874882416751e-06
categorical__Product ID_L47851,9.483067715078877e-06
categorical__Product ID_L48724,9.459484359384498e-06
categorical__Product ID_H34199,9.447779918404459e-06
categorical__Product ID_L55021,9.444956148466302e-06
categorical__Product ID_L49968,9.43463407830415e-06
categorical__Product ID_M20186,9.427114883031376e-06
categorical__Product ID_L50229,9.426738403094783e-06
categorical__Product ID_L53421,9.426379009516342e-06
categorical__Product ID_L51892,9.402943683401532e-06
categorical__Product ID_M19031,9.385304175244809e-06
categorical__Product ID_M24669,9.38364954978506e-06
categorical__Product ID_L54429,9.381638286984155e-06
categorical__Product ID_M17624,9.38030537174967e-06
categorical__Product ID_M21081,9.374532473692292e-06
categorical__Product ID_M17298,9.373791705984801e-06
categorical__Product ID_H31048,9.33320460088474e-06
categorical__Product ID_L51657,9.321182137866395e-06
categorical__Product ID_M21319,9.321157545072561e-06
categorical__Product ID_M16408,9.319942044564821e-06
categorical__Product ID_L51659,9.317271601191708e-06
categorical__Product ID_L52697,9.308958920759092e-06
categorical__Product ID_M19219,9.299796737442352e-06
categorical__Product ID_L54245,9.271305055445427e-06
categorical__Product ID_M19701,9.266198220956397e-06
categorical__Product ID_M20540,9.264483770317964e-06
categorical__Product ID_M22518,9.239451508293633e-06
categorical__Product ID_H38078,9.225473814046933e-06
categorical__Product ID_M22441,9.221973215697164e-06
categorical__Product ID_M19411,9.220420122581235e-06
categorical__Product ID_L53022,9.21449946617369e-06
categorical__Product ID_M18070,9.199670574105598e-06
categorical__Product ID_L49602,9.199221598464189e-06
categorical__Product ID_M18249,9.191539266902082e-06
categorical__Product ID_L53953,9.190948603566298e-06
categorical__Product ID_L50921,9.186649812729975e-06
categorical__Product ID_L52003,9.182701887123251e-06
categorical__Product ID_M17528,9.16419624643237e-06
categorical__Product ID_L53056,9.159799052871943e-06
categorical__Product ID_L50619,9.156466025849221e-06
categorical__Product ID_L51760,9.14348064097461e-06
categorical__Product ID_L50920,9.140631188191195e-06
categorical__Product ID_M19027,9.137009873151344e-06
categorical__Product ID_M23210,9.135618197856932e-06
categorical__Product ID_L50608,9.133028770319782e-06
categorical__Product ID_L56667,9.132614701320529e-06
categorical__Product ID_M22576,9.130592769923056e-06
categorical__Product ID_L50282,9.130053097972024e-06
categorical__Product ID_L55003,9.125232514869388e-06
categorical__Product ID_L49572,9.122400842720236e-06
categorical__Product ID_L47562,9.098586854860309e-06
categorical__Product ID_M20373,9.091853032728047e-06
categorical__Product ID_M15105,9.082776511478995e-06
categorical__Product ID_L51071,9.08237526902221e-06
categorical__Product ID_M24614,9.08146890400154e-06
categorical__Product ID_L49456,9.080448416841215e-06
categorical__Product ID_L50450,9.080032583012593e-06
categorical__Product ID_L52809,9.074123770117795e-06
categorical__Product ID_H33758,9.067135380260599e-06
categorical__Product ID_M20841,9.062607689551532e-06
categorical__Product ID_M24298,9.055179782214612e-06
categorical__Product ID_M19985,9.047057465250733e-06
categorical__Product ID_L52138,9.0414814975075e-06
categorical__Product ID_L54488,9.04024299925522e-06
categorical__Product ID_L56358,9.039885539811907e-06
categorical__Product ID_M19694,9.038945861165925e-06
categorical__Product ID_L51049,9.035734510544498e-06
categorical__Product ID_M20649,9.028378491499665e-06
categorical__Product ID_L53255,9.024234074688696e-06
categorical__Product ID_M24543,9.01920261196735e-06
categorical__Product ID_H29432,9.017083652970901e-06
categorical__Product ID_H29949,9.017001123437259e-06
categorical__Product ID_L57122,9.011062887048332e-06
categorical__Product ID_M22363,9.009161935668277e-06
categorical__Product ID_L50650,8.993735880017678e-06
categorical__Product ID_M21660,8.989223703286148e-06
categorical__Product ID_L50623,8.984498753966339e-06
categorical__Product ID_L51447,8.978592052445446e-06
categorical__Product ID_L52474,8.96940241943732e-06
categorical__Product ID_H34710,8.96531963375207e-06
categorical__Product ID_L56750,8.961293474909912e-06
categorical__Product ID_M24016,8.953481207383821e-06
categorical__Product ID_M19927,8.953480226643086e-06
categorical__Product ID_M18268,8.944077461556918e-06
categorical__Product ID_M16342,8.943740004521362e-06
categorical__Product ID_L53627,8.938083467151037e-06
categorical__Product ID_M19346,8.911433418301245e-06
categorical__Product ID_M16243,8.90765726323716e-06
categorical__Product ID_H38249,8.898469768436504e-06
categorical__Product ID_M19317,8.890752921321145e-06
categorical__Product ID_L51725,8.886411693023623e-06
categorical__Product ID_M19545,8.883186541977777e-06
categorical__Product ID_L49592,8.877320651490359e-06
categorical__Product ID_L51526,8.873631001253523e-06
categorical__Product ID_H30489,8.872279303893467e-06
categorical__Product ID_L49104,8.865451277392295e-06
categorical__Product ID_M18841,8.864507025210029e-06
categorical__Product ID_H32771,8.862352828112678e-06
categorical__Product ID_M18827,8.858336858532544e-06
categorical__Product ID_H30802,8.853727955803799e-06
categorical__Product ID_M19767,8.847282943422696e-06
categorical__Product ID_H38015,8.831150148654258e-06
categorical__Product ID_L48112,8.8282267357043e-06
categorical__Product ID_L52479,8.817001038916854e-06
categorical__Product ID_M19158,8.815944922653664e-06
categorical__Product ID_M18879,8.815849397481246e-06
categorical__Product ID_L51548,8.807726004445449e-06
categorical__Product ID_M21835,8.803082332652459e-06
categorical__Product ID_L54999,8.776592217270532e-06
categorical__Product ID_M17218,8.74718894730309e-06
categorical__Product ID_L51608,8.746403211409305e-06
categorical__Product ID_L48373,8.734325578821091e-06
categorical__Product ID_L52904,8.729547337860267e-06
categorical__Product ID_L55807,8.692875499176498e-06
categorical__Product ID_H33087,8.689737228922526e-06
categorical__Product ID_L51282,8.685141782232878e-06
categorical__Product ID_L54769,8.67804308004711e-06
categorical__Product ID_H31090,8.674664980684616e-06
categorical__Product ID_M21429,8.672994148360592e-06
categorical__Product ID_M19344,8.666602664038663e-06
categorical__Product ID_H33869,8.652633655144617e-06
categorical__Product ID_L55321,8.638501460769504e-06
categorical__Product ID_M18995,8.62988722360311e-06
categorical__Product ID_L48016,8.62818510692394e-06
categorical__Product ID_M19741,8.626928549190996e-06
categorical__Product ID_L56814,8.622656544634647e-06
categorical__Product ID_M17017,8.619161400250105e-06
categorical__Product ID_M15611,8.617209181491599e-06
categorical__Product ID_M22143,8.615524023689793e-06
categorical__Product ID_M22654,8.607739443956721e-06
categorical__Product ID_L51417,8.588249868401118e-06
categorical__Product ID_L51380,8.574451481205158e-06
categorical__Product ID_M15360,8.57057493457637e-06
categorical__Product ID_L51867,8.557550004068883e-06
categorical__Product ID_L56320,8.551530609833476e-06
categorical__Product ID_L48588,8.550226179779385e-06
categorical__Product ID_M23628,8.549571280789312e-06
categorical__Product ID_H39353,8.549028371052787e-06
categorical__Product ID_L54693,8.538481427322499e-06
categorical__Product ID_H33908,8.530025011626535e-06
categorical__Product ID_L52340,8.524717426926298e-06
categorical__Product ID_M21447,8.52420161106876e-06
categorical__Product ID_H30620,8.519896460527438e-06
categorical__Product ID_L51460,8.511755063033884e-06
categorical__Product ID_L56276,8.503215616167132e-06
categorical__Product ID_L47423,8.497530691411068e-06
categorical__Product ID_L51598,8.49551022397256e-06
categorical__Product ID_L47220,8.493667746918772e-06
categorical__Product ID_M21476,8.487786641184082e-06
categorical__Product ID_L55777,8.482172388592209e-06
categorical__Product ID_M14955,8.476894804569212e-06
categorical__Product ID_L51901,8.469024988378262e-06
categorical__Product ID_M17312,8.46327735531146e-06
categorical__Product ID_M18048,8.453094748319354e-06
categorical__Product ID_L51734,8.446339143046705e-06
categorical__Product ID_L51696,8.444738952718157e-06
categorical__Product ID_L51050,8.431709316232894e-06
categorical__Product ID_H35758,8.42505329287108e-06
categorical__Product ID_L50606,8.418503205580047e-06
categorical__Product ID_L51792,8.418000950250357e-06
categorical__Product ID_M19680,8.41688137126609e-06
categorical__Product ID_H30623,8.404828334057088e-06
categorical__Product ID_L55966,8.403322786018875e-06
categorical__Product ID_L47949,8.397428598295348e-06
categorical__Product ID_L51663,8.38880768574356e-06
categorical__Product ID_L47819,8.38257020569023e-06
categorical__Product ID_M24244,8.372798178676162e-06
categorical__Product ID_H32126,8.36882132667774e-06
categorical__Product ID_M16590,8.357955936779173e-06
categorical__Product ID_L48640,8.350911928329989e-06
categorical__Product ID_L52560,8.33853297525001e-06
categorical__Product ID_L51710,8.32556973216975e-06
categorical__Product ID_L47506,8.322832497006048e-06
categorical__Product ID_L48463,8.322706366751856e-06
categorical__Product ID_L51670,8.29942585056571e-06
categorical__Product ID_L51835,8.292122422045443e-06
categorical__Product ID_M22420,8.284639216293082e-06
categorical__Product ID_L50837,8.281586054679013e-06
categorical__Product ID_L51837,8.27986017584793e-06
categorical__Product ID_H33810,8.278573692390864e-06
categorical__Product ID_M16886,8.275699150863934e-06
categorical__Product ID_L54469,8.27406077465041e-06
categorical__Product ID_L52117,8.260846933291611e-06
categorical__Product ID_H39075,8.249983144912213e-06
categorical__Product ID_H36152,8.249128543398755e-06
categorical__Product ID_L55197,8.248011169771247e-06
categorical__Product ID_L48854,8.243858712647929e-06
categorical__Product ID_H31256,8.228877765270135e-06
categorical__Product ID_L51751,8.227806488033343e-06
categorical__Product ID_M19577,8.225596290243995e-06
categorical__Product ID_L51052,8.216418802363473e-06
categorical__Product ID_M19312,8.210462225145902e-06
categorical__Product ID_L50321,8.209200027622306e-06
categorical__Product ID_M17187,8.206962929897981e-06
categorical__Product ID_M20000,8.206463322118928e-06
categorical__Product ID_L51895,8.192854753274687e-06
categorical__Product ID_M15339,8.162461485466429e-06
categorical__Product ID_L54345,8.158721886803485e-06
categorical__Product ID_L56592,8.141900579114565e-06
categorical__Product ID_H33509,8.141804576872285e-06
categorical__Product ID_L55045,8.13256110449663e-06
categorical__Product ID_M17795,8.129378382243116e-06
categorical__Product ID_M19135,8.128079503910785e-06
categorical__Product ID_L49198,8.12435067811082e-06
categorical__Product ID_L55587,8.120961007371722e-06
categorical__Product ID_L50785,8.11935322806305e-06
categorical__Product ID_L55947,8.109261431613008e-06
categorical__Product ID_L54445,8.107322639649103e-06
categorical__Product ID_M19462,8.09969475335535e-06
categorical__Product ID_M15502,8.098060171533993e-06
categorical__Product ID_H31173,8.090517910956357e-06
categorical__Product ID_H33341,8.0705980002262e-06
categorical__Product ID_L52331,8.06161347731004e-06
categorical__Product ID_L52170,8.060880573519862e-06
categorical__Product ID_L54056,8.055719264805617e-06
categorical__Product ID_L51758,8.032473044444333e-06
categorical__Product ID_L55845,8.0323357983984e-06
categorical__Product ID_L53433,8.028861027006928e-06
categorical__Product ID_L51308,8.013983545676502e-06
categorical__Product ID_M19454,8.003717277571857e-06
categorical__Product ID_H31219,8.001952496822031e-06
categorical__Product ID_M21865,7.998301826445336e-06
categorical__Product ID_L53837,7.996429780068695e-06
categorical__Product ID_M24689,7.992587749994811e-06
categorical__Product ID_L47579,7.989278991801682e-06
categorical__Product ID_L52742,7.988200814428766e-06
categorical__Product ID_M19366,7.988200429453388e-06
categorical__Product ID_H29743,7.969656682303129e-06
categorical__Product ID_L51500,7.958129292427341e-06
categorical__Product ID_H37626,7.943817231050969e-06
categorical__Product ID_L47847,7.939720729143995e-06
categorical__Product ID_M15755,7.939677372488398e-06
categorical__Product ID_M22719,7.93147997135801e-06
categorical__Product ID_L53949,7.913666877101969e-06
categorical__Product ID_L51739,7.91107394502074e-06
categorical__Product ID_L51795,7.888645766408493e-06
categorical__Product ID_L50876,7.887574498451247e-06
categorical__Product ID_L50561,7.887278065496367e-06
categorical__Product ID_M24070,7.883618023577094e-06
categorical__Product ID_L49390,7.871121575216404e-06
categorical__Product ID_H37674,7.870068423454891e-06
categorical__Product ID_L48331,7.869769879825725e-06
categorical__Product ID_M24479,7.854828770014066e-06
categorical__Product ID_L51956,7.851578957152175e-06
categorical__Product ID_L49845,7.840863452491992e-06
categorical__Product ID_H32553,7.837776626707835e-06
categorical__Product ID_L51305,7.833071941788565e-06
categorical__Product ID_M18046,7.825959880754635e-06
categorical__Product ID_L51551,7.823707651673744e-06
categorical__Product ID_L50794,7.822976018084488e-06
categorical__Product ID_L52099,7.807401621192873e-06
categorical__Product ID_L47402,7.768504289890868e-06
categorical__Product ID_M24257,7.76553064112776e-06
categorical__Product ID_L51575,7.75681085370901e-06
categorical__Product ID_L47788,7.756739973127843e-06
categorical__Product ID_L55915,7.755805237267152e-06
categorical__Product ID_L50315,7.755595520333073e-06
categorical__Product ID_L53530,7.750653371751783e-06
categorical__Product ID_M19514,7.749039036244086e-06
categorical__Product ID_L51283,7.74061124141523e-06
categorical__Product ID_L53666,7.730407214862171e-06
categorical__Product ID_L51255,7.723474986931769e-06
categorical__Product ID_M19253,7.722666768741944e-06
categorical__Product ID_M19801,7.719926753242066e-06
categorical__Product ID_M19389,7.712992748874668e-06
categorical__Product ID_L49175,7.709179142259227e-06
categorical__Product ID_H34128,7.707979603514599e-06
categorical__Product ID_L50620,7.677556620733828e-06
categorical__Product ID_L51498,7.674829276729586e-06
categorical__Product ID_M19773,7.657897611585312e-06
categorical__Product ID_L49657,7.644409038670851e-06
categorical__Product ID_H36364,7.639764484632299e-06
categorical__Product ID_L52744,7.632927153326846e-06
categorical__Product ID_L54363,7.6245085084652154e-06
categorical__Product ID_M16333,7.622392104298352e-06
categorical__Product ID_L51017,7.616383890517118e-06
categorical__Product ID_L47781,7.61470679975706e-06
categorical__Product ID_L52995,7.611064043601633e-06
categorical__Product ID_H35584,7.607699289853563e-06
categorical__Product ID_M19048,7.607587995541426e-06
categorical__Product ID_L53434,7.604438316422865e-06
categorical__Product ID_L50208,7.5993791392258e-06
categorical__Product ID_L56469,7.574166749098252e-06
categorical__Product ID_L50422,7.573941289899162e-06
categorical__Product ID_L48507,7.568650491528586e-06
categorical__Product ID_L48130,7.566078604790439e-06
categorical__Product ID_L52483,7.564518900989961e-06
categorical__Product ID_L52612,7.561220992357644e-06
categorical__Product ID_M18912,7.55842911303118e-06
categorical__Product ID_L50871,7.558013600823012e-06
categorical__Product ID_L49498,7.540016821064086e-06
categorical__Product ID_L49781,7.53416574121069e-06
categorical__Product ID_M21452,7.533545391068376e-06
categorical__Product ID_M24281,7.5302931543623235e-06
categorical__Product ID_L55664,7.524712298844376e-06
categorical__Product ID_L51394,7.521152440361683e-06
categorical__Product ID_L51412,7.518512941306311e-06
categorical__Product ID_L53656,7.512714741493255e-06
categorical__Product ID_L48670,7.504097717821758e-06
categorical__Product ID_L48967,7.4975177728865245e-06
categorical__Product ID_H33722,7.492581833003904e-06
categorical__Product ID_L47998,7.484835095162346e-06
categorical__Product ID_L55532,7.484441243892927e-06
categorical__Product ID_H33912,7.475012625340149e-06
categorical__Product ID_M16517,7.438167387625512e-06
categorical__Product ID_M24766,7.433840213497482e-06
categorical__Product ID_M20753,7.432552465552827e-06
categorical__Product ID_M18691,7.432276921970071e-06
categorical__Product ID_M19296,7.422485711122434e-06
categorical__Product ID_L51711,7.420938271033996e-06
categorical__Product ID_H34167,7.405836087930905e-06
categorical__Product ID_L51567,7.389303055122799e-06
categorical__Product ID_L52645,7.388542947279326e-06
categorical__Product ID_M22598,7.383026091819751e-06
categorical__Product ID_M15783,7.364965007138031e-06
categorical__Product ID_H30650,7.3645713256454635e-06
categorical__Product ID_L54557,7.358885259380363e-06
categorical__Product ID_L51329,7.358201341258677e-06
categorical__Product ID_L51999,7.347529191742236e-06
categorical__Product ID_L48368,7.338334001750681e-06
categorical__Product ID_L47433,7.335734377022681e-06
categorical__Product ID_L51954,7.3320034599954266e-06
categorical__Product ID_L51484,7.310911207858803e-06
categorical__Product ID_L50216,7.306895079790495e-06
categorical__Product ID_L54583,7.30359614546907e-06
categorical__Product ID_H29998,7.302099500895302e-06
categorical__Product ID_M18828,7.298912681237492e-06
categorical__Product ID_L54140,7.293597671391709e-06
categorical__Product ID_L51904,7.291994901010612e-06
categorical__Product ID_L52996,7.27771617126708e-06
categorical__Product ID_L51514,7.272502420659577e-06
categorical__Product ID_M17973,7.271735939944132e-06
categorical__Product ID_L49690,7.264097751434425e-06
categorical__Product ID_L56803,7.2507765332536826e-06
categorical__Product ID_L56987,7.248956594674764e-06
categorical__Product ID_L51328,7.2445399129349336e-06
categorical__Product ID_L55289,7.241078955333872e-06
categorical__Product ID_L51033,7.236620071192705e-06
categorical__Product ID_L49544,7.233241856380495e-06
categorical__Product ID_L56224,7.232126972261025e-06
categorical__Product ID_L52277,7.2244949695238025e-06
categorical__Product ID_L52835,7.220556773601594e-06
categorical__Product ID_M20120,7.216818747041815e-06
categorical__Product ID_M16799,7.208960178054629e-06
categorical__Product ID_L57023,7.204831670639439e-06
categorical__Product ID_L51408,7.196496165351864e-06
categorical__Product ID_L48097,7.193885196250122e-06
categorical__Product ID_M15480,7.189885110462532e-06
categorical__Product ID_L56192,7.178899445776106e-06
categorical__Product ID_M22383,7.178569555557688e-06
categorical__Product ID_L51257,7.177939539181295e-06
categorical__Product ID_L53257,7.1748347274610855e-06
categorical__Product ID_M18847,7.17175207960991e-06
categorical__Product ID_M20297,7.17126170039835e-06
categorical__Product ID_L52561,7.1549430312412365e-06
categorical__Product ID_M19434,7.146514686342379e-06
categorical__Product ID_L55582,7.14209569897691e-06
categorical__Product ID_L51311,7.141758382029942e-06
categorical__Product ID_L52068,7.141571339224509e-06
categorical__Product ID_L50230,7.140377035370775e-06
categorical__Product ID_L51349,7.130531471014505e-06
categorical__Product ID_L51354,7.1204576228638225e-06
categorical__Product ID_M18629,7.117275435245542e-06
categorical__Product ID_M18040,7.114443978260702e-06
categorical__Product ID_M19631,7.097030807283712e-06
categorical__Product ID_M19549,7.095328921947946e-06
categorical__Product ID_M16135,7.094188026348677e-06
categorical__Product ID_L52558,7.093563418281587e-06
categorical__Product ID_L48879,7.092580419701803e-06
categorical__Product ID_L51342,7.091427490643165e-06
categorical__Product ID_M20061,7.076004124240569e-06
categorical__Product ID_H37040,7.074161970273472e-06
categorical__Product ID_M20883,7.0732641611688505e-06
categorical__Product ID_L51419,7.069094319098359e-06
categorical__Product ID_H37181,7.067486344465589e-06
categorical__Product ID_L54341,7.064478991771581e-06
categorical__Product ID_M22722,7.062376208430056e-06
categorical__Product ID_L51252,7.061801063442979e-06
categorical__Product ID_L51399,7.0615170390799164e-06
categorical__Product ID_H29466,7.056819917144826e-06
categorical__Product ID_M18491,7.052914042546579e-06
categorical__Product ID_M15532,7.0514743438219675e-06
categorical__Product ID_M19777,7.03786894799471e-06
categorical__Product ID_L48667,7.037275129215904e-06
categorical__Product ID_L52712,7.004902241347194e-06
categorical__Product ID_H34308,7.004386378869519e-06
categorical__Product ID_L52115,6.998659417668049e-06
categorical__Product ID_M16294,6.998327669730408e-06
categorical__Product ID_L51920,6.996035588019788e-06
categorical__Product ID_M18390,6.9919150425345134e-06
categorical__Product ID_M15154,6.986910027448092e-06
categorical__Product ID_M23815,6.98386774554998e-06
categorical__Product ID_M20301,6.970690691015671e-06
categorical__Product ID_L50860,6.964843331040786e-06
categorical__Product ID_M20441,6.962679750333801e-06
categorical__Product ID_L55796,6.9605190296866456e-06
categorical__Product ID_L50519,6.953072491605485e-06
categorical__Product ID_M22136,6.944153180996615e-06
categorical__Product ID_H37486,6.9420911807693945e-06
categorical__Product ID_M24079,6.9420396823635e-06
categorical__Product ID_H33575,6.941504429471629e-06
categorical__Product ID_M22418,6.941481581900869e-06
categorical__Product ID_L51989,6.934871399281489e-06
categorical__Product ID_M18765,6.931243672816656e-06
categorical__Product ID_L51424,6.9292221670087415e-06
categorical__Product ID_L52325,6.917559040229854e-06
categorical__Product ID_M17464,6.915838337001103e-06
categorical__Product ID_M18248,6.912277959871871e-06
categorical__Product ID_L56096,6.903733795188779e-06
categorical__Product ID_L51579,6.895216855664269e-06
categorical__Product ID_L51862,6.8910593681575074e-06
categorical__Product ID_M17878,6.8863375133501326e-06
categorical__Product ID_H34591,6.8813544948770876e-06
categorical__Product ID_M21644,6.870532305807413e-06
categorical__Product ID_L51706,6.867737399596597e-06
categorical__Product ID_H37455,6.866773409567759e-06
categorical__Product ID_M19933,6.8531450124242745e-06
categorical__Product ID_H33772,6.844290282859119e-06
categorical__Product ID_H34818,6.8168831101808354e-06
categorical__Product ID_L52520,6.809997584403423e-06
categorical__Product ID_L50819,6.8067654802547264e-06
categorical__Product ID_H33674,6.806573364507657e-06
categorical__Product ID_L52187,6.796068309659164e-06
categorical__Product ID_L52183,6.788454296284167e-06
categorical__Product ID_L50754,6.787077697753838e-06
categorical__Product ID_L55502,6.777778975158648e-06
categorical__Product ID_L51983,6.774624025229691e-06
categorical__Product ID_L51963,6.770912558903996e-06
categorical__Product ID_L56095,6.765634618095245e-06
categorical__Product ID_M18707,6.760653468802211e-06
categorical__Product ID_M19012,6.756510135893766e-06
categorical__Product ID_M20430,6.755909125536544e-06
categorical__Product ID_M17828,6.753415426318452e-06
categorical__Product ID_L53974,6.752605287642307e-06
categorical__Product ID_M16359,6.751951669287972e-06
categorical__Product ID_L51838,6.7466837548782735e-06
categorical__Product ID_L51689,6.745113506195463e-06
categorical__Product ID_M18926,6.740178412955987e-06
categorical__Product ID_L51594,6.7230063548231456e-06
categorical__Product ID_H36642,6.716575175485572e-06
categorical__Product ID_M19276,6.716482527800542e-06
categorical__Product ID_L56587,6.707860093830854e-06
categorical__Product ID_L51669,6.706775317605644e-06
categorical__Product ID_L52910,6.702879165338061e-06
categorical__Product ID_L48049,6.699076154608126e-06
categorical__Product ID_M19363,6.69792046031732e-06
categorical__Product ID_M19791,6.6965849755051355e-06
categorical__Product ID_M18782,6.69112769939472e-06
categorical__Product ID_L51137,6.671743044083821e-06
categorical__Product ID_L54167,6.6715895404778955e-06
categorical__Product ID_L50787,6.666012083361002e-06
categorical__Product ID_L57067,6.643155734052254e-06
categorical__Product ID_L51922,6.641397852803566e-06
categorical__Product ID_L48659,6.640189378677976e-06
categorical__Product ID_L50880,6.6266345061314746e-06
categorical__Product ID_L49055,6.626457632234628e-06
categorical__Product ID_L50903,6.621377309887962e-06
categorical__Product ID_L56468,6.612172504458086e-06
categorical__Product ID_L51073,6.607976397624576e-06
categorical__Product ID_H29457,6.602435250431649e-06
categorical__Product ID_L49241,6.598312172107558e-06
categorical__Product ID_H36114,6.594353455316698e-06
categorical__Product ID_L49605,6.589235235580303e-06
categorical__Product ID_M18731,6.582370522244516e-06
categorical__Product ID_L50968,6.580290474915141e-06
categorical__Product ID_H29968,6.574077726895816e-06
categorical__Product ID_H33166,6.5641148108817635e-06
categorical__Product ID_H30736,6.555298602218324e-06
categorical__Product ID_L50470,6.548134464321408e-06
categorical__Product ID_M19182,6.546453462112375e-06
categorical__Product ID_L50117,6.542900286599817e-06
categorical__Product ID_H34329,6.536629741783298e-06
categorical__Product ID_L49764,6.529174668491357e-06
categorical__Product ID_L51461,6.5127732875673375e-06
categorical__Product ID_L52125,6.5066146778869785e-06
categorical__Product ID_M21959,6.4971170612801815e-06
categorical__Product ID_M18656,6.484441610224721e-06
categorical__Product ID_L51644,6.468336148387757e-06
categorical__Product ID_L53271,6.4677484143260285e-06
categorical__Product ID_L49418,6.465103367242668e-06
categorical__Product ID_L51749,6.455929540008797e-06
categorical__Product ID_H34464,6.455345819857361e-06
categorical__Product ID_L55255,6.449514191836636e-06
categorical__Product ID_M18758,6.445625901843165e-06
categorical__Product ID_L51443,6.44226260970424e-06
categorical__Product ID_M19841,6.4299535318976825e-06
categorical__Product ID_H34089,6.426249574103837e-06
categorical__Product ID_L48497,6.419417596671876e-06
categorical__Product ID_M16103,6.419011853525449e-06
categorical__Product ID_L49256,6.418594461331115e-06
categorical__Product ID_H34463,6.41608349095584e-06
categorical__Product ID_L47240,6.415556431777711e-06
categorical__Product ID_L48940,6.409459297320404e-06
categorical__Product ID_L51885,6.401368444077138e-06
categorical__Product ID_H33847,6.401125160124525e-06
categorical__Product ID_M24435,6.399621647991319e-06
categorical__Product ID_L50283,6.397193523565189e-06
categorical__Product ID_M16354,6.3962888621160415e-06
categorical__Product ID_M23473,6.395461083925242e-06
categorical__Product ID_M23195,6.393256735150623e-06
categorical__Product ID_L51542,6.3864356080693304e-06
categorical__Product ID_H34202,6.385313697048932e-06
categorical__Product ID_H34330,6.383168126328126e-06
categorical__Product ID_L52338,6.371511498588896e-06
categorical__Product ID_L53113,6.3715010038249045e-06
categorical__Product ID_M20506,6.371084938909877e-06
categorical__Product ID_L50728,6.353592430991107e-06
categorical__Product ID_L51590,6.3495161130547415e-06
categorical__Product ID_L51278,6.341028945876928e-06
categorical__Product ID_L51404,6.338752379661014e-06
categorical__Product ID_H33269,6.336269720436989e-06
categorical__Product ID_M18523,6.33100585857703e-06
categorical__Product ID_L56190,6.298715026696465e-06
categorical__Product ID_M23783,6.2929108946527035e-06
categorical__Product ID_L51626,6.281398786096729e-06
categorical__Product ID_M19068,6.277275364642252e-06
categorical__Product ID_M18347,6.276446694770872e-06
categorical__Product ID_L56365,6.267076981905194e-06
categorical__Product ID_L52008,6.265721013243218e-06
categorical__Product ID_L55885,6.26514181762001e-06
categorical__Product ID_H34183,6.260985004446234e-06
categorical__Product ID_H37757,6.260571039644657e-06
categorical__Product ID_L55968,6.256064188527828e-06
categorical__Product ID_L51997,6.243055839494154e-06
categorical__Product ID_L51180,6.238239447408408e-06
categorical__Product ID_L50927,6.235612038757408e-06
categorical__Product ID_M18325,6.2306954829924124e-06
categorical__Product ID_L48338,6.227705415523447e-06
categorical__Product ID_M23501,6.223662143262628e-06
categorical__Product ID_L53146,6.218913926018782e-06
categorical__Product ID_L50702,6.214983606292988e-06
categorical__Product ID_L48195,6.211020442401716e-06
categorical__Product ID_L48768,6.210149221613467e-06
categorical__Product ID_M20176,6.2042453115014075e-06
categorical__Product ID_L47333,6.203677644650565e-06
categorical__Product ID_L48082,6.196472790486911e-06
categorical__Product ID_L52010,6.189384621966855e-06
categorical__Product ID_M19892,6.177644852636698e-06
categorical__Product ID_H33160,6.177237080339189e-06
categorical__Product ID_L53845,6.165314762450982e-06
categorical__Product ID_L50814,6.162042815738039e-06
categorical__Product ID_L51978,6.148679353806743e-06
categorical__Product ID_L55535,6.148275347506192e-06
categorical__Product ID_L50587,6.14520835239531e-06
categorical__Product ID_L51324,6.144036556994775e-06
categorical__Product ID_M18870,6.140731783345851e-06
categorical__Product ID_H38513,6.138678850492699e-06
categorical__Product ID_L54011,6.137049294891974e-06
categorical__Product ID_L51624,6.129823618621641e-06
categorical__Product ID_L49086,6.128697935819847e-06
categorical__Product ID_M17783,6.128247075699742e-06
categorical__Product ID_L52468,6.12455095637717e-06
categorical__Product ID_M24767,6.117153804041225e-06
categorical__Product ID_M23797,6.115758563942819e-06
categorical__Product ID_M19705,6.112323069478444e-06
categorical__Product ID_L54558,6.108010974102541e-06
categorical__Product ID_M18575,6.106472574556645e-06
categorical__Product ID_L53287,6.105761044021318e-06
categorical__Product ID_L50881,6.092645012073634e-06
categorical__Product ID_L51773,6.085780226971617e-06
categorical__Product ID_L50738,6.08518591087329e-06
categorical__Product ID_M22276,6.083804121039119e-06
categorical__Product ID_H35946,6.079514688705873e-06
categorical__Product ID_L49143,6.078845540700663e-06
categorical__Product ID_L52202,6.076728709690663e-06
categorical__Product ID_M20219,6.074592245113813e-06
categorical__Product ID_L50952,6.067767764726702e-06
categorical__Product ID_L51985,6.06708192459402e-06
categorical__Product ID_L50316,6.065302315168935e-06
categorical__Product ID_L50740,6.064649868116978e-06
categorical__Product ID_L50697,6.054712941410912e-06
categorical__Product ID_L53593,6.052686674755455e-06
categorical__Product ID_L51159,6.0501040953990694e-06
categorical__Product ID_L54768,6.0402118998318264e-06
categorical__Product ID_H29997,6.034628313132457e-06
categorical__Product ID_M19116,6.022020300978134e-06
categorical__Product ID_M19025,6.019952400265504e-06
categorical__Product ID_L51032,6.018797137969293e-06
categorical__Product ID_L52516,6.006132372525255e-06
categorical__Product ID_H38231,6.000168964138154e-06
categorical__Product ID_L52240,5.996115408988432e-06
categorical__Product ID_L52098,5.994091677578015e-06
categorical__Product ID_H30909,5.9882473882805865e-06
categorical__Product ID_L52154,5.969891038625697e-06
categorical__Product ID_L51762,5.965848244754922e-06
categorical__Product ID_M18454,5.964166037574298e-06
categorical__Product ID_L51796,5.956604453596686e-06
categorical__Product ID_L51591,5.9458235540190426e-06
categorical__Product ID_M17294,5.9399140701314325e-06
categorical__Product ID_L51270,5.938441408586362e-06
categorical__Product ID_M19960,5.93816662848584e-06
categorical__Product ID_L47367,5.937286207107202e-06
categorical__Product ID_H34571,5.9370037558007395e-06
categorical__Product ID_L50000,5.928851469145709e-06
categorical__Product ID_M19949,5.92584852240228e-06
categorical__Product ID_L51886,5.921759448335434e-06
categorical__Product ID_L50533,5.917911876441665e-06
categorical__Product ID_L53934,5.912523076321109e-06
categorical__Product ID_H33333,5.909631074354886e-06
categorical__Product ID_L51410,5.906899662958598e-06
categorical__Product ID_L52048,5.893581425795571e-06
categorical__Product ID_L47635,5.893463609971844e-06
categorical__Product ID_L47251,5.883704298725122e-06
categorical__Product ID_L54181,5.883280636468404e-06
categorical__Product ID_M18989,5.880738215073775e-06
categorical__Product ID_L55557,5.86990393240764e-06
categorical__Product ID_M18756,5.867264595157011e-06
categorical__Product ID_H35061,5.86238418713957e-06
categorical__Product ID_L53330,5.8580133260453424e-06
categorical__Product ID_L54930,5.848613032172509e-06
categorical__Product ID_L55275,5.847514523839277e-06
categorical__Product ID_L51236,5.8467768666785355e-06
categorical__Product ID_L51518,5.8430823123404245e-06
categorical__Product ID_L53060,5.832649962356476e-06
categorical__Product ID_L51358,5.824301262466763e-06
categorical__Product ID_M24159,5.820115161004983e-06
categorical__Product ID_L51836,5.817544228910475e-06
categorical__Product ID_L54275,5.811335679970658e-06
categorical__Product ID_L51536,5.809906155793268e-06
categorical__Product ID_M18621,5.808106879626521e-06
categorical__Product ID_H31719,5.8045298068446265e-06
categorical__Product ID_M19014,5.7988247387773476e-06
categorical__Product ID_M19282,5.788172724997919e-06
categorical__Product ID_L47810,5.786996470155762e-06
categorical__Product ID_M17064,5.786970075193174e-06
categorical__Product ID_H34496,5.784283602283849e-06
categorical__Product ID_L51165,5.781446876756499e-06
categorical__Product ID_M19571,5.779223914379248e-06
categorical__Product ID_M19987,5.762693647127428e-06
categorical__Product ID_L54216,5.7578835497706584e-06
categorical__Product ID_L54128,5.7517383342678994e-06
categorical__Product ID_M19783,5.749204507733792e-06
categorical__Product ID_M23445,5.7438538388926565e-06
categorical__Product ID_H34170,5.7357800654122105e-06
categorical__Product ID_H34166,5.735734806109741e-06
categorical__Product ID_H33291,5.735179922249647e-06
categorical__Product ID_L54486,5.734362853941805e-06
categorical__Product ID_H31249,5.733486023016476e-06
categorical__Product ID_L50723,5.7316845090208685e-06
categorical__Product ID_L52150,5.730717884882847e-06
categorical__Product ID_L52196,5.7191453474787035e-06
categorical__Product ID_H34298,5.7084748334163965e-06
categorical__Product ID_L51631,5.702598982762445e-06
categorical__Product ID_M18846,5.6972681204132285e-06
categorical__Product ID_M18728,5.697174984408004e-06
categorical__Product ID_M24275,5.686230868138833e-06
categorical__Product ID_L51761,5.6819136193196416e-06
categorical__Product ID_L56712,5.680353871870542e-06
categorical__Product ID_L52023,5.680023431696966e-06
categorical__Product ID_L49739,5.677755586855515e-06
categorical__Product ID_L50465,5.671830043646121e-06
categorical__Product ID_L52155,5.669284285268098e-06
categorical__Product ID_H33604,5.6653296720418805e-06
categorical__Product ID_L51708,5.663512721774599e-06
categorical__Product ID_L51741,5.659431409890815e-06
categorical__Product ID_L51523,5.657885402573311e-06
categorical__Product ID_L52288,5.656979050774342e-06
categorical__Product ID_H33913,5.652443802087293e-06
categorical__Product ID_H32628,5.65148822761823e-06
categorical__Product ID_M20587,5.64183657979491e-06
categorical__Product ID_M21289,5.641506528130398e-06
categorical__Product ID_M22278,5.6355838762765514e-06
categorical__Product ID_L49502,5.632959527257279e-06
categorical__Product ID_M18042,5.627014730966356e-06
categorical__Product ID_H37290,5.626815725035238e-06
categorical__Product ID_M19307,5.625236464065812e-06
categorical__Product ID_M21585,5.625059062186446e-06
categorical__Product ID_M19058,5.624149631795949e-06
categorical__Product ID_L49386,5.619746001866103e-06
categorical__Product ID_L48226,5.6096893934288416e-06
categorical__Product ID_M22318,5.6063082643509735e-06
categorical__Product ID_M19804,5.605806700156106e-06
categorical__Product ID_H31628,5.605364181888496e-06
categorical__Product ID_L51268,5.603970185632566e-06
categorical__Product ID_H34207,5.585694704287012e-06
categorical__Product ID_L52608,5.5848419694492895e-06
categorical__Product ID_L51691,5.582585846252267e-06
categorical__Product ID_M18897,5.575359031824509e-06
categorical__Product ID_M19817,5.5721376812033084e-06
categorical__Product ID_M19041,5.56805609914063e-06
categorical__Product ID_M17864,5.566924175286592e-06
categorical__Product ID_M19105,5.563406003882727e-06
categorical__Product ID_M19019,5.563060546702866e-06
categorical__Product ID_L48851,5.5587815968050555e-06
categorical__Product ID_L54097,5.557237887586041e-06
categorical__Product ID_L52133,5.550779577192422e-06
categorical__Product ID_L57141,5.548632275104819e-06
categorical__Product ID_H39163,5.5471246911665204e-06
categorical__Product ID_L51744,5.5393005407514736e-06
categorical__Product ID_L51218,5.5373750294513005e-06
categorical__Product ID_M19905,5.529384450042734e-06
categorical__Product ID_M18129,5.524784776277818e-06
categorical__Product ID_L56169,5.523341721985599e-06
categorical__Product ID_M18424,5.523138014501333e-06
categorical__Product ID_L55951,5.520097651035963e-06
categorical__Product ID_L53539,5.519313816624757e-06
categorical__Product ID_L53760,5.518574772898873e-06
categorical__Product ID_L52072,5.516548016658122e-06
categorical__Product ID_L52182,5.514840405506446e-06
categorical__Product ID_L51132,5.50653588005471e-06
categorical__Product ID_M18660,5.505097357838557e-06
categorical__Product ID_L54976,5.5037600402013554e-06
categorical__Product ID_M20339,5.498954028319252e-06
categorical__Product ID_L51121,5.478377331474828e-06
categorical__Product ID_L55334,5.476458158950245e-06
categorical__Product ID_M23235,5.471799830831022e-06
categorical__Product ID_M19550,5.468128847072787e-06
categorical__Product ID_M19089,5.465499250392647e-06
categorical__Product ID_H30668,5.4578575723172466e-06
categorical__Product ID_L50869,5.453716055892869e-06
categorical__Product ID_L51162,5.4535507396434925e-06
categorical__Product ID_L50961,5.4489693969435975e-06
categorical__Product ID_L55100,5.448959396023347e-06
categorical__Product ID_H35040,5.448335741035181e-06
categorical__Product ID_L52777,5.439224859395948e-06
categorical__Product ID_H38233,5.438796518406409e-06
categorical__Product ID_L51441,5.423867998469525e-06
categorical__Product ID_L50993,5.419701149376109e-06
categorical__Product ID_L51803,5.418783889422847e-06
categorical__Product ID_L52122,5.418360236245296e-06
categorical__Product ID_L47383,5.415120849437235e-06
categorical__Product ID_L49463,5.410251832651941e-06
categorical__Product ID_M18020,5.4095024797355175e-06
categorical__Product ID_L48539,5.400503104418987e-06
categorical__Product ID_L51374,5.399032982138134e-06
categorical__Product ID_M17515,5.38942399824637e-06
categorical__Product ID_M16119,5.382088201905472e-06
categorical__Product ID_L54600,5.377571557492529e-06
categorical__Product ID_H33946,5.3719340995846114e-06
categorical__Product ID_M22055,5.371561983809713e-06
categorical__Product ID_M23542,5.3713858946151685e-06
categorical__Product ID_L51426,5.363038884298379e-06
categorical__Product ID_H34725,5.362278978448899e-06
categorical__Product ID_L54259,5.358406338025447e-06
categorical__Product ID_L51979,5.351502216058035e-06
categorical__Product ID_L50721,5.3504253009188236e-06
categorical__Product ID_L53661,5.34958140616982e-06
categorical__Product ID_L49931,5.348167560303771e-06
categorical__Product ID_L50766,5.344418248319236e-06
categorical__Product ID_L55014,5.339460933583038e-06
categorical__Product ID_M19191,5.338195614481974e-06
categorical__Product ID_L54255,5.336408641380482e-06
categorical__Product ID_H39098,5.333570741199371e-06
categorical__Product ID_M24781,5.332349577155312e-06
categorical__Product ID_M18783,5.327103635277752e-06
categorical__Product ID_M19975,5.325064325653894e-06
categorical__Product ID_M19484,5.32273925138734e-06
categorical__Product ID_L49766,5.316701309939061e-06
categorical__Product ID_L52562,5.310520514561999e-06
categorical__Product ID_M19678,5.3062887449313375e-06
categorical__Product ID_H30528,5.302963502555756e-06
categorical__Product ID_L47472,5.302338949427771e-06
categorical__Product ID_L52559,5.297137636785913e-06
categorical__Product ID_M14904,5.292377259796817e-06
categorical__Product ID_L51062,5.288641623781557e-06
categorical__Product ID_H33298,5.285648059177579e-06
categorical__Product ID_M14876,5.283044096708851e-06
categorical__Product ID_L54338,5.282837484193145e-06
categorical__Product ID_M22325,5.280745979101249e-06
categorical__Product ID_M24636,5.278078604569415e-06
categorical__Product ID_L51397,5.277012613688917e-06
categorical__Product ID_L48848,5.2722989256497816e-06
categorical__Product ID_L54979,5.268195765966486e-06
categorical__Product ID_H33150,5.2659199645654435e-06
categorical__Product ID_H34780,5.26333294027185e-06
categorical__Product ID_M18468,5.263262218829145e-06
categorical__Product ID_L56149,5.259058445715817e-06
categorical__Product ID_M24725,5.252935349495296e-06
categorical__Product ID_L51058,5.250473081394257e-06
categorical__Product ID_H29702,5.2497028264147825e-06
categorical__Product ID_L47647,5.24329773597133e-06
categorical__Product ID_M22427,5.231619623231818e-06
categorical__Product ID_L54495,5.230296425471043e-06
categorical__Product ID_M18983,5.216790391688704e-06
categorical__Product ID_L50719,5.214454377652838e-06
categorical__Product ID_M18353,5.2047646887959276e-06
categorical__Product ID_M21878,5.203981008507636e-06
categorical__Product ID_H32832,5.202854704460674e-06
categorical__Product ID_M20398,5.197148076008908e-06
categorical__Product ID_M19341,5.190247227240758e-06
categorical__Product ID_L51850,5.18256381405371e-06
categorical__Product ID_L52796,5.179780073750734e-06
categorical__Product ID_H33112,5.179758447779832e-06
categorical__Product ID_M18949,5.17928056796963e-06
categorical__Product ID_M16291,5.1789474398826595e-06
categorical__Product ID_L53034,5.174511936665613e-06
categorical__Product ID_L49964,5.174287076006706e-06
categorical__Product ID_H38289,5.1722978632325995e-06
categorical__Product ID_M19743,5.164695804910902e-06
categorical__Product ID_L49755,5.160935588960471e-06
categorical__Product ID_M18951,5.156025340504934e-06
categorical__Product ID_H32797,5.1497763360648615e-06
categorical__Product ID_L49310,5.14533920296731e-06
categorical__Product ID_L51622,5.144061825403483e-06
categorical__Product ID_H29552,5.1423477500098e-06
categorical__Product ID_L53302,5.135592126010437e-06
categorical__Product ID_L51241,5.133829526775104e-06
categorical__Product ID_L48941,5.124233879640941e-06
categorical__Product ID_H33553,5.124114998564737e-06
categorical__Product ID_M18476,5.121241323601395e-06
categorical__Product ID_M18794,5.120646143040075e-06
categorical__Product ID_L52984,5.120494233840106e-06
categorical__Product ID_M18535,5.117390536193406e-06
categorical__Product ID_M18140,5.117318020264206e-06
categorical__Product ID_M22532,5.114819420946333e-06
categorical__Product ID_L51658,5.113236158488559e-06
categorical__Product ID_M19770,5.112549007003875e-06
categorical__Product ID_H30058,5.110141620844971e-06
categorical__Product ID_L56272,5.100243351390252e-06
categorical__Product ID_L56280,5.095614635271621e-06
categorical__Product ID_M19637,5.094776922933531e-06
categorical__Product ID_M19428,5.093387034722117e-06
categorical__Product ID_H34159,5.089766685108872e-06
categorical__Product ID_H35969,5.07852227245269e-06
categorical__Product ID_L53570,5.0765221792118045e-06
categorical__Product ID_H37057,5.0761588342647e-06
categorical__Product ID_M21551,5.0759351250687785e-06
categorical__Product ID_L49422,5.073818089971872e-06
categorical__Product ID_L51259,5.073258969596235e-06
categorical__Product ID_L54137,5.069875172067877e-06
categorical__Product ID_M15249,5.0531139346953e-06
categorical__Product ID_L56719,5.051785167615316e-06
categorical__Product ID_H35632,5.049664095915958e-06
categorical__Product ID_L49652,5.038320521675626e-06
categorical__Product ID_M19806,5.034264775210847e-06
categorical__Product ID_L47736,5.027824994257865e-06
categorical__Product ID_L56498,5.0229884308169e-06
categorical__Product ID_L51729,5.020460869139119e-06
categorical__Product ID_H33317,5.015976090605516e-06
categorical__Product ID_M18668,5.01547287881669e-06
categorical__Product ID_M19427,5.014799735953467e-06
categorical__Product ID_H35898,5.013544423463727e-06
categorical__Product ID_L48641,5.009411470734882e-06
categorical__Product ID_L52406,5.002682114710666e-06
categorical__Product ID_L50364,4.999985164233686e-06
categorical__Product ID_M23563,4.999680871905006e-06
categorical__Product ID_L53489,4.99620950348344e-06
categorical__Product ID_L53975,4.9937736126884726e-06
categorical__Product ID_H37545,4.990577466795342e-06
categorical__Product ID_H39399,4.982610725361188e-06
categorical__Product ID_M20589,4.976512060421837e-06
categorical__Product ID_M18521,4.971786081713923e-06
categorical__Product ID_L51887,4.970081440376175e-06
categorical__Product ID_M24580,4.96629597120464e-06
categorical__Product ID_L51588,4.964980866665267e-06
categorical__Product ID_M18936,4.962224935019282e-06
categorical__Product ID_L51028,4.955436392257892e-06
categorical__Product ID_L56513,4.95010960749125e-06
categorical__Product ID_L52049,4.946222473078328e-06
categorical__Product ID_L49141,4.945981074307305e-06
categorical__Product ID_M19047,4.9376213808893355e-06
categorical__Product ID_M18687,4.93590363610145e-06
categorical__Product ID_L51743,4.93025662165298e-06
categorical__Product ID_M18953,4.930131346870338e-06
categorical__Product ID_H30525,4.9224359344487045e-06
categorical__Product ID_H34299,4.9201246460952806e-06
categorical__Product ID_L52551,4.9120497867041e-06
categorical__Product ID_M24765,4.911548567147736e-06
categorical__Product ID_H30263,4.911186233713487e-06
categorical__Product ID_H32281,4.908352153629729e-06
categorical__Product ID_M19177,4.894335470126964e-06
categorical__Product ID_M17787,4.8936920375774444e-06
categorical__Product ID_L50873,4.887739267236492e-06
categorical__Product ID_L49433,4.887629431032858e-06
categorical__Product ID_M18462,4.876078918848718e-06
categorical__Product ID_M17688,4.874367690394653e-06
categorical__Product ID_H33240,4.874100933008457e-06
categorical__Product ID_H34293,4.871949553068808e-06
categorical__Product ID_H33001,4.869780914316964e-06
categorical__Product ID_L55268,4.865207864122295e-06
categorical__Product ID_M21991,4.862317945801093e-06
categorical__Product ID_H32920,4.860788125382888e-06
categorical__Product ID_L51281,4.86071390089661e-06
categorical__Product ID_M23377,4.854513294180446e-06
categorical__Product ID_H34092,4.851738714821291e-06
categorical__Product ID_M23629,4.8496038091091206e-06
categorical__Product ID_M17699,4.845802219245495e-06
categorical__Product ID_L50573,4.844372609094561e-06
categorical__Product ID_M16079,4.840504549994328e-06
categorical__Product ID_M18671,4.837302284882755e-06
categorical__Product ID_L50192,4.835523278255781e-06
categorical__Product ID_L56911,4.835161479083019e-06
categorical__Product ID_M17935,4.832402047136507e-06
categorical__Product ID_L51981,4.831809613611804e-06
categorical__Product ID_M19443,4.8309942015332475e-06
categorical__Product ID_L51735,4.830139663242456e-06
categorical__Product ID_L50118,4.8283338326724916e-06
categorical__Product ID_M15588,4.825630726539381e-06
categorical__Product ID_M18394,4.8167969748953795e-06
categorical__Product ID_L50908,4.813535358683536e-06
categorical__Product ID_H34786,4.813122720515034e-06
categorical__Product ID_M19200,4.807701431615549e-06
categorical__Product ID_L54764,4.789819419835632e-06
categorical__Product ID_L49710,4.789259937158984e-06
categorical__Product ID_L49718,4.7881131085569806e-06
categorical__Product ID_M22617,4.774840021287159e-06
categorical__Product ID_L51620,4.774701202330605e-06
categorical__Product ID_M18925,4.7695314045329665e-06
categorical__Product ID_L55778,4.768515203885203e-06
categorical__Product ID_L51699,4.7657673237119e-06
categorical__Product ID_L51420,4.765209037461441e-06
categorical__Product ID_M19859,4.762578892990827e-06
categorical__Product ID_M24192,4.762293971391854e-06
categorical__Product ID_M19891,4.762255412058028e-06
categorical__Product ID_L51277,4.761859580313146e-06
categorical__Product ID_L52315,4.760638475600389e-06
categorical__Product ID_L57078,4.760127241909634e-06
categorical__Product ID_M21445,4.756967082175413e-06
categorical__Product ID_L51673,4.756363814041599e-06
categorical__Product ID_L51401,4.752704203835844e-06
categorical__Product ID_L50391,4.751556304992716e-06
categorical__Product ID_L55198,4.748527732245563e-06
categorical__Product ID_L52948,4.741574227932073e-06
categorical__Product ID_M20473,4.74001291319451e-06
categorical__Product ID_H36340,4.739116825842683e-06
categorical__Product ID_M19432,4.737736942851587e-06
categorical__Product ID_M16816,4.735507265455655e-06
categorical__Product ID_L56367,4.733038827491643e-06
categorical__Product ID_H37544,4.7303253941842846e-06
categorical__Product ID_L51112,4.728381919508171e-06
categorical__Product ID_L50859,4.727568543222536e-06
categorical__Product ID_L52197,4.725868189924277e-06
categorical__Product ID_H33778,4.723251421918622e-06
categorical__Product ID_L52416,4.716330417636171e-06
categorical__Product ID_M16093,4.715225948706281e-06
categorical__Product ID_L52108,4.71433226146316e-06
categorical__Product ID_M20529,4.713032766649176e-06
categorical__Product ID_H30648,4.711833487541368e-06
categorical__Product ID_L51969,4.697356386457579e-06
categorical__Product ID_M19753,4.694163214309257e-06
categorical__Product ID_H34422,4.692404993408046e-06
categorical__Product ID_L53886,4.6917278389238435e-06
categorical__Product ID_L50802,4.6808542309906395e-06
categorical__Product ID_M18662,4.680049146447726e-06
categorical__Product ID_L52706,4.679233268312895e-06
categorical__Product ID_M17209,4.678886639589532e-06
categorical__Product ID_M21822,4.670439607664897e-06
categorical__Product ID_L52639,4.668084917258048e-06
categorical__Product ID_L50969,4.66424750890035e-06
categorical__Product ID_H29990,4.649873169535618e-06
categorical__Product ID_H32007,4.64057538248862e-06
categorical__Product ID_L47839,4.636614548206941e-06
categorical__Product ID_H30318,4.633745989645335e-06
categorical__Product ID_L51243,4.6298583549241475e-06
categorical__Product ID_L56187,4.625729768388252e-06
categorical__Product ID_L52062,4.6216315905749545e-06
categorical__Product ID_L53099,4.612685591020412e-06
categorical__Product ID_L55840,4.611669452881653e-06
categorical__Product ID_M19774,4.6105475684029055e-06
categorical__Product ID_L47846,4.609714951887834e-06
categorical__Product ID_L50552,4.609670267484151e-06
categorical__Product ID_L53559,4.6095859398427374e-06
categorical__Product ID_L51227,4.608963930955601e-06
categorical__Product ID_L48894,4.600589943394848e-06
categorical__Product ID_L49154,4.598160435202261e-06
categorical__Product ID_L57077,4.598012090028591e-06
categorical__Product ID_L55779,4.59665380678651e-06
categorical__Product ID_M19839,4.595252152244644e-06
categorical__Product ID_L52200,4.592509967635362e-06
categorical__Product ID_L57071,4.587683990307788e-06
categorical__Product ID_M15771,4.584830287185715e-06
categorical__Product ID_L52582,4.582477294728226e-06
categorical__Product ID_L50830,4.5816975448580385e-06
categorical__Product ID_M20141,4.578008964112755e-06
categorical__Product ID_L51178,4.577768982374153e-06
categorical__Product ID_H30418,4.57549574921815e-06
categorical__Product ID_M18451,4.575228019968027e-06
categorical__Product ID_M21483,4.560072841463088e-06
categorical__Product ID_L50827,4.555599744790183e-06
categorical__Product ID_L51931,4.5527379543994725e-06
categorical__Product ID_H33816,4.551913109298338e-06
categorical__Product ID_L55142,4.551524734337311e-06
categorical__Product ID_M15718,4.550593456804217e-06
categorical__Product ID_L50027,4.545923247076577e-06
categorical__Product ID_L55077,4.543835320661312e-06
categorical__Product ID_L49472,4.542772939947992e-06
categorical__Product ID_L56278,4.539033300881903e-06
categorical__Product ID_M21465,4.538952639400046e-06
categorical__Product ID_L50812,4.538793524923613e-06
categorical__Product ID_M16124,4.537357064857644e-06
categorical__Product ID_L50886,4.5336804576506704e-06
categorical__Product ID_L47455,4.52587225944962e-06
categorical__Product ID_L53014,4.5257827175536654e-06
categorical__Product ID_L50962,4.52406379262256e-06
categorical__Product ID_M17183,4.523839177675506e-06
categorical__Product ID_H34082,4.522236125772887e-06
categorical__Product ID_H29855,4.5215971080626645e-06
categorical__Product ID_L52110,4.519480954374727e-06
categorical__Product ID_M20043,4.5179683448674915e-06
categorical__Product ID_M16533,4.516746801655433e-06
categorical__Product ID_L51330,4.51580334725054e-06
categorical__Product ID_L50888,4.509848550555749e-06
categorical__Product ID_H39201,4.492785927265379e-06
categorical__Product ID_M17612,4.492556971365148e-06
categorical__Product ID_L50658,4.491930508941092e-06
categorical__Product ID_L53167,4.491494856432347e-06
categorical__Product ID_L50363,4.490830714114327e-06
categorical__Product ID_L52131,4.4887449068343715e-06
categorical__Product ID_L55651,4.488740188189979e-06
categorical__Product ID_L51740,4.486358707775458e-06
categorical__Product ID_L52234,4.483777845252427e-06
categorical__Product ID_M18784,4.481724197091474e-06
categorical__Product ID_L55568,4.480084469303893e-06
categorical__Product ID_L49140,4.479759727947285e-06
categorical__Product ID_L49898,4.472287488884903e-06
categorical__Product ID_L48595,4.471369806287588e-06
categorical__Product ID_M20049,4.4711312005438205e-06
categorical__Product ID_M20317,4.461931126505813e-06
categorical__Product ID_M18302,4.460857998025002e-06
categorical__Product ID_M15142,4.458957327194348e-06
categorical__Product ID_L55454,4.458795881494372e-06
categorical__Product ID_L52882,4.458014089920476e-06
categorical__Product ID_L49505,4.453904329293301e-06
categorical__Product ID_L54581,4.4486036539987515e-06
categorical__Product ID_L50977,4.448585578499481e-06
categorical__Product ID_L52157,4.44811236692547e-06
categorical__Product ID_L51242,4.445352938008727e-06
categorical__Product ID_L47505,4.4417812070451686e-06
categorical__Product ID_M19716,4.4357659315883255e-06
categorical__Product ID_L53507,4.434279359904688e-06
categorical__Product ID_M22450,4.426293727063331e-06
categorical__Product ID_M19808,4.4195023607987875e-06
categorical__Product ID_M15439,4.413148527227946e-06
categorical__Product ID_L51406,4.4103867366132725e-06
categorical__Product ID_L49909,4.403960577197574e-06
categorical__Product ID_L54938,4.4022826124365305e-06
categorical__Product ID_L47355,4.400976688848115e-06
categorical__Product ID_L53795,4.400857454153208e-06
categorical__Product ID_M22968,4.400707233108097e-06
categorical__Product ID_L52598,4.400633498852875e-06
categorical__Product ID_L50696,4.398987195149995e-06
categorical__Product ID_M19897,4.3981408422647715e-06
categorical__Product ID_L49017,4.394122513846524e-06
categorical__Product ID_M16272,4.384042911971729e-06
categorical__Product ID_M19941,4.3828286060286056e-06
categorical__Product ID_H30534,4.381849070444763e-06
categorical__Product ID_M17267,4.378926362359216e-06
categorical__Product ID_L51452,4.377607132961647e-06
categorical__Product ID_L49403,4.376451029078763e-06
categorical__Product ID_L52324,4.3751099891084265e-06
categorical__Product ID_L55768,4.368273091755472e-06
categorical__Product ID_M19098,4.3679385885759705e-06
categorical__Product ID_H33896,4.36460399166506e-06
categorical__Product ID_L48424,4.361060278544291e-06
categorical__Product ID_L56304,4.361021343683647e-06
categorical__Product ID_M19078,4.35880334625007e-06
categorical__Product ID_M24299,4.354557519043513e-06
categorical__Product ID_L55667,4.353961973682217e-06
categorical__Product ID_H31770,4.351088236132311e-06
categorical__Product ID_H30281,4.345165564527063e-06
categorical__Product ID_L53793,4.3436354908573735e-06
categorical__Product ID_L55363,4.3429421555805844e-06
categorical__Product ID_M20326,4.339847877574998e-06
categorical__Product ID_H34320,4.335888526721259e-06
categorical__Product ID_H35745,4.323286025281058e-06
categorical__Product ID_L51266,4.322912146805762e-06
categorical__Product ID_M16361,4.322006102091774e-06
categorical__Product ID_L51415,4.3210940070162215e-06
categorical__Product ID_H37338,4.320638506580382e-06
categorical__Product ID_L47259,4.319627432806096e-06
categorical__Product ID_H32573,4.314185059484813e-06
categorical__Product ID_M18594,4.3050994404567246e-06
categorical__Product ID_L51164,4.3037669228355585e-06
categorical__Product ID_H36734,4.303269218654016e-06
categorical__Product ID_M17542,4.302333267364572e-06
categorical__Product ID_L56731,4.299238631819426e-06
categorical__Product ID_L53809,4.299139269228422e-06
categorical__Product ID_L52818,4.2967400038712024e-06
categorical__Product ID_L53110,4.296643748651686e-06
categorical__Product ID_M19513,4.289116360021671e-06
categorical__Product ID_L56102,4.2880417135098e-06
categorical__Product ID_M20108,4.280638116529376e-06
categorical__Product ID_L55075,4.274113003103397e-06
categorical__Product ID_M15232,4.274094922199281e-06
categorical__Product ID_H34091,4.272611904578867e-06
categorical__Product ID_L48644,4.2718347181989395e-06
categorical__Product ID_L51175,4.269670597576171e-06
categorical__Product ID_L51168,4.268651893827767e-06
categorical__Product ID_L52451,4.263084345716404e-06
categorical__Product ID_L51888,4.261635184326843e-06
categorical__Product ID_M17378,4.258303427114623e-06
categorical__Product ID_H37675,4.255866168328909e-06
categorical__Product ID_M23643,4.249162397270493e-06
categorical__Product ID_L47248,4.248533729582382e-06
categorical__Product ID_L52643,4.248308108604976e-06
categorical__Product ID_M19579,4.247038754441665e-06
categorical__Product ID_H37051,4.2448256983454305e-06
categorical__Product ID_M16351,4.238663751983322e-06
categorical__Product ID_H36744,4.230273352607551e-06
categorical__Product ID_L50722,4.219563741491547e-06
categorical__Product ID_H29767,4.214486601951018e-06
categorical__Product ID_H33648,4.210182299805128e-06
categorical__Product ID_M18757,4.208247364449519e-06
categorical__Product ID_M21195,4.207824376168603e-06
categorical__Product ID_M15184,4.207327520110156e-06
categorical__Product ID_M18483,4.206333633444921e-06
categorical__Product ID_H33239,4.205648718847625e-06
categorical__Product ID_M20316,4.20129009026929e-06
categorical__Product ID_L48242,4.195934357502735e-06
categorical__Product ID_L51577,4.195331943753666e-06
categorical__Product ID_M18350,4.1918459925240485e-06
categorical__Product ID_M20861,4.191746826168819e-06
categorical__Product ID_L48795,4.183549249887773e-06
categorical__Product ID_M20295,4.175066490780581e-06
categorical__Product ID_M21371,4.173341136340497e-06
categorical__Product ID_L50689,4.171056963470801e-06
categorical__Product ID_M17229,4.170373580509514e-06
categorical__Product ID_L54211,4.170128180091805e-06
categorical__Product ID_M23275,4.166617462033066e-06
categorical__Product ID_L48589,4.165031833323191e-06
categorical__Product ID_L51701,4.162477753441306e-06
categorical__Product ID_H36521,4.160797967077373e-06
categorical__Product ID_M23087,4.159832983745566e-06
categorical__Product ID_L53759,4.1561394574408385e-06
categorical__Product ID_L52317,4.1516504623353705e-06
categorical__Product ID_L52587,4.148337569514749e-06
categorical__Product ID_M19457,4.145031667735343e-06
categorical__Product ID_H31567,4.143919669232815e-06
categorical__Product ID_L51765,4.142807005530236e-06
categorical__Product ID_L48065,4.142765530646292e-06
categorical__Product ID_M24201,4.141060789299841e-06
categorical__Product ID_M16274,4.140020994341393e-06
categorical__Product ID_M19482,4.134586206082177e-06
categorical__Product ID_L50617,4.127668548710712e-06
categorical__Product ID_M24560,4.127249153048461e-06
categorical__Product ID_M22570,4.126292205686477e-06
categorical__Product ID_M19787,4.122323405861724e-06
categorical__Product ID_L52699,4.121761527124706e-06
categorical__Product ID_L51416,4.119411643727348e-06
categorical__Product ID_M15363,4.118283854141306e-06
categorical__Product ID_L54483,4.114738864546774e-06
categorical__Product ID_L48337,4.112692209889445e-06
categorical__Product ID_L48033,4.112259546425985e-06
categorical__Product ID_M19563,4.103771389401796e-06
categorical__Product ID_L55706,4.100609370374845e-06
categorical__Product ID_L56062,4.09865408828157e-06
categorical__Product ID_L52194,4.096655295553264e-06
categorical__Product ID_H30474,4.0961716606261725e-06
categorical__Product ID_L51868,4.093636226415318e-06
categorical__Product ID_L52453,4.0875402372175574e-06
categorical__Product ID_M19998,4.0824274039509305e-06
categorical__Product ID_M17014,4.07355252718386e-06
categorical__Product ID_M20674,4.073099438391216e-06
categorical__Product ID_L55020,4.068797951359742e-06
categorical__Product ID_H35348,4.066592872769098e-06
categorical__Product ID_L51274,4.0651704801919784e-06
categorical__Product ID_M24307,4.064333242952699e-06
categorical__Product ID_L51021,4.0639375616746824e-06
categorical__Product ID_M15994,4.063820182479498e-06
categorical__Product ID_L50359,4.061624456440491e-06
categorical__Product ID_L51566,4.060204603778028e-06
categorical__Product ID_L55366,4.055470473564602e-06
categorical__Product ID_L55107,4.0497140948356955e-06
categorical__Product ID_L52767,4.049369162844795e-06
categorical__Product ID_M19930,4.048257349616761e-06
categorical__Product ID_H38801,4.045611546970662e-06
categorical__Product ID_L54684,4.044380600057831e-06
categorical__Product ID_M17522,4.038648141928217e-06
categorical__Product ID_L52345,4.033720237934789e-06
categorical__Product ID_M15742,4.03193945747489e-06
categorical__Product ID_H30368,4.030662158883265e-06
categorical__Product ID_L55124,4.030500274175439e-06
categorical__Product ID_M15216,4.030302043858722e-06
categorical__Product ID_L51061,4.029257268807407e-06
categorical__Product ID_M23763,4.024803854081926e-06
categorical__Product ID_L57004,4.024165243537069e-06
categorical__Product ID_L53893,4.023334310836876e-06
categorical__Product ID_M20179,4.022224480176166e-06
categorical__Product ID_M20585,4.021799826072337e-06
categorical__Product ID_L51220,4.0188103702643316e-06
categorical__Product ID_M20039,4.010153391929893e-06
categorical__Product ID_H33389,4.010037615493178e-06
categorical__Product ID_M20459,4.003078317407313e-06
categorical__Product ID_H35197,3.9954509882907455e-06
categorical__Product ID_L51285,3.9946252501924405e-06
categorical__Product ID_H30511,3.991602488194528e-06
categorical__Product ID_L48241,3.989181514873205e-06
categorical__Product ID_H32664,3.988839030463982e-06
categorical__Product ID_L52988,3.988669909014301e-06
categorical__Product ID_L50347,3.986959514464032e-06
categorical__Product ID_L49142,3.985267376570454e-06
categorical__Product ID_M20303,3.983716511501241e-06
categorical__Product ID_L48004,3.982069591890309e-06
categorical__Product ID_L55199,3.9784432556568315e-06
categorical__Product ID_H33131,3.970193957360099e-06
categorical__Product ID_M15993,3.969515439020538e-06
categorical__Product ID_H34970,3.965756567519396e-06
categorical__Product ID_M24485,3.9644264560505805e-06
categorical__Product ID_L47845,3.961767938450481e-06
categorical__Product ID_M16658,3.9613729522089775e-06
categorical__Product ID_L56454,3.961192475360856e-06
categorical__Product ID_L55516,3.960460829768328e-06
categorical__Product ID_H29525,3.956208427231459e-06
categorical__Product ID_L55488,3.951976503086104e-06
categorical__Product ID_L51186,3.949534176161815e-06
categorical__Product ID_L56337,3.948806162232517e-06
categorical__Product ID_M15881,3.9482008974080335e-06
categorical__Product ID_L50978,3.948186832869028e-06
categorical__Product ID_L50872,3.944533052855613e-06
categorical__Product ID_L52772,3.942862353267706e-06
categorical__Product ID_L55547,3.941850047355547e-06
categorical__Product ID_M22214,3.940866943364762e-06
categorical__Product ID_L52089,3.926372163293912e-06
categorical__Product ID_L51118,3.921827525733364e-06
categorical__Product ID_L52173,3.921246787935768e-06
categorical__Product ID_L50534,3.920041396778613e-06
categorical__Product ID_L52055,3.919624097859697e-06
categorical__Product ID_H34206,3.917963830381406e-06
categorical__Product ID_H30062,3.906263900089653e-06
categorical__Product ID_M18437,3.90021389614655e-06
categorical__Product ID_L56509,3.899667310269992e-06
categorical__Product ID_L49935,3.897385867248004e-06
categorical__Product ID_M20118,3.892255786621812e-06
categorical__Product ID_L52874,3.8885697408051805e-06
categorical__Product ID_M19149,3.8885300870885316e-06
categorical__Product ID_L48882,3.8877829469995065e-06
categorical__Product ID_H36996,3.887708274568435e-06
categorical__Product ID_L49423,3.8844485372923625e-06
categorical__Product ID_M20281,3.883150805043129e-06
categorical__Product ID_L51697,3.882464057570394e-06
categorical__Product ID_L54850,3.882128051445783e-06
categorical__Product ID_M14906,3.8814418626500125e-06
categorical__Product ID_L52414,3.879349657929299e-06
categorical__Product ID_M20003,3.879106709155162e-06
categorical__Product ID_L51313,3.8780567739881105e-06
categorical__Product ID_H34894,3.8778576318903366e-06
categorical__Product ID_M20329,3.876900746534694e-06
categorical__Product ID_L49843,3.875303191178796e-06
categorical__Product ID_L48438,3.874847152224683e-06
categorical__Product ID_M18791,3.8719450072242296e-06
categorical__Product ID_L50959,3.867284328133286e-06
categorical__Product ID_L49253,3.861549731832831e-06
categorical__Product ID_M17626,3.860300496400863e-06
categorical__Product ID_L52347,3.858969036493308e-06
categorical__Product ID_L51065,3.858508210766592e-06
categorical__Product ID_H30574,3.85842472251644e-06
categorical__Product ID_M22103,3.85777708319642e-06
categorical__Product ID_L53306,3.855900168289843e-06
categorical__Product ID_M17079,3.855282125522191e-06
categorical__Product ID_L52957,3.850232334587972e-06
categorical__Product ID_L53773,3.849915933767216e-06
categorical__Product ID_L53342,3.8480487240431466e-06
categorical__Product ID_M19553,3.844228081941526e-06
categorical__Product ID_H33385,3.840174297688305e-06
categorical__Product ID_H34966,3.838428090566268e-06
categorical__Product ID_L53083,3.837698820182417e-06
categorical__Product ID_M15568,3.834802262117121e-06
categorical__Product ID_L51515,3.8345284177115775e-06
categorical__Product ID_M20054,3.8337056912033385e-06
categorical__Product ID_L55297,3.83260316077742e-06
categorical__Product ID_M21577,3.828905694791569e-06
categorical__Product ID_L50669,3.828370388239155e-06
categorical__Product ID_L47954,3.82262151691282e-06
categorical__Product ID_M18814,3.82130862274873e-06
categorical__Product ID_M19059,3.815986134825431e-06
categorical__Product ID_L53679,3.815825526387131e-06
categorical__Product ID_L55604,3.81573204761635e-06
categorical__Product ID_H34746,3.81555185929437e-06
categorical__Product ID_M19005,3.815333863333884e-06
categorical__Product ID_M20528,3.81468165970261e-06
categorical__Product ID_L50026,3.8085361258185973e-06
categorical__Product ID_L53231,3.8013687959982462e-06
categorical__Product ID_L51893,3.7995304465252645e-06
categorical__Product ID_M20209,3.7953172375006283e-06
categorical__Product ID_M17151,3.7921617122178733e-06
categorical__Product ID_L52815,3.7903311707684073e-06
categorical__Product ID_L55941,3.7871804313122902e-06
categorical__Product ID_M19384,3.7846863152824774e-06
categorical__Product ID_L51733,3.7824440511339792e-06
categorical__Product ID_M18634,3.7793022824653535e-06
categorical__Product ID_H34582,3.777135027661375e-06
categorical__Product ID_L52887,3.775908518379138e-06
categorical__Product ID_L48009,3.7739584463708298e-06
categorical__Product ID_H30617,3.768126310315533e-06
categorical__Product ID_L57062,3.762516074487561e-06
categorical__Product ID_M14896,3.7587076617479583e-06
categorical__Product ID_M19798,3.757378198386966e-06
categorical__Product ID_M17793,3.7551327353122067e-06
categorical__Product ID_L49014,3.7537485460539724e-06
categorical__Product ID_L55950,3.7532579449765892e-06
categorical__Product ID_L51653,3.752589965318066e-06
categorical__Product ID_L52371,3.750808736132679e-06
categorical__Product ID_M21007,3.7449701081750585e-06
categorical__Product ID_L50560,3.7424814122495813e-06
categorical__Product ID_L50700,3.7329280621928154e-06
categorical__Product ID_L53758,3.7230438055761033e-06
categorical__Product ID_L50829,3.722939662520212e-06
categorical__Product ID_M18547,3.7219937471068888e-06
categorical__Product ID_L51445,3.7210965101242048e-06
categorical__Product ID_M19736,3.72045338266364e-06
categorical__Product ID_M20954,3.7189072774928437e-06
categorical__Product ID_H37390,3.717730885068693e-06
categorical__Product ID_L48869,3.7162029562906723e-06
categorical__Product ID_M23233,3.7160957584344457e-06
categorical__Product ID_M20389,3.7155840541650084e-06
categorical__Product ID_L53607,3.714063523935638e-06
categorical__Product ID_M18506,3.7121953796237933e-06
categorical__Product ID_H32949,3.7090120502969577e-06
categorical__Product ID_M18475,3.7088161222272727e-06
categorical__Product ID_M15465,3.7086501098599925e-06
categorical__Product ID_L51360,3.7074813194690595e-06
categorical__Product ID_M24100,3.7069226624632875e-06
categorical__Product ID_L51326,3.705292643234951e-06
categorical__Product ID_L51486,3.7040683388682113e-06
categorical__Product ID_H29865,3.7026691032760565e-06
categorical__Product ID_H30013,3.7002736613910417e-06
categorical__Product ID_L56888,3.6982251882849083e-06
categorical__Product ID_L51449,3.6980907093477675e-06
categorical__Product ID_M17503,3.6957437957925067e-06
categorical__Product ID_H36051,3.69453162803827e-06
categorical__Product ID_L47706,3.694127487515982e-06
categorical__Product ID_L49439,3.6938187207828624e-06
categorical__Product ID_M23273,3.6936333294235416e-06
categorical__Product ID_L57132,3.6928864607401398e-06
categorical__Product ID_L48109,3.692672496136482e-06
categorical__Product ID_L51677,3.6897491733235204e-06
categorical__Product ID_M17086,3.688641947383977e-06
categorical__Product ID_M21888,3.6842279581140464e-06
categorical__Product ID_L53860,3.6839061426341723e-06
categorical__Product ID_M19526,3.683429854354557e-06
categorical__Product ID_L51568,3.681590743173371e-06
categorical__Product ID_L51357,3.676580067081332e-06
categorical__Product ID_L47284,3.6729832899807986e-06
categorical__Product ID_L57115,3.6697359051939056e-06
categorical__Product ID_M19723,3.665650031348661e-06
categorical__Product ID_L50688,3.6654226740683526e-06
categorical__Product ID_L49928,3.664348048936422e-06
categorical__Product ID_L54971,3.6640782776536385e-06
categorical__Product ID_L54098,3.657695936510502e-06
categorical__Product ID_M19954,3.656984917282651e-06
categorical__Product ID_L51262,3.6548566167505547e-06
categorical__Product ID_L50765,3.6546031210015953e-06
categorical__Product ID_L52044,3.6532060920974606e-06
categorical__Product ID_L52169,3.6472544721512803e-06
categorical__Product ID_H38789,3.642790540671078e-06
categorical__Product ID_L53648,3.6371515728389097e-06
categorical__Product ID_L50023,3.6328467659691987e-06
categorical__Product ID_L51197,3.631242442990345e-06
categorical__Product ID_L51719,3.62568535724632e-06
categorical__Product ID_L48261,3.619177152985175e-06
categorical__Product ID_L50925,3.6077408867010427e-06
categorical__Product ID_L53671,3.6065587646358234e-06
categorical__Product ID_M18256,3.6062005818834844e-06
categorical__Product ID_H33435,3.6037900873664487e-06
categorical__Product ID_L51375,3.6024005571131926e-06
categorical__Product ID_L48631,3.602054885730883e-06
categorical__Product ID_L55571,3.5989997755389153e-06
categorical__Product ID_L52216,3.598936045174731e-06
categorical__Product ID_M18574,3.59863940161364e-06
categorical__Product ID_M19205,3.592634402093148e-06
categorical__Product ID_L48530,3.592326544326274e-06
categorical__Product ID_L53762,3.5838755900853147e-06
categorical__Product ID_M18565,3.5829413539238593e-06
categorical__Product ID_L53188,3.5790552918731693e-06
categorical__Product ID_L55230,3.577352834401825e-06
categorical__Product ID_L47848,3.576895740998432e-06
categorical__Product ID_M24679,3.5767665369715925e-06
categorical__Product ID_M19546,3.574561344196257e-06
categorical__Product ID_M17847,3.571842880628125e-06
categorical__Product ID_M20519,3.5716320387578537e-06
categorical__Product ID_L47919,3.571078531641311e-06
categorical__Product ID_M19983,3.571063460878542e-06
categorical__Product ID_H37719,3.5707859418150785e-06
categorical__Product ID_M15097,3.567705569715353e-06
categorical__Product ID_L51254,3.5666597149574147e-06
categorical__Product ID_L48362,3.566232767563655e-06
categorical__Product ID_L50929,3.5646064429512735e-06
categorical__Product ID_L50792,3.5641565087831128e-06
categorical__Product ID_L50847,3.559816923683721e-06
categorical__Product ID_M20149,3.5585084639164153e-06
categorical__Product ID_M15030,3.5575127856673166e-06
categorical__Product ID_M16918,3.556572722397725e-06
categorical__Product ID_L54915,3.555280242969098e-06
categorical__Product ID_L56435,3.554185556788294e-06
categorical__Product ID_M21192,3.554079449858406e-06
categorical__Product ID_L48537,3.5534435620761656e-06
categorical__Product ID_M24785,3.5532483123419028e-06
categorical__Product ID_H33844,3.549933804460726e-06
categorical__Product ID_H32168,3.5495703490384796e-06
categorical__Product ID_M18075,3.5468619977541833e-06
categorical__Product ID_L50882,3.5422209948336493e-06
categorical__Product ID_M19861,3.541897291232251e-06
categorical__Product ID_L50661,3.537287614192369e-06
categorical__Product ID_M15236,3.531955031598001e-06
categorical__Product ID_L51916,3.5313491244533023e-06
categorical__Product ID_M20467,3.5303709738668867e-06
categorical__Product ID_L47227,3.530093762552078e-06
categorical__Product ID_L51172,3.529666469640367e-06
categorical__Product ID_M20197,3.529418936558374e-06
categorical__Product ID_M18235,3.5277448418555194e-06
categorical__Product ID_M20320,3.5261686392934093e-06
categorical__Product ID_L52413,3.524305497456768e-06
categorical__Product ID_L50735,3.5217525535594014e-06
categorical__Product ID_H35901,3.520476878118612e-06
categorical__Product ID_M23295,3.52040125171151e-06
categorical__Product ID_L49421,3.5194919405249575e-06
categorical__Product ID_M18438,3.518809950942285e-06
categorical__Product ID_M23193,3.5129800322726756e-06
categorical__Product ID_H33761,3.510861686762463e-06
categorical__Product ID_L52134,3.5093953466917477e-06
categorical__Product ID_L52141,3.507742985455729e-06
categorical__Product ID_M19969,3.507601179048548e-06
categorical__Product ID_M23871,3.5042515730092983e-06
categorical__Product ID_L49888,3.501484958655031e-06
categorical__Product ID_M22620,3.4999041561974624e-06
categorical__Product ID_L48677,3.4967609240140864e-06
categorical__Product ID_M20233,3.4962764365245476e-06
categorical__Product ID_L52805,3.495195071672603e-06
categorical__Product ID_M18789,3.491975852618624e-06
categorical__Product ID_L50784,3.4913402079154823e-06
categorical__Product ID_M18294,3.48413323336067e-06
categorical__Product ID_L51142,3.4829101996664116e-06
categorical__Product ID_M21764,3.4810805117763486e-06
categorical__Product ID_M17338,3.4792703292278274e-06
categorical__Product ID_M20212,3.479189316840943e-06
categorical__Product ID_M15356,3.467700326689354e-06
categorical__Product ID_M20132,3.4653906101313387e-06
categorical__Product ID_H38427,3.463968703087941e-06
categorical__Product ID_M15640,3.462542595124599e-06
categorical__Product ID_M15724,3.455841212470098e-06
categorical__Product ID_L51222,3.4544658907982035e-06
categorical__Product ID_L53665,3.4460074085217857e-06
categorical__Product ID_M24701,3.4458394218554565e-06
categorical__Product ID_L48066,3.4452101148134753e-06
categorical__Product ID_M18710,3.4452090645145445e-06
categorical__Product ID_H35717,3.4444292982047467e-06
categorical__Product ID_L50492,3.4422607703593485e-06
categorical__Product ID_M18410,3.441160832076625e-06
categorical__Product ID_M18695,3.4309441869540497e-06
categorical__Product ID_L54607,3.4307697260676224e-06
categorical__Product ID_H29921,3.4266159537334345e-06
categorical__Product ID_L48325,3.425729128566052e-06
categorical__Product ID_L53560,3.4231999289140738e-06
categorical__Product ID_L52105,3.4206299780051055e-06
categorical__Product ID_L48185,3.415834477692274e-06
categorical__Product ID_M19283,3.4110417970388876e-06
categorical__Product ID_M20063,3.4078615189432288e-06
categorical__Product ID_L56213,3.4059364915861466e-06
categorical__Product ID_H33987,3.4043266282933845e-06
categorical__Product ID_M19468,3.4002003361280096e-06
categorical__Product ID_L47334,3.400178990341031e-06
categorical__Product ID_L53988,3.395803257340059e-06
categorical__Product ID_L51714,3.395379088982005e-06
categorical__Product ID_L56993,3.3934786644684472e-06
categorical__Product ID_L52312,3.391890184534964e-06
categorical__Product ID_L55820,3.3897686967413864e-06
categorical__Product ID_L56918,3.3856452803537347e-06
categorical__Product ID_L53932,3.385483737232185e-06
categorical__Product ID_M17852,3.3814750918974933e-06
categorical__Product ID_L52144,3.3800733059066396e-06
categorical__Product ID_L51113,3.3770617418167344e-06
categorical__Product ID_L47904,3.3729273986997483e-06
categorical__Product ID_H34076,3.3715937933263134e-06
categorical__Product ID_L50999,3.370416206123625e-06
categorical__Product ID_H34607,3.3662699495306513e-06
categorical__Product ID_L54310,3.3623623579303665e-06
categorical__Product ID_L51348,3.36235745738942e-06
categorical__Product ID_L50971,3.3579707697799437e-06
categorical__Product ID_L50181,3.3564275856610704e-06
categorical__Product ID_M21776,3.356168443776028e-06
categorical__Product ID_M17785,3.3557258180933983e-06
categorical__Product ID_L48080,3.3541159161905425e-06
categorical__Product ID_H30096,3.3499225715987906e-06
categorical__Product ID_L54854,3.3488045273669724e-06
categorical__Product ID_L50852,3.346339043004506e-06
categorical__Product ID_L55057,3.335454594815354e-06
categorical__Product ID_L50662,3.3336199598925053e-06
categorical__Product ID_L56866,3.3328791380580194e-06
categorical__Product ID_H39052,3.3282945897840647e-06
categorical__Product ID_H30492,3.31252780660095e-06
categorical__Product ID_L54256,3.303445499598143e-06
categorical__Product ID_L52246,3.3018588902875417e-06
categorical__Product ID_L50948,3.2995168140971857e-06
categorical__Product ID_L53912,3.2942939043544556e-06
categorical__Product ID_H32675,3.2939512412881426e-06
categorical__Product ID_H32205,3.293369811268263e-06
categorical__Product ID_H39130,3.2931130550951496e-06
categorical__Product ID_H38257,3.292761840825301e-06
categorical__Product ID_M15907,3.29202052632755e-06
categorical__Product ID_M16212,3.286245781019817e-06
categorical__Product ID_L47261,3.2798663903014196e-06
categorical__Product ID_M22746,3.2773729832550244e-06
categorical__Product ID_H34610,3.2754027942262694e-06
categorical__Product ID_M22070,3.274751346985111e-06
categorical__Product ID_M17173,3.271751230054123e-06
categorical__Product ID_M16773,3.2627833265237524e-06
categorical__Product ID_L51595,3.2602508324277613e-06
categorical__Product ID_M17924,3.2596947931199402e-06
categorical__Product ID_L50426,3.257406302360285e-06
categorical__Product ID_L50516,3.2553493859645222e-06
categorical__Product ID_M18293,3.2505484603636707e-06
categorical__Product ID_H37729,3.2458028485943334e-06
categorical__Product ID_L50821,3.240011600609592e-06
categorical__Product ID_L50157,3.2366207890982257e-06
categorical__Product ID_M22785,3.2345011284641304e-06
categorical__Product ID_L49389,3.2309504701259337e-06
categorical__Product ID_H35660,3.2293576343416776e-06
categorical__Product ID_M18682,3.2281362911229465e-06
categorical__Product ID_M18754,3.227895686035601e-06
categorical__Product ID_L53670,3.2191717875880766e-06
categorical__Product ID_L53876,3.2187028742240146e-06
categorical__Product ID_L47329,3.2161418499187666e-06
categorical__Product ID_L52704,3.212878791945567e-06
categorical__Product ID_L54811,3.2118710820513417e-06
categorical__Product ID_L47303,3.2079936275012465e-06
categorical__Product ID_L48557,3.2075246836865186e-06
categorical__Product ID_H37078,3.2024785958656954e-06
categorical__Product ID_L56624,3.202192854751972e-06
categorical__Product ID_L49257,3.201324139066492e-06
categorical__Product ID_L53966,3.199547294223003e-06
categorical__Product ID_M20583,3.1991521161633187e-06
categorical__Product ID_L53354,3.198695207975203e-06
categorical__Product ID_L56098,3.198367962941014e-06
categorical__Product ID_M23164,3.1947782348789253e-06
categorical__Product ID_M19740,3.1930600460982877e-06
categorical__Product ID_L50850,3.190976793673978e-06
categorical__Product ID_M16081,3.1907751672884632e-06
categorical__Product ID_L50983,3.1895730384899363e-06
categorical__Product ID_M18813,3.1880476017188146e-06
categorical__Product ID_H31240,3.1857100946708414e-06
categorical__Product ID_L50893,3.183150032445154e-06
categorical__Product ID_H31412,3.1814435620537976e-06
categorical__Product ID_L48339,3.1792316757007993e-06
categorical__Product ID_M15780,3.1763485830461736e-06
categorical__Product ID_M22830,3.1757903554418543e-06
categorical__Product ID_L56926,3.172481091000619e-06
categorical__Product ID_L47844,3.170754743327997e-06
categorical__Product ID_L54807,3.1676939295828456e-06
categorical__Product ID_M19117,3.167225726538552e-06
categorical__Product ID_M21449,3.1662264961586775e-06
categorical__Product ID_M14948,3.1648397819936424e-06
categorical__Product ID_L51513,3.163147114950268e-06
categorical__Product ID_M15738,3.159764628147942e-06
categorical__Product ID_H33506,3.1571334508244225e-06
categorical__Product ID_H38988,3.154963867635801e-06
categorical__Product ID_M18808,3.1544782797132468e-06
categorical__Product ID_L52314,3.1544616528446454e-06
categorical__Product ID_L49787,3.1539207831624885e-06
categorical__Product ID_L48035,3.151461843039299e-06
categorical__Product ID_L50621,3.1505710516278154e-06
categorical__Product ID_M19974,3.1502927847110416e-06
categorical__Product ID_M18429,3.149689662366386e-06
categorical__Product ID_M16679,3.144502832953524e-06
categorical__Product ID_M19895,3.144402636528461e-06
categorical__Product ID_M20030,3.142398416956506e-06
categorical__Product ID_L49039,3.138867474234627e-06
categorical__Product ID_H30570,3.1377699918784066e-06
categorical__Product ID_L52388,3.1374173621067722e-06
categorical__Product ID_M18524,3.1373809719253165e-06
categorical__Product ID_M23378,3.1364612444923904e-06
categorical__Product ID_M20033,3.1358696246130954e-06
categorical__Product ID_L55499,3.1352422887395976e-06
categorical__Product ID_M22612,3.1333234995836315e-06
categorical__Product ID_L52054,3.1316760736212084e-06
categorical__Product ID_M20195,3.1297945852070126e-06
categorical__Product ID_M17893,3.1293970168224955e-06
categorical__Product ID_L47957,3.128258295759616e-06
categorical__Product ID_L55647,3.128193471250628e-06
categorical__Product ID_M20922,3.1264223183934338e-06
categorical__Product ID_H30451,3.1247924172359267e-06
categorical__Product ID_L51606,3.123581269644462e-06
categorical__Product ID_M14918,3.1228245624726346e-06
categorical__Product ID_L51001,3.1188818014916055e-06
categorical__Product ID_L51827,3.1108584637332433e-06
categorical__Product ID_M16888,3.1090729259839545e-06
categorical__Product ID_M15858,3.1086143955054318e-06
categorical__Product ID_L51896,3.106464941700592e-06
categorical__Product ID_L47805,3.1056546485952757e-06
categorical__Product ID_M23272,3.1031775788067273e-06
categorical__Product ID_L53206,3.102218856044294e-06
categorical__Product ID_M16000,3.100720767402322e-06
categorical__Product ID_L53911,3.0991763606084595e-06
categorical__Product ID_H34854,3.0984483238162237e-06
categorical__Product ID_L48170,3.0980302323542404e-06
categorical__Product ID_M24166,3.097272145142426e-06
categorical__Product ID_L51496,3.094302234845967e-06
categorical__Product ID_L52316,3.0938789358137387e-06
categorical__Product ID_H34569,3.092853288771527e-06
categorical__Product ID_L57142,3.0915735140987785e-06
categorical__Product ID_H29560,3.088575789798023e-06
categorical__Product ID_H30515,3.0843850006411322e-06
categorical__Product ID_L48182,3.0842414884368795e-06
categorical__Product ID_M19730,3.0840305499548562e-06
categorical__Product ID_H39002,3.0839528737631107e-06
categorical__Product ID_L52313,3.0823909704656165e-06
categorical__Product ID_L52166,3.0797349318092867e-06
categorical__Product ID_L48678,3.0782076611532378e-06
categorical__Product ID_H30402,3.077415498669808e-06
categorical__Product ID_L52861,3.0762522008956212e-06
categorical__Product ID_L51439,3.0741855838910037e-06
categorical__Product ID_L47400,3.0736751242296157e-06
categorical__Product ID_L56681,3.0724685324415316e-06
categorical__Product ID_H30276,3.0724046835785207e-06
categorical__Product ID_M21522,3.070444934698925e-06
categorical__Product ID_L54015,3.070334098572146e-06
categorical__Product ID_H34536,3.0696596943568767e-06
categorical__Product ID_L49707,3.0665006529405937e-06
categorical__Product ID_L54457,3.0623659041919284e-06
categorical__Product ID_M21119,3.055987564893864e-06
categorical__Product ID_L51152,3.055618785398564e-06
categorical__Product ID_L48577,3.0523154214672343e-06
categorical__Product ID_H30252,3.0500364285353566e-06
categorical__Product ID_L56461,3.0488215353824754e-06
categorical__Product ID_L55365,3.0386454821828694e-06
categorical__Product ID_L50950,3.0380360954476223e-06
categorical__Product ID_L48575,3.0379661328480565e-06
categorical__Product ID_H31776,3.0377968183927968e-06
categorical__Product ID_L52807,3.0355403123715147e-06
categorical__Product ID_L52034,3.034907441123232e-06
categorical__Product ID_L53208,3.034648045477228e-06
categorical__Product ID_L54595,3.03427875680584e-06
categorical__Product ID_L52492,3.032672143990398e-06
categorical__Product ID_L50166,3.0319130894176915e-06
categorical__Product ID_H31850,3.02847774227604e-06
categorical__Product ID_M22460,3.028395271725774e-06
categorical__Product ID_M18816,3.0271285949161915e-06
categorical__Product ID_L50742,3.0259740078708174e-06
categorical__Product ID_L52153,3.022833468651487e-06
categorical__Product ID_L53086,3.022007077344004e-06
categorical__Product ID_H33315,3.020589666283251e-06
categorical__Product ID_L51174,3.01736460038661e-06
categorical__Product ID_L50024,3.016964835626273e-06
categorical__Product ID_H29581,3.016799037393575e-06
categorical__Product ID_H34701,3.0149050240079504e-06
categorical__Product ID_L50442,3.0106306981654456e-06
categorical__Product ID_L55411,3.0101065520156136e-06
categorical__Product ID_H34477,3.0100971542189773e-06
categorical__Product ID_L55683,3.0089193748000276e-06
categorical__Product ID_L50509,3.007886051282403e-06
categorical__Product ID_L51959,3.003504995763591e-06
categorical__Product ID_L52423,3.001057827126739e-06
categorical__Product ID_M20138,3.000951330717258e-06
categorical__Product ID_M16151,2.997734358045706e-06
categorical__Product ID_L49762,2.997253542351606e-06
categorical__Product ID_M22031,2.9957508831552895e-06
categorical__Product ID_L53256,2.9930724182696067e-06
categorical__Product ID_L48955,2.991319882652303e-06
categorical__Product ID_L47357,2.9910655517917083e-06
categorical__Product ID_L47501,2.9909020961161583e-06
categorical__Product ID_M18485,2.9897386362270437e-06
categorical__Product ID_M20894,2.9876731473069494e-06
categorical__Product ID_H32714,2.9848417218142255e-06
categorical__Product ID_H29885,2.9845005382412655e-06
categorical__Product ID_L55387,2.9836430110964973e-06
categorical__Product ID_L55232,2.9782469706919396e-06
categorical__Product ID_L52206,2.977744338786173e-06
categorical__Product ID_L55628,2.9777264881460597e-06
categorical__Product ID_H31903,2.9739409141822933e-06
categorical__Product ID_L53955,2.970462004408036e-06
categorical__Product ID_H32866,2.9684407510228732e-06
categorical__Product ID_M16152,2.9669200696608837e-06
categorical__Product ID_L48983,2.9665008037058075e-06
categorical__Product ID_M17692,2.9653003226774048e-06
categorical__Product ID_L56901,2.9652374471459747e-06
categorical__Product ID_L53838,2.964976918805011e-06
categorical__Product ID_M24572,2.9612930744988215e-06
categorical__Product ID_L55284,2.9578622293804256e-06
categorical__Product ID_L51687,2.9556371093028214e-06
categorical__Product ID_L49025,2.9556135802029926e-06
categorical__Product ID_L47758,2.9542118673506267e-06
categorical__Product ID_H34989,2.953364442896716e-06
categorical__Product ID_L52070,2.9526639675843583e-06
categorical__Product ID_L55093,2.9525187660316657e-06
categorical__Product ID_L47671,2.9502924926776376e-06
categorical__Product ID_H31393,2.9491515397998843e-06
categorical__Product ID_M19356,2.949145486733495e-06
categorical__Product ID_L52614,2.9485866222009276e-06
categorical__Product ID_L50775,2.944954498962018e-06
categorical__Product ID_L52222,2.944070814298586e-06
categorical__Product ID_L50849,2.9427128575489677e-06
categorical__Product ID_M23411,2.942137606237826e-06
categorical__Product ID_L51373,2.939694889901265e-06
categorical__Product ID_M15973,2.931521356526712e-06
categorical__Product ID_M18790,2.930443253284013e-06
categorical__Product ID_L57075,2.929646831865311e-06
categorical__Product ID_L49016,2.9270251521021702e-06
categorical__Product ID_L50178,2.9264853613499055e-06
categorical__Product ID_H33526,2.9245985825461724e-06
categorical__Product ID_L47304,2.9241532644534584e-06
categorical__Product ID_H35166,2.9237642895346042e-06
categorical__Product ID_L54365,2.9217564235318106e-06
categorical__Product ID_H29691,2.9204245667619942e-06
categorical__Product ID_L55367,2.9196548856130557e-06
categorical__Product ID_L49936,2.916524183641841e-06
categorical__Product ID_M23908,2.915706202329526e-06
categorical__Product ID_M17524,2.9154874179257315e-06
categorical__Product ID_M24432,2.9152456528130225e-06
categorical__Product ID_L54901,2.912378655167485e-06
categorical__Product ID_L50488,2.9122651035305507e-06
categorical__Product ID_M16360,2.911944794571527e-06
categorical__Product ID_L52033,2.908224341279227e-06
categorical__Product ID_L47296,2.9065422322357635e-06
categorical__Product ID_M17235,2.903289285043142e-06
categorical__Product ID_M20796,2.9029520835404133e-06
categorical__Product ID_L50194,2.899886746047655e-06
categorical__Product ID_M16853,2.893814042266697e-06
categorical__Product ID_L52368,2.8933786508356835e-06
categorical__Product ID_L51960,2.891047130020051e-06
categorical__Product ID_L47943,2.8896823906420433e-06
categorical__Product ID_L55876,2.8842083216844584e-06
categorical__Product ID_M20211,2.882646102155302e-06
categorical__Product ID_L57110,2.8819286333162854e-06
categorical__Product ID_L48017,2.8808688468943818e-06
categorical__Product ID_M23975,2.877721944564625e-06
categorical__Product ID_L56871,2.8775407235924907e-06
categorical__Product ID_H34338,2.8747365458320207e-06
categorical__Product ID_M20357,2.8725410007153796e-06
categorical__Product ID_L52786,2.8722828469342547e-06
categorical__Product ID_M22024,2.87207573037297e-06
categorical__Product ID_M15737,2.869390834446861e-06
categorical__Product ID_L52151,2.8690901272692083e-06
categorical__Product ID_L54497,2.8679617132946995e-06
categorical__Product ID_M18655,2.8656204015980022e-06
categorical__Product ID_H34580,2.865527873366758e-06
categorical__Product ID_M19782,2.8648795883493473e-06
categorical__Product ID_H35389,2.862511829815265e-06
categorical__Product ID_H32843,2.8622395848691747e-06
categorical__Product ID_H31451,2.8616853313331557e-06
categorical__Product ID_L48132,2.8553833069750853e-06
categorical__Product ID_L49589,2.8539791295130526e-06
categorical__Product ID_L54923,2.8534597870988007e-06
categorical__Product ID_M23639,2.8478779473079876e-06
categorical__Product ID_L52180,2.847376170759486e-06
categorical__Product ID_H35129,2.8442629979440643e-06
categorical__Product ID_L52465,2.8439196204947782e-06
categorical__Product ID_L48636,2.8434455759721783e-06
categorical__Product ID_L51369,2.843173075438307e-06
categorical__Product ID_M20417,2.8428341773511904e-06
categorical__Product ID_H33815,2.841740984886194e-06
categorical__Product ID_M18692,2.838946452308254e-06
categorical__Product ID_M18192,2.836700340473741e-06
categorical__Product ID_L52808,2.8366510188854174e-06
categorical__Product ID_M19382,2.833227008624868e-06
categorical__Product ID_L47351,2.830524768307335e-06
categorical__Product ID_L47673,2.830066627214415e-06
categorical__Product ID_H37423,2.829782509219954e-06
categorical__Product ID_L55464,2.8293405483073614e-06
categorical__Product ID_H35327,2.823120239879417e-06
categorical__Product ID_L50209,2.819653796620173e-06
categorical__Product ID_L47286,2.8191609124768674e-06
categorical__Product ID_M20324,2.8182851975588594e-06
categorical__Product ID_M18339,2.8181511677845172e-06
categorical__Product ID_L47375,2.8181098192911717e-06
categorical__Product ID_M17366,2.817257797460542e-06
categorical__Product ID_L57163,2.817132872209756e-06
categorical__Product ID_L56930,2.8137142382897137e-06
categorical__Product ID_M24010,2.8100429473856404e-06
categorical__Product ID_L54789,2.8090370170682675e-06
categorical__Product ID_L47364,2.806219628268352e-06
categorical__Product ID_L47330,2.8049053059856708e-06
categorical__Product ID_L49933,2.8005566918440845e-06
categorical__Product ID_L51338,2.8001082084259917e-06
categorical__Product ID_M24809,2.8000175126973884e-06
categorical__Product ID_M23699,2.7977101292695764e-06
categorical__Product ID_M21692,2.7944581460787373e-06
categorical__Product ID_L50411,2.793884729937111e-06
categorical__Product ID_H30447,2.793469851534176e-06
categorical__Product ID_L47411,2.79269706653257e-06
categorical__Product ID_L52454,2.787659777569975e-06
categorical__Product ID_L49863,2.78703326240414e-06
categorical__Product ID_L50760,2.786066714865826e-06
categorical__Product ID_M19873,2.7860120922982813e-06
categorical__Product ID_M18759,2.7857560504990753e-06
categorical__Product ID_H31036,2.7846858154093957e-06
categorical__Product ID_M18683,2.783524399035225e-06
categorical__Product ID_M23953,2.782460964091787e-06
categorical__Product ID_M18441,2.7819384576198113e-06
categorical__Product ID_H34990,2.780071823789945e-06
categorical__Product ID_L54241,2.7783402949156274e-06
categorical__Product ID_M19889,2.776759671150457e-06
categorical__Product ID_L51194,2.7731154355505133e-06
categorical__Product ID_H35177,2.771202268841719e-06
categorical__Product ID_L47586,2.770883261555169e-06
categorical__Product ID_M14909,2.7702994417911046e-06
categorical__Product ID_L50280,2.7698431262483425e-06
categorical__Product ID_M15341,2.7683055456822252e-06
categorical__Product ID_M14930,2.768133659852699e-06
categorical__Product ID_L50734,2.7642284049554238e-06
categorical__Product ID_M24125,2.764092039955146e-06
categorical__Product ID_L56148,2.761664706654092e-06
categorical__Product ID_L50801,2.7576321226413665e-06
categorical__Product ID_M18098,2.7553465716426818e-06
categorical__Product ID_M20440,2.7541699089603993e-06
categorical__Product ID_L53265,2.7519221419496375e-06
categorical__Product ID_M14894,2.7504123098282877e-06
categorical__Product ID_L48482,2.749790884384394e-06
categorical__Product ID_L56100,2.747343233083385e-06
categorical__Product ID_M16097,2.7435733817715866e-06
categorical__Product ID_H29481,2.7430571130696268e-06
categorical__Product ID_M19952,2.7417337570755785e-06
categorical__Product ID_L49254,2.741538758592244e-06
categorical__Product ID_L49371,2.7413010218026765e-06
categorical__Product ID_L57027,2.7406539246386853e-06
categorical__Product ID_L48624,2.739285157888429e-06
categorical__Product ID_M17869,2.7371269122926154e-06
categorical__Product ID_H31817,2.7346851086291024e-06
categorical__Product ID_L51937,2.734510989713004e-06
categorical__Product ID_M16956,2.7333303559644608e-06
categorical__Product ID_M18364,2.73005088653832e-06
categorical__Product ID_M17227,2.7284028610128843e-06
categorical__Product ID_M18029,2.726606523008957e-06
categorical__Product ID_M18743,2.725049193122953e-06
categorical__Product ID_L52422,2.7236271255757165e-06
categorical__Product ID_L52865,2.7157619017770135e-06
categorical__Product ID_M16922,2.712089630112024e-06
categorical__Product ID_L55015,2.7118376475332e-06
categorical__Product ID_L52870,2.7099754422127543e-06
categorical__Product ID_H34827,2.7067550596107842e-06
categorical__Product ID_L52039,2.7054688565587363e-06
categorical__Product ID_L52421,2.7053655403251966e-06
categorical__Product ID_L51022,2.7035900844944782e-06
categorical__Product ID_M18856,2.702848564162314e-06
categorical__Product ID_H31324,2.7023292346015144e-06
categorical__Product ID_M21859,2.700448872856731e-06
categorical__Product ID_M22316,2.700241246997236e-06
categorical__Product ID_L54511,2.6964128939198153e-06
categorical__Product ID_M23823,2.6961966315794564e-06
categorical__Product ID_L52392,2.6943370114971565e-06
categorical__Product ID_H36416,2.693891840116281e-06
categorical__Product ID_H30815,2.693534145278134e-06
categorical__Product ID_M22715,2.691445346453497e-06
categorical__Product ID_M20627,2.691234572135374e-06
categorical__Product ID_M15873,2.6909095472468503e-06
categorical__Product ID_L47321,2.6878030815958305e-06
categorical__Product ID_L47685,2.68769920516723e-06
categorical__Product ID_L51871,2.6872851574935216e-06
categorical__Product ID_L52902,2.684448360304065e-06
categorical__Product ID_M21615,2.679628368481185e-06
categorical__Product ID_L48085,2.6793985547742764e-06
categorical__Product ID_L52816,2.6768145096482313e-06
categorical__Product ID_H35830,2.6756521138377998e-06
categorical__Product ID_H35578,2.675433990351543e-06
categorical__Product ID_M20380,2.6733104316669577e-06
categorical__Product ID_L55695,2.670559629330321e-06
categorical__Product ID_H38672,2.6692341384594956e-06
categorical__Product ID_M19258,2.668415559771846e-06
categorical__Product ID_H39306,2.6673108278787656e-06
categorical__Product ID_M20305,2.666696766558327e-06
categorical__Product ID_L51327,2.6646961408408374e-06
categorical__Product ID_H30104,2.663845241182661e-06
categorical__Product ID_L50747,2.663201226743595e-06
categorical__Product ID_L50891,2.6628588855382257e-06
categorical__Product ID_L49103,2.6627455128240676e-06
categorical__Product ID_M18580,2.6623922862024717e-06
categorical__Product ID_H33034,2.660884193242526e-06
categorical__Product ID_M17891,2.659451193525114e-06
categorical__Product ID_L47237,2.6593925497229704e-06
categorical__Product ID_L50080,2.6585545886348858e-06
categorical__Product ID_H37296,2.6567755647893716e-06
categorical__Product ID_L47358,2.6523281628043157e-06
categorical__Product ID_H32781,2.6500361550963276e-06
categorical__Product ID_L51828,2.648331808254396e-06
categorical__Product ID_L52287,2.643050447542323e-06
categorical__Product ID_L50054,2.634586953975888e-06
categorical__Product ID_L51605,2.633392247106065e-06
categorical__Product ID_L49060,2.6292652780742166e-06
categorical__Product ID_M20125,2.628645852366058e-06
categorical__Product ID_M15975,2.6285400627694004e-06
categorical__Product ID_L56316,2.627081955704002e-06
categorical__Product ID_L50712,2.6270127211873585e-06
categorical__Product ID_M20446,2.6251028131132907e-06
categorical__Product ID_M24683,2.623236268817767e-06
categorical__Product ID_L50433,2.62205765913626e-06
categorical__Product ID_L55930,2.6212186770201982e-06
categorical__Product ID_L53047,2.6191269210985457e-06
categorical__Product ID_L51100,2.6168895629028252e-06
categorical__Product ID_L50538,2.615411328447995e-06
categorical__Product ID_M18878,2.6147628924277144e-06
categorical__Product ID_L55594,2.6131536309601342e-06
categorical__Product ID_L51393,2.6126336663799202e-06
categorical__Product ID_M20715,2.6120618459043304e-06
categorical__Product ID_L47476,2.610089188346519e-06
categorical__Product ID_M24266,2.6095560696078344e-06
categorical__Product ID_M24285,2.6077984195932777e-06
categorical__Product ID_H38582,2.6076482886440738e-06
categorical__Product ID_L49105,2.605518077147413e-06
categorical__Product ID_M15827,2.6054555818514494e-06
categorical__Product ID_L53830,2.6026226920741175e-06
categorical__Product ID_L55237,2.601525912647128e-06
categorical__Product ID_M19980,2.6006840922770643e-06
categorical__Product ID_M22277,2.600313234321515e-06
categorical__Product ID_L54990,2.592561669860589e-06
categorical__Product ID_M22342,2.591362800431906e-06
categorical__Product ID_M17831,2.587134895232499e-06
categorical__Product ID_L51097,2.586154211545644e-06
categorical__Product ID_M17657,2.5860258684096104e-06
categorical__Product ID_H35707,2.585963209723166e-06
categorical__Product ID_L51493,2.5854909419794455e-06
categorical__Product ID_H30774,2.5854706884539055e-06
categorical__Product ID_L47342,2.584773274481328e-06
categorical__Product ID_M20095,2.5833262367524763e-06
categorical__Product ID_H36428,2.5794772622845153e-06
categorical__Product ID_H30113,2.577923801299879e-06
categorical__Product ID_L50677,2.5711971366146417e-06
categorical__Product ID_H35086,2.570862990662616e-06
categorical__Product ID_L56862,2.567868445758251e-06
categorical__Product ID_L50979,2.5666712096076373e-06
categorical__Product ID_L50317,2.565346640855538e-06
categorical__Product ID_M24538,2.56519793837241e-06
categorical__Product ID_L47972,2.562650191042666e-06
categorical__Product ID_M22789,2.5619787119869926e-06
categorical__Product ID_M15926,2.5575430331470024e-06
categorical__Product ID_L50922,2.5570331180347706e-06
categorical__Product ID_H37958,2.550063878910683e-06
categorical__Product ID_L52460,2.549077843622621e-06
categorical__Product ID_L56448,2.54634813186541e-06
categorical__Product ID_M17012,2.5449463864876825e-06
categorical__Product ID_L48952,2.5436783868813344e-06
categorical__Product ID_M15120,2.5432462819120174e-06
categorical__Product ID_L50655,2.5430382384913317e-06
categorical__Product ID_M17646,2.539298101381281e-06
categorical__Product ID_H36162,2.538236699385558e-06
categorical__Product ID_L48188,2.5378738387077698e-06
categorical__Product ID_L47793,2.537414193002976e-06
categorical__Product ID_L53419,2.5373429395013773e-06
categorical__Product ID_M20414,2.5367324096982414e-06
categorical__Product ID_L49531,2.5352846778784756e-06
categorical__Product ID_H37434,2.529864594241881e-06
categorical__Product ID_M20109,2.5285275293179345e-06
categorical__Product ID_M20553,2.525026281806865e-06
categorical__Product ID_L48089,2.5242966306488103e-06
categorical__Product ID_L51018,2.5218174582107924e-06
categorical__Product ID_M14923,2.5217710837703e-06
categorical__Product ID_H29500,2.5215277325927216e-06
categorical__Product ID_L52355,2.5202178805311465e-06
categorical__Product ID_L49451,2.519696507832668e-06
categorical__Product ID_M21091,2.5160361766864203e-06
categorical__Product ID_H29783,2.5152509241756595e-06
categorical__Product ID_H33783,2.514790794698058e-06
categorical__Product ID_L53295,2.5140251469839536e-06
categorical__Product ID_L53100,2.5110208844917375e-06
categorical__Product ID_L50725,2.5102820212393235e-06
categorical__Product ID_M16742,2.5070550561310725e-06
categorical__Product ID_M17037,2.503732616243108e-06
categorical__Product ID_L56434,2.503613615499671e-06
categorical__Product ID_M18522,2.5024211706337394e-06
categorical__Product ID_M18198,2.5021518670674047e-06
categorical__Product ID_M22239,2.500117308703388e-06
categorical__Product ID_L54395,2.499602172712417e-06
categorical__Product ID_L55227,2.4976943690420912e-06
categorical__Product ID_L53417,2.4959519197230846e-06
categorical__Product ID_M19871,2.4952800618134685e-06
categorical__Product ID_L47225,2.49350807265696e-06
categorical__Product ID_H30707,2.492917302822843e-06
categorical__Product ID_L51693,2.492508550165866e-06
categorical__Product ID_M18688,2.49083261591845e-06
categorical__Product ID_L49956,2.49051616013875e-06
categorical__Product ID_L55217,2.48771812794271e-06
categorical__Product ID_L56189,2.4870504381242676e-06
categorical__Product ID_M17291,2.4817357572773905e-06
categorical__Product ID_L50503,2.4810731822290485e-06
categorical__Product ID_L52032,2.4796103542913895e-06
categorical__Product ID_L54204,2.479220454320943e-06
categorical__Product ID_L48298,2.4786193058275807e-06
categorical__Product ID_L53211,2.476535047532594e-06
categorical__Product ID_L52724,2.47564291583575e-06
categorical__Product ID_L56559,2.4747371982996454e-06
categorical__Product ID_H38482,2.473564981825069e-06
categorical__Product ID_M21927,2.47292832785662e-06
categorical__Product ID_L50870,2.4713423746281043e-06
categorical__Product ID_H31734,2.4694261094955987e-06
categorical__Product ID_L52889,2.468948929599886e-06
categorical__Product ID_M17255,2.466859350849767e-06
categorical__Product ID_H39197,2.4644160697259727e-06
categorical__Product ID_M20153,2.4600596163215697e-06
categorical__Product ID_H32897,2.4588575617416205e-06
categorical__Product ID_L57093,2.458766509238906e-06
categorical__Product ID_L50701,2.4570697267580104e-06
categorical__Product ID_L48231,2.4552908981438544e-06
categorical__Product ID_M15735,2.4526389182115295e-06
categorical__Product ID_M24696,2.451172990214975e-06
categorical__Product ID_L49685,2.446395725559708e-06
categorical__Product ID_M18119,2.4461108726504487e-06
categorical__Product ID_L48071,2.443533676591307e-06
categorical__Product ID_H29857,2.4420368037608176e-06
categorical__Product ID_M21697,2.441515363174576e-06
categorical__Product ID_H35397,2.438633740714013e-06
categorical__Product ID_M21711,2.4373762031135227e-06
categorical__Product ID_L52455,2.4360626763216925e-06
categorical__Product ID_M18156,2.4359142992161583e-06
categorical__Product ID_L51787,2.434796201555113e-06
categorical__Product ID_M23135,2.4343828143177386e-06
categorical__Product ID_H35124,2.433836961652007e-06
categorical__Product ID_L47274,2.433728294434846e-06
categorical__Product ID_M20160,2.4336090810709556e-06
categorical__Product ID_M20932,2.431405594681612e-06
categorical__Product ID_M15817,2.428427829854541e-06
categorical__Product ID_L48078,2.427607332864673e-06
categorical__Product ID_L50462,2.424568682240127e-06
categorical__Product ID_L54330,2.419822689747882e-06
categorical__Product ID_L55212,2.4181922731877735e-06
categorical__Product ID_M17735,2.417722505846556e-06
categorical__Product ID_L48726,2.4168470205958036e-06
categorical__Product ID_L49920,2.4167467561149e-06
categorical__Product ID_M14949,2.4147059279247393e-06
categorical__Product ID_M15804,2.4142543222452165e-06
categorical__Product ID_M15196,2.4136299502530867e-06
categorical__Product ID_M22381,2.4084263427018694e-06
categorical__Product ID_L51453,2.4083545425139975e-06
categorical__Product ID_L47543,2.4065609337015606e-06
categorical__Product ID_H31056,2.403313263893068e-06
categorical__Product ID_H32637,2.4024588174475014e-06
categorical__Product ID_L55827,2.4018403721599473e-06
categorical__Product ID_L56397,2.4000951432941898e-06
categorical__Product ID_L52308,2.399705991321439e-06
categorical__Product ID_L47345,2.39668334355284e-06
categorical__Product ID_M23612,2.3957992733019294e-06
categorical__Product ID_L49526,2.394430278298622e-06
categorical__Product ID_L48777,2.391789012525785e-06
categorical__Product ID_L57074,2.3894075914252292e-06
categorical__Product ID_L47502,2.3881913205630212e-06
categorical__Product ID_M23736,2.386160643784514e-06
categorical__Product ID_L48181,2.3859522629950206e-06
categorical__Product ID_L55863,2.3850323061927492e-06
categorical__Product ID_M22526,2.3841538137241687e-06
categorical__Product ID_L53196,2.3828626045603055e-06
categorical__Product ID_M15872,2.3825079285403854e-06
categorical__Product ID_H37009,2.3823881217117155e-06
categorical__Product ID_L54424,2.3814990154987507e-06
categorical__Product ID_L55017,2.378667115230506e-06
categorical__Product ID_M18617,2.3784948298426813e-06
categorical__Product ID_L56949,2.3759300469046807e-06
categorical__Product ID_L54135,2.3735993218856737e-06
categorical__Product ID_L52701,2.373334234088889e-06
categorical__Product ID_L50571,2.3730612565197236e-06
categorical__Product ID_M15095,2.3725234475661845e-06
categorical__Product ID_M20933,2.3722588889198965e-06
categorical__Product ID_M15500,2.370114550201349e-06
categorical__Product ID_H34643,2.369365948093955e-06
categorical__Product ID_L52897,2.368468820105064e-06
categorical__Product ID_M15674,2.3670254285675848e-06
categorical__Product ID_H32557,2.3649047757715607e-06
categorical__Product ID_H34485,2.3646045874428017e-06
categorical__Product ID_L53135,2.3646038052502846e-06
categorical__Product ID_L47282,2.3611361227659157e-06
categorical__Product ID_L51840,2.3604834896016765e-06
categorical__Product ID_H35963,2.3575186784773197e-06
categorical__Product ID_M19999,2.355784443083986e-06
categorical__Product ID_L56130,2.354149699125229e-06
categorical__Product ID_H37494,2.353896831006873e-06
categorical__Product ID_M22927,2.3527563168557287e-06
categorical__Product ID_L54902,2.352723045595672e-06
categorical__Product ID_L50531,2.3498986161906584e-06
categorical__Product ID_L55394,2.349364303951426e-06
categorical__Product ID_H31314,2.3447128138317008e-06
categorical__Product ID_M15032,2.3436436532119215e-06
categorical__Product ID_L52238,2.339813858875405e-06
categorical__Product ID_L54875,2.339727648874702e-06
categorical__Product ID_H35085,2.3383376226668115e-06
categorical__Product ID_H29734,2.3375530288688645e-06
categorical__Product ID_L56778,2.337157882548981e-06
categorical__Product ID_L56487,2.335611879291033e-06
categorical__Product ID_L54160,2.3351868250099807e-06
categorical__Product ID_M20650,2.3339075131274364e-06
categorical__Product ID_H31383,2.333742445928389e-06
categorical__Product ID_M16698,2.3334305104612356e-06
categorical__Product ID_L54505,2.3328369607012765e-06
categorical__Product ID_L48787,2.3327781484470787e-06
categorical__Product ID_H30141,2.3318368932312563e-06
categorical__Product ID_L47523,2.331825930030803e-06
categorical__Product ID_M17655,2.325632679550426e-06
categorical__Product ID_L47885,2.3255064419675746e-06
categorical__Product ID_L55144,2.3250235230341355e-06
categorical__Product ID_M21178,2.324047622977143e-06
categorical__Product ID_L55607,2.3236378405703955e-06
categorical__Product ID_L55352,2.320046279789037e-06
categorical__Product ID_L52979,2.3182013709681318e-06
categorical__Product ID_M21682,2.316099445948211e-06
categorical__Product ID_L57156,2.3146530577566045e-06
categorical__Product ID_M21039,2.3107587110558883e-06
categorical__Product ID_H39042,2.3104153450876853e-06
categorical__Product ID_L54474,2.3099878948125094e-06
categorical__Product ID_L56250,2.307059876157519e-06
categorical__Product ID_H30083,2.3063192042636886e-06
categorical__Product ID_M20199,2.3059661176097437e-06
categorical__Product ID_L57145,2.3056968386685377e-06
categorical__Product ID_L47672,2.3052160957526917e-06
categorical__Product ID_L52172,2.3007258159614044e-06
categorical__Product ID_L53877,2.300027184975041e-06
categorical__Product ID_L55612,2.2994349986512155e-06
categorical__Product ID_M18097,2.2990266190963373e-06
categorical__Product ID_H32287,2.2987264950778285e-06
categorical__Product ID_M24112,2.2984130964312253e-06
categorical__Product ID_L49100,2.2981470578550823e-06
categorical__Product ID_M20021,2.297355482423978e-06
categorical__Product ID_L54479,2.296917544919633e-06
categorical__Product ID_L56779,2.292025111791922e-06
categorical__Product ID_M24699,2.290916821894917e-06
categorical__Product ID_M21715,2.287548171231346e-06
categorical__Product ID_L52149,2.2865832960716533e-06
categorical__Product ID_M20152,2.286306314143104e-06
categorical__Product ID_L54325,2.2862796626049905e-06
categorical__Product ID_H34929,2.2854556382319093e-06
categorical__Product ID_L47850,2.2790299334342265e-06
categorical__Product ID_M15245,2.278948029680776e-06
categorical__Product ID_L56798,2.278058741551737e-06
categorical__Product ID_L53646,2.2773966715399017e-06
categorical__Product ID_L49127,2.2772889953448404e-06
categorical__Product ID_L50833,2.276284083123868e-06
categorical__Product ID_M18067,2.276255110698708e-06
categorical__Product ID_L48251,2.27578336979565e-06
categorical__Product ID_M21481,2.275018822798056e-06
categorical__Product ID_M16723,2.271621089008832e-06
categorical__Product ID_L53915,2.269506998276237e-06
categorical__Product ID_M24203,2.2664396432279306e-06
categorical__Product ID_H36517,2.2632081211377076e-06
categorical__Product ID_M20448,2.2570582840199356e-06
categorical__Product ID_L47378,2.2547912383914586e-06
categorical__Product ID_H34784,2.2535303702417635e-06
categorical__Product ID_M15088,2.251797136385881e-06
categorical__Product ID_L57143,2.2513173027281754e-06
categorical__Product ID_M15270,2.251219218482373e-06
categorical__Product ID_L55994,2.2488267853433355e-06
categorical__Product ID_M18821,2.2472922196454864e-06
categorical__Product ID_M17959,2.2467965684916387e-06
categorical__Product ID_L54480,2.24615208024719e-06
categorical__Product ID_L47305,2.244778861395127e-06
categorical__Product ID_L47206,2.2414569657338987e-06
categorical__Product ID_L47743,2.2410209657584303e-06
categorical__Product ID_L56202,2.240477724517253e-06
categorical__Product ID_M22929,2.2402800827271514e-06
categorical__Product ID_M16392,2.237708464173573e-06
categorical__Product ID_L48491,2.2371542812105567e-06
categorical__Product ID_H35110,2.2359343299340105e-06
categorical__Product ID_H39316,2.235308713391444e-06
categorical__Product ID_M20973,2.234393791607824e-06
categorical__Product ID_L51446,2.2331264769038593e-06
categorical__Product ID_L53490,2.2330941822332565e-06
categorical__Product ID_L49426,2.2326339222045445e-06
categorical__Product ID_M22192,2.232339519393106e-06
categorical__Product ID_L49009,2.231894597232211e-06
categorical__Product ID_M17445,2.2300125446518143e-06
categorical__Product ID_H32547,2.2282855051123875e-06
categorical__Product ID_L50947,2.2266182266712213e-06
categorical__Product ID_L49515,2.2259547941230867e-06
categorical__Product ID_M16854,2.2248262741503052e-06
categorical__Product ID_H37371,2.224651979370822e-06
categorical__Product ID_L55509,2.2225535927818405e-06
categorical__Product ID_H29607,2.2214131082334124e-06
categorical__Product ID_H29891,2.2210230307941348e-06
categorical__Product ID_M23634,2.2197465437118207e-06
categorical__Product ID_L54837,2.2194009030116762e-06
categorical__Product ID_M24009,2.218263300029307e-06
categorical__Product ID_H33361,2.218110688504881e-06
categorical__Product ID_L52418,2.2149581030380035e-06
categorical__Product ID_L53592,2.2142282031615964e-06
categorical__Product ID_L52434,2.213022559838749e-06
categorical__Product ID_M18495,2.210439702922581e-06
categorical__Product ID_L49534,2.208965186421121e-06
categorical__Product ID_M18060,2.208891860384169e-06
categorical__Product ID_L56824,2.207839643726343e-06
categorical__Product ID_H29764,2.206386363093417e-06
categorical__Product ID_H37537,2.2059920834724033e-06
categorical__Product ID_M17058,2.205225913110276e-06
categorical__Product ID_L54526,2.200982726937609e-06
categorical__Product ID_L47244,2.2009421291245602e-06
categorical__Product ID_H31473,2.2008164462952904e-06
categorical__Product ID_L50763,2.1997106093227764e-06
categorical__Product ID_L50014,2.1984313115667038e-06
categorical__Product ID_L47310,2.197312493379008e-06
categorical__Product ID_H37937,2.1951710323995392e-06
categorical__Product ID_L53011,2.194750729377106e-06
categorical__Product ID_L51094,2.1941757986367254e-06
categorical__Product ID_L54158,2.1931786039078097e-06
categorical__Product ID_M15808,2.191909149453259e-06
categorical__Product ID_L55874,2.191869206786901e-06
categorical__Product ID_M24069,2.189439306375882e-06
categorical__Product ID_H30694,2.1888680705420015e-06
categorical__Product ID_L54629,2.186715775202356e-06
categorical__Product ID_H38857,2.18569397003735e-06
categorical__Product ID_M16149,2.1846726977431693e-06
categorical__Product ID_M21325,2.184597512530219e-06
categorical__Product ID_M20608,2.1824430172958696e-06
categorical__Product ID_L53761,2.180661937687337e-06
categorical__Product ID_L54766,2.178462699896147e-06
categorical__Product ID_L56925,2.1767681593195193e-06
categorical__Product ID_L52233,2.1765706673898224e-06
categorical__Product ID_M21005,2.1758666682611208e-06
categorical__Product ID_L54599,2.17546590443686e-06
categorical__Product ID_M20391,2.1752245688749513e-06
categorical__Product ID_M18448,2.1732388406781635e-06
categorical__Product ID_L51355,2.1724270217946433e-06
categorical__Product ID_H38653,2.170694173344195e-06
categorical__Product ID_M16582,2.170498633589582e-06
categorical__Product ID_M18599,2.168943291047718e-06
categorical__Product ID_L52991,2.168156268175479e-06
categorical__Product ID_L57148,2.1671622237943226e-06
categorical__Product ID_L49315,2.16681912241203e-06
categorical__Product ID_H35165,2.1634345190258407e-06
categorical__Product ID_H33377,2.162751488237449e-06
categorical__Product ID_H30514,2.162017143656474e-06
categorical__Product ID_L48929,2.161431862441808e-06
categorical__Product ID_L56682,2.1612152140011165e-06
categorical__Product ID_L49565,2.159115480532431e-06
categorical__Product ID_L54543,2.158745961522409e-06
categorical__Product ID_L52606,2.155634694625137e-06
categorical__Product ID_H29462,2.154964772539398e-06
categorical__Product ID_L51221,2.1544654516326735e-06
categorical__Product ID_L49134,2.154311828340298e-06
categorical__Product ID_L54758,2.153381496949646e-06
categorical__Product ID_M19962,2.152688136210234e-06
categorical__Product ID_L50515,2.152633649668317e-06
categorical__Product ID_H35797,2.1521440331937953e-06
categorical__Product ID_M17030,2.149928844359751e-06
categorical__Product ID_M23255,2.1492535073946038e-06
categorical__Product ID_H31016,2.1489248627141086e-06
categorical__Product ID_M21755,2.1472546575861484e-06
categorical__Product ID_M15963,2.1446311351602304e-06
categorical__Product ID_L52083,2.1443922894886402e-06
categorical__Product ID_L52204,2.1442741051923353e-06
categorical__Product ID_M20090,2.1442143311850557e-06
categorical__Product ID_M23449,2.14407106805696e-06
categorical__Product ID_L56947,2.144015064797287e-06
categorical__Product ID_L52740,2.142597918264806e-06
categorical__Product ID_M15714,2.142540496527643e-06
categorical__Product ID_L56665,2.140877036108587e-06
categorical__Product ID_M21706,2.139614420751929e-06
categorical__Product ID_L48143,2.139118568740165e-06
categorical__Product ID_L55244,2.1376405426467723e-06
categorical__Product ID_M16938,2.136095716267518e-06
categorical__Product ID_H32905,2.135901949984708e-06
categorical__Product ID_L53340,2.1357836556231275e-06
categorical__Product ID_M15434,2.131266726862034e-06
categorical__Product ID_L49590,2.1295243090123007e-06
categorical__Product ID_L47918,2.12813649356107e-06
categorical__Product ID_M21485,2.1278505753408367e-06
categorical__Product ID_L54981,2.1275193120046842e-06
categorical__Product ID_M21232,2.1274431868229326e-06
categorical__Product ID_M16148,2.127187675239937e-06
categorical__Product ID_L53266,2.127080441385973e-06
categorical__Product ID_M21903,2.1248882875265527e-06
categorical__Product ID_L54065,2.123917066396012e-06
categorical__Product ID_M20127,2.122221751141192e-06
categorical__Product ID_L53445,2.120842133907896e-06
categorical__Product ID_L55564,2.1185929234887285e-06
categorical__Product ID_M14879,2.1178974657517084e-06
categorical__Product ID_L50930,2.117657848490753e-06
categorical__Product ID_M21710,2.116210620124493e-06
categorical__Product ID_L50472,2.115648488071109e-06
categorical__Product ID_M22307,2.113951964706638e-06
categorical__Product ID_H31966,2.112253350983885e-06
categorical__Product ID_L55823,2.111697214398119e-06
categorical__Product ID_H30186,2.110890135113094e-06
categorical__Product ID_H36435,2.1104140954912826e-06
categorical__Product ID_L54788,2.109072120920006e-06
categorical__Product ID_M17684,2.108453555492887e-06
categorical__Product ID_L50423,2.1079669386334948e-06
categorical__Product ID_H32876,2.1071022978384642e-06
categorical__Product ID_M17856,2.1068263017185816e-06
categorical__Product ID_L53779,2.1064325130214396e-06
categorical__Product ID_L48579,2.1064215456155363e-06
categorical__Product ID_L52619,2.1057856877812834e-06
categorical__Product ID_L54869,2.1053072569720872e-06
categorical__Product ID_M17003,2.104944010895545e-06
categorical__Product ID_H30936,2.103772552932014e-06
categorical__Product ID_M22032,2.103331873893156e-06
categorical__Product ID_L53586,2.099634645687354e-06
categorical__Product ID_M21145,2.0975286598632982e-06
categorical__Product ID_L54905,2.0930370766647675e-06
categorical__Product ID_M15965,2.0919025310760235e-06
categorical__Product ID_L53413,2.090880610717497e-06
categorical__Product ID_M21455,2.0903939259635506e-06
categorical__Product ID_L54409,2.0902126042416275e-06
categorical__Product ID_H29870,2.0895966881585922e-06
categorical__Product ID_L55046,2.0893043472588014e-06
categorical__Product ID_M16440,2.085049089986404e-06
categorical__Product ID_H35223,2.08349379537467e-06
categorical__Product ID_H30468,2.0807460537454546e-06
categorical__Product ID_M19961,2.076937284562643e-06
categorical__Product ID_M15853,2.0762287939687303e-06
categorical__Product ID_L53859,2.075350334761099e-06
categorical__Product ID_M24440,2.072014117369006e-06
categorical__Product ID_L56919,2.0704376011340028e-06
categorical__Product ID_M19907,2.069447709804543e-06
categorical__Product ID_M16059,2.0692841566400456e-06
categorical__Product ID_L55573,2.0662737812004907e-06
categorical__Product ID_M19284,2.064594806241268e-06
categorical__Product ID_L55637,2.0628157064917267e-06
categorical__Product ID_H31541,2.060133820377984e-06
categorical__Product ID_M21372,2.0592717173725722e-06
categorical__Product ID_L52837,2.058824455928446e-06
categorical__Product ID_H34783,2.058477366046359e-06
categorical__Product ID_M15227,2.05767883318438e-06
categorical__Product ID_M17810,2.0571643805665057e-06
categorical__Product ID_L50106,2.0560501225698344e-06
categorical__Product ID_L53189,2.0559086154935387e-06
categorical__Product ID_L49212,2.05563453912733e-06
categorical__Product ID_L56101,2.0547506096676463e-06
categorical__Product ID_L52986,2.0491704503667775e-06
categorical__Product ID_M17586,2.048672151774025e-06
categorical__Product ID_L56388,2.047434739571808e-06
categorical__Product ID_L51004,2.046738264401198e-06
categorical__Product ID_L57153,2.0453862541630706e-06
categorical__Product ID_L53336,2.043575559584535e-06
categorical__Product ID_H32515,2.043200725029138e-06
categorical__Product ID_L47307,2.042985045752403e-06
categorical__Product ID_L53219,2.040633730325993e-06
categorical__Product ID_M20075,2.039552958827869e-06
categorical__Product ID_H31162,2.0381850068155435e-06
categorical__Product ID_M16909,2.0380703380601713e-06
categorical__Product ID_H37294,2.037949582745614e-06
categorical__Product ID_M22402,2.037865243328373e-06
categorical__Product ID_L51501,2.0365331503486206e-06
categorical__Product ID_M17455,2.0359733981767444e-06
categorical__Product ID_L54008,2.035232315633801e-06
categorical__Product ID_H35949,2.034788352274972e-06
categorical__Product ID_L49291,2.0342883167839846e-06
categorical__Product ID_M15894,2.033823699431255e-06
categorical__Product ID_H37134,2.0320191854070356e-06
categorical__Product ID_L51448,2.0314020559942317e-06
categorical__Product ID_L51101,2.0308922316080936e-06
categorical__Product ID_L52728,2.0291523259018963e-06
categorical__Product ID_H30301,2.0286573935272438e-06
categorical__Product ID_L50397,2.0284585722738506e-06
categorical__Product ID_L50527,2.0283554034136486e-06
categorical__Product ID_L49177,2.0278418609644348e-06
categorical__Product ID_M18261,2.0274418787348684e-06
categorical__Product ID_H31774,2.0272904370881037e-06
categorical__Product ID_M16374,2.0225412754642617e-06
categorical__Product ID_L49533,2.0220039667067635e-06
categorical__Product ID_L53046,2.0202223621985663e-06
categorical__Product ID_M24097,2.019392746744251e-06
categorical__Product ID_M18905,2.0193881993246463e-06
categorical__Product ID_L49697,2.0183573331534105e-06
categorical__Product ID_M15522,2.0176600653190397e-06
categorical__Product ID_M17686,2.0172382149777457e-06
categorical__Product ID_L55306,2.016577907717169e-06
categorical__Product ID_H30945,2.0133538845843258e-06
categorical__Product ID_L53131,2.0133393663780144e-06
categorical__Product ID_M24027,2.011948620311854e-06
categorical__Product ID_H31260,2.010857505703527e-06
categorical__Product ID_L54091,2.010711255465299e-06
categorical__Product ID_L52819,2.0094532772300455e-06
categorical__Product ID_M24763,2.0082816900550285e-06
categorical__Product ID_L53394,2.008168427470963e-06
categorical__Product ID_M20410,2.0080698384286283e-06
categorical__Product ID_M22133,2.005381000618422e-06
categorical__Product ID_L48520,2.0026153064048643e-06
categorical__Product ID_M20358,2.0023248768866397e-06
categorical__Product ID_L54725,2.0021804269039934e-06
categorical__Product ID_M16523,2.00209283815867e-06
categorical__Product ID_M22372,2.001203273731255e-06
categorical__Product ID_L50575,2.0009524663241973e-06
categorical__Product ID_M20809,1.9983468986781647e-06
categorical__Product ID_M17737,1.997627695907698e-06
categorical__Product ID_H31184,1.996769221358908e-06
categorical__Product ID_H38630,1.993908618719964e-06
categorical__Product ID_M16718,1.9920936177796083e-06
categorical__Product ID_L51490,1.9918182552816782e-06
categorical__Product ID_L47670,1.9914833695394004e-06
categorical__Product ID_M18586,1.9909505042990802e-06
categorical__Product ID_H32804,1.9889557762415145e-06
categorical__Product ID_L48420,1.9887458905736246e-06
categorical__Product ID_L47380,1.9882434512124626e-06
categorical__Product ID_L49570,1.985435981368686e-06
categorical__Product ID_L47703,1.982094739127745e-06
categorical__Product ID_L52279,1.98138757059681e-06
categorical__Product ID_M20187,1.98103715178987e-06
categorical__Product ID_M20336,1.9799944177339478e-06
categorical__Product ID_M15659,1.9790071484515707e-06
categorical__Product ID_H30653,1.9788138535896965e-06
categorical__Product ID_L48388,1.9785807864290124e-06
categorical__Product ID_L48932,1.9762412751314105e-06
categorical__Product ID_L52554,1.9761747271232375e-06
categorical__Product ID_L48366,1.9760318977025742e-06
categorical__Product ID_L50656,1.9754509994814482e-06
categorical__Product ID_L47410,1.973588012683105e-06
categorical__Product ID_H29979,1.9721799236612452e-06
categorical__Product ID_M23172,1.971234739839088e-06
categorical__Product ID_L56747,1.970587461845305e-06
categorical__Product ID_L52977,1.970350055571469e-06
categorical__Product ID_L49152,1.9689311899657983e-06
categorical__Product ID_L54253,1.9675582715546198e-06
categorical__Product ID_M23890,1.967117579061495e-06
categorical__Product ID_M21981,1.9642160155185154e-06
categorical__Product ID_L55737,1.962649980858476e-06
categorical__Product ID_M21772,1.9606073390515195e-06
categorical__Product ID_L51457,1.9604557786407487e-06
categorical__Product ID_H30996,1.959315125464561e-06
categorical__Product ID_M17179,1.9553754635532226e-06
categorical__Product ID_M21216,1.9545481427970424e-06
categorical__Product ID_M24021,1.9519957771944978e-06
categorical__Product ID_L52866,1.951778205812677e-06
categorical__Product ID_L54590,1.9515516892356065e-06
categorical__Product ID_L48709,1.951061698781884e-06
categorical__Product ID_L51237,1.950536980480606e-06
categorical__Product ID_M22016,1.9491635691486913e-06
categorical__Product ID_M22660,1.9477661280844714e-06
categorical__Product ID_M20158,1.9470097952111024e-06
categorical__Product ID_L52425,1.946288453917042e-06
categorical__Product ID_M18107,1.9445751533833675e-06
categorical__Product ID_L52283,1.9442027498494123e-06
categorical__Product ID_M18292,1.943636898046538e-06
categorical__Product ID_M20709,1.9423312338928097e-06
categorical__Product ID_L50517,1.942100254359008e-06
categorical__Product ID_M15002,1.9418653276249008e-06
categorical__Product ID_L56352,1.941702040429744e-06
categorical__Product ID_L50793,1.9413551267422815e-06
categorical__Product ID_L53341,1.94115035790794e-06
categorical__Product ID_H34592,1.937889254358568e-06
categorical__Product ID_M16231,1.9376728371140163e-06
categorical__Product ID_L50046,1.9369228504716387e-06
categorical__Product ID_M20601,1.9366568466204753e-06
categorical__Product ID_H31522,1.933036568168639e-06
categorical__Product ID_L52385,1.9318209641207654e-06
categorical__Product ID_M21014,1.9298673398845346e-06
categorical__Product ID_M20198,1.927447007491305e-06
categorical__Product ID_L52689,1.9263996175226063e-06
categorical__Product ID_M21605,1.9255489145524732e-06
categorical__Product ID_L48973,1.9239950835608575e-06
categorical__Product ID_M24026,1.9225592428806426e-06
categorical__Product ID_L53655,1.9215232456740994e-06
categorical__Product ID_M15896,1.920973060996159e-06
categorical__Product ID_L53432,1.920502768910811e-06
categorical__Product ID_H33728,1.9201522399838376e-06
categorical__Product ID_L48323,1.9199342861796596e-06
categorical__Product ID_L51025,1.9185946025923795e-06
categorical__Product ID_M18598,1.918044980147015e-06
categorical__Product ID_L48237,1.916962656932384e-06
categorical__Product ID_M21601,1.916936387932129e-06
categorical__Product ID_M20126,1.916785406459898e-06
categorical__Product ID_H36485,1.9161557074968898e-06
categorical__Product ID_M20928,1.915637049148822e-06
categorical__Product ID_H36448,1.9152561256454807e-06
categorical__Product ID_M22622,1.91470294560409e-06
categorical__Product ID_M15728,1.913781511892676e-06
categorical__Product ID_M21168,1.912751401112044e-06
categorical__Product ID_M15802,1.9124938571256865e-06
categorical__Product ID_L49561,1.91154658126682e-06
categorical__Product ID_H32647,1.9106890817121348e-06
categorical__Product ID_L54484,1.9098050106853522e-06
categorical__Product ID_M18581,1.9094282079702574e-06
categorical__Product ID_L49102,1.9071185388825023e-06
categorical__Product ID_L47921,1.906995317856813e-06
categorical__Product ID_H39206,1.906718003930147e-06
categorical__Product ID_H30151,1.9055577143042385e-06
categorical__Product ID_H32844,1.9053942160338406e-06
categorical__Product ID_H33834,1.904409321302476e-06
categorical__Product ID_L50419,1.9036506143196585e-06
categorical__Product ID_L55216,1.9031506929515622e-06
categorical__Product ID_L47655,1.9024932831523214e-06
categorical__Product ID_L53601,1.902136098899838e-06
categorical__Product ID_L54168,1.9020467343763961e-06
categorical__Product ID_L50611,1.8970558208863912e-06
categorical__Product ID_L52365,1.896907835223854e-06
categorical__Product ID_L55988,1.8966465640547197e-06
categorical__Product ID_M22388,1.8960458734170238e-06
categorical__Product ID_M16310,1.8958582540147565e-06
categorical__Product ID_L53778,1.8955664808069336e-06
categorical__Product ID_L51219,1.8947677654406925e-06
categorical__Product ID_L49220,1.8939311402144904e-06
categorical__Product ID_M16657,1.8935029932025488e-06
categorical__Product ID_H29682,1.8923264865131228e-06
categorical__Product ID_L53320,1.8920390001436505e-06
categorical__Product ID_L53457,1.8912145068079e-06
categorical__Product ID_H37956,1.890824248368859e-06
categorical__Product ID_M17736,1.8901191095315944e-06
categorical__Product ID_M18536,1.887130379708537e-06
categorical__Product ID_L51183,1.8870743651099518e-06
categorical__Product ID_L56110,1.8814902296801837e-06
categorical__Product ID_L56646,1.8806833491402635e-06
categorical__Product ID_H37799,1.8796684843353175e-06
categorical__Product ID_L48623,1.8796644159681614e-06
categorical__Product ID_M21267,1.8792726292684022e-06
categorical__Product ID_L56922,1.8784651088996366e-06
categorical__Product ID_H29680,1.8783441193334923e-06
categorical__Product ID_L57047,1.8780539025609113e-06
categorical__Product ID_H31191,1.8768003106831118e-06
categorical__Product ID_M15535,1.875801449091231e-06
categorical__Product ID_L55101,1.875694981798551e-06
categorical__Product ID_L49320,1.8754899047500526e-06
categorical__Product ID_L53299,1.8750280378232402e-06
categorical__Product ID_L52589,1.8741491958372332e-06
categorical__Product ID_L52781,1.8705906037691638e-06
categorical__Product ID_L48001,1.8696340813111405e-06
categorical__Product ID_L56759,1.8677108674772466e-06
categorical__Product ID_L49591,1.8672103787375796e-06
categorical__Product ID_M14884,1.867054911435849e-06
categorical__Product ID_L47946,1.8668964986993355e-06
categorical__Product ID_M23529,1.8665362235868687e-06
categorical__Product ID_L56426,1.8650520162072943e-06
categorical__Product ID_L54665,1.8649645211526818e-06
categorical__Product ID_L53162,1.863359395358542e-06
categorical__Product ID_M16744,1.8629748932943154e-06
categorical__Product ID_L56220,1.8628239501954019e-06
categorical__Product ID_L48639,1.8627369718304346e-06
categorical__Product ID_L55319,1.862644548583016e-06
categorical__Product ID_H36565,1.8622417312256763e-06
categorical__Product ID_L50960,1.8613316602182602e-06
categorical__Product ID_L54523,1.85815566966189e-06
categorical__Product ID_L52114,1.8579733111345477e-06
categorical__Product ID_M20944,1.8578942551338162e-06
categorical__Product ID_L49273,1.8571572552807432e-06
categorical__Product ID_L48745,1.8570614917291627e-06
categorical__Product ID_H31921,1.8569967378075062e-06
categorical__Product ID_H29909,1.8554985987622283e-06
categorical__Product ID_H38229,1.8547790870916268e-06
categorical__Product ID_L54531,1.8546308360445474e-06
categorical__Product ID_L51694,1.8506761153024168e-06
categorical__Product ID_M20445,1.849468671749855e-06
categorical__Product ID_H36867,1.849023345519163e-06
categorical__Product ID_L47591,1.8473374793048052e-06
categorical__Product ID_M20484,1.8472915769201772e-06
categorical__Product ID_M18208,1.843838507816256e-06
categorical__Product ID_M20644,1.8434848290672872e-06
categorical__Product ID_L54312,1.8426572299856922e-06
categorical__Product ID_M22423,1.8421923489785284e-06
categorical__Product ID_L49393,1.8420111171655586e-06
categorical__Product ID_L55186,1.8402092842697397e-06
categorical__Product ID_M20599,1.8400111452201702e-06
categorical__Product ID_L54441,1.8399137805510027e-06
categorical__Product ID_M21460,1.8356738793321524e-06
categorical__Product ID_L48113,1.835160021270202e-06
categorical__Product ID_M24422,1.832621694690201e-06
categorical__Product ID_L54118,1.8325538606977273e-06
categorical__Product ID_M23312,1.8314926552669123e-06
categorical__Product ID_M21174,1.8303709021040205e-06
categorical__Product ID_L52284,1.8286089433721434e-06
categorical__Product ID_M23048,1.8281937344325379e-06
categorical__Product ID_M18104,1.828153903311069e-06
categorical__Product ID_L53268,1.8273447942966673e-06
categorical__Product ID_H38784,1.8258955185003369e-06
categorical__Product ID_L48527,1.8213830628715086e-06
categorical__Product ID_L55188,1.8212577020089734e-06
categorical__Product ID_H31955,1.8211854204396208e-06
categorical__Product ID_L47301,1.8202505204593702e-06
categorical__Product ID_L50185,1.8193039145750993e-06
categorical__Product ID_L52366,1.8188293299867856e-06
categorical__Product ID_L51442,1.8174782185920662e-06
categorical__Product ID_H29424,1.8169028989745218e-06
categorical__Product ID_M16178,1.8157259482001322e-06
categorical__Product ID_L48012,1.8147149508814057e-06
categorical__Product ID_L51020,1.8141201798538416e-06
categorical__Product ID_H35545,1.8140315584057275e-06
categorical__Product ID_H30273,1.8132787908214142e-06
categorical__Product ID_L48180,1.811004523220426e-06
categorical__Product ID_M15766,1.8103179002420394e-06
categorical__Product ID_L54835,1.8101078513568089e-06
categorical__Product ID_H32689,1.8100457265113814e-06
categorical__Product ID_H29957,1.8088585870856835e-06
categorical__Product ID_M22030,1.8078390250796546e-06
categorical__Product ID_M16215,1.807750060851228e-06
categorical__Product ID_L47419,1.8051944202988059e-06
categorical__Product ID_L48151,1.8049008837329853e-06
categorical__Product ID_H36453,1.8040878338683962e-06
categorical__Product ID_H32534,1.8025221879847305e-06
categorical__Product ID_H35313,1.8001323380236143e-06
categorical__Product ID_H35028,1.799597554414126e-06
categorical__Product ID_L54824,1.7993337728451974e-06
categorical__Product ID_H39216,1.797474555080261e-06
categorical__Product ID_L48586,1.7971381749933104e-06
categorical__Product ID_H29595,1.796996198692349e-06
categorical__Product ID_H37581,1.7955003321585982e-06
categorical__Product ID_M15562,1.793240370331629e-06
categorical__Product ID_L53963,1.7930086065775832e-06
categorical__Product ID_M20538,1.7925970795240261e-06
categorical__Product ID_L53806,1.7903777196142088e-06
categorical__Product ID_M20581,1.7903493430137704e-06
categorical__Product ID_L56413,1.789891477309002e-06
categorical__Product ID_M17753,1.7872394394094215e-06
categorical__Product ID_H30567,1.7870303093236195e-06
categorical__Product ID_L55228,1.7857936659547403e-06
categorical__Product ID_L52965,1.7841683686505662e-06
categorical__Product ID_M16056,1.7837355833291532e-06
categorical__Product ID_M23777,1.7827297856207837e-06
categorical__Product ID_L52370,1.782169155184075e-06
categorical__Product ID_L52648,1.78196692009969e-06
categorical__Product ID_M14973,1.7789760125074789e-06
categorical__Product ID_L55058,1.7786067500384353e-06
categorical__Product ID_L57144,1.7781315166168983e-06
categorical__Product ID_L55521,1.7778041419223588e-06
categorical__Product ID_M22146,1.7773871456821057e-06
categorical__Product ID_M15011,1.7753853066835031e-06
categorical__Product ID_L47213,1.7717827924345404e-06
categorical__Product ID_L50170,1.7714392581201525e-06
categorical__Product ID_L53808,1.7691890444821561e-06
categorical__Product ID_L51235,1.7687522265196043e-06
categorical__Product ID_L55518,1.768369374368071e-06
categorical__Product ID_L56379,1.7681406472871656e-06
categorical__Product ID_L54385,1.7681187397214406e-06
categorical__Product ID_L55864,1.7666894855371775e-06
categorical__Product ID_M17054,1.764905463786208e-06
categorical__Product ID_M20315,1.7647728336926744e-06
categorical__Product ID_L56165,1.7633627155836054e-06
categorical__Product ID_M21479,1.760983144888626e-06
categorical__Product ID_L48591,1.7599161062778754e-06
categorical__Product ID_L55350,1.7594541960061792e-06
categorical__Product ID_M16232,1.7581541761095463e-06
categorical__Product ID_L55901,1.7579890344211564e-06
categorical__Product ID_L56499,1.757528591027114e-06
categorical__Product ID_L48317,1.757426732176265e-06
categorical__Product ID_L48396,1.7572847752878227e-06
categorical__Product ID_L48867,1.756404455946889e-06
categorical__Product ID_L56859,1.7549138574237645e-06
categorical__Product ID_H32042,1.7548621026840184e-06
categorical__Product ID_L54209,1.754540740452812e-06
categorical__Product ID_M17056,1.7538174013174158e-06
categorical__Product ID_H31793,1.7531851406162206e-06
categorical__Product ID_M22859,1.7531609005831642e-06
categorical__Product ID_H35511,1.7530877155739768e-06
categorical__Product ID_H39188,1.7521259173226497e-06
categorical__Product ID_M17899,1.7500109003659082e-06
categorical__Product ID_M15482,1.7493348535582655e-06
categorical__Product ID_L50353,1.7488104582290482e-06
categorical__Product ID_L50756,1.7485126052313983e-06
categorical__Product ID_L54699,1.7470208121779647e-06
categorical__Product ID_L55696,1.7462076017272776e-06
categorical__Product ID_L54461,1.7459993632845506e-06
categorical__Product ID_L55439,1.7434809353342715e-06
categorical__Product ID_L50506,1.7412276237374668e-06
categorical__Product ID_L56906,1.7398668890712983e-06
categorical__Product ID_H31483,1.7388991001993315e-06
categorical__Product ID_H38675,1.7380821534816338e-06
categorical__Product ID_L56680,1.736141587395521e-06
categorical__Product ID_L53936,1.7349882542640012e-06
categorical__Product ID_M21719,1.7342557321310716e-06
categorical__Product ID_M21132,1.7331672963195016e-06
categorical__Product ID_L55163,1.7327350334647438e-06
categorical__Product ID_H37297,1.7325702521888454e-06
categorical__Product ID_L56716,1.7318229439859165e-06
categorical__Product ID_L48296,1.7312103971766256e-06
categorical__Product ID_L52407,1.7307291746565536e-06
categorical__Product ID_L49120,1.7292922085300834e-06
categorical__Product ID_L49926,1.726366404911078e-06
categorical__Product ID_M22628,1.7254020491604839e-06
categorical__Product ID_L50564,1.7232767176550936e-06
categorical__Product ID_L54278,1.7227590592688608e-06
categorical__Product ID_L49659,1.7219875230242607e-06
categorical__Product ID_M17895,1.7206350675141159e-06
categorical__Product ID_L56797,1.7189339809938585e-06
categorical__Product ID_M16604,1.7181325041561265e-06
categorical__Product ID_L50720,1.7172212475590408e-06
categorical__Product ID_L48813,1.7168991938681981e-06
categorical__Product ID_M23576,1.7159507792314164e-06
categorical__Product ID_M18141,1.7141319874280461e-06
categorical__Product ID_L52497,1.7128711766504747e-06
categorical__Product ID_M20023,1.7126740695627342e-06
categorical__Product ID_M23390,1.7123130521874435e-06
categorical__Product ID_L53506,1.7116717849995236e-06
categorical__Product ID_L53532,1.710728190447252e-06
categorical__Product ID_M17107,1.7100012456763506e-06
categorical__Product ID_L48621,1.7095144677361404e-06
categorical__Product ID_M23749,1.708978246867033e-06
categorical__Product ID_L53919,1.7073537876074276e-06
categorical__Product ID_M20620,1.70665004132464e-06
categorical__Product ID_H31216,1.7066381530235637e-06
categorical__Product ID_M23547,1.7058877341775803e-06
categorical__Product ID_M15521,1.7056579360002106e-06
categorical__Product ID_L49952,1.7052081280096842e-06
categorical__Product ID_L48612,1.7048145980312729e-06
categorical__Product ID_L54006,1.7047240431513424e-06
categorical__Product ID_M22533,1.7031155663160964e-06
categorical__Product ID_M20471,1.7021212831296841e-06
categorical__Product ID_H36474,1.7002425857578989e-06
categorical__Product ID_L49070,1.6981445954595905e-06
categorical__Product ID_L56246,1.6980978752405187e-06
categorical__Product ID_L49855,1.6976935534519656e-06
categorical__Product ID_L47633,1.6965769427600806e-06
categorical__Product ID_M15889,1.6954052476834245e-06
categorical__Product ID_H37186,1.6951925654377705e-06
categorical__Product ID_L55751,1.6938972482682028e-06
categorical__Product ID_L50237,1.6934191191267688e-06
categorical__Product ID_H31079,1.6932347209496754e-06
categorical__Product ID_H29776,1.6932282790626448e-06
categorical__Product ID_H34386,1.6932216889100006e-06
categorical__Product ID_L49088,1.6929380392803103e-06
categorical__Product ID_L53440,1.692053178339202e-06
categorical__Product ID_H31072,1.6918550115700797e-06
categorical__Product ID_L55890,1.6915742362798541e-06
categorical__Product ID_L56879,1.6914855412057411e-06
categorical__Product ID_M22648,1.6911976372565225e-06
categorical__Product ID_L49660,1.6903591607627712e-06
categorical__Product ID_M21948,1.690006065398594e-06
categorical__Product ID_L52297,1.6890705513947263e-06
categorical__Product ID_M22873,1.688274468472787e-06
categorical__Product ID_M22559,1.6868711933734726e-06
categorical__Product ID_L56810,1.6841851344064113e-06
categorical__Product ID_M24731,1.6827273468066255e-06
categorical__Product ID_L47809,1.6816017574821505e-06
categorical__Product ID_L55083,1.6811896607123294e-06
categorical__Product ID_L56791,1.680988363726163e-06
categorical__Product ID_L53660,1.68059590336387e-06
categorical__Product ID_M21606,1.6804783095948804e-06
categorical__Product ID_M18665,1.6787130204748536e-06
categorical__Product ID_L57070,1.6764046210005305e-06
categorical__Product ID_M17868,1.6763883876431405e-06
categorical__Product ID_M16300,1.6745732031612356e-06
categorical__Product ID_M24317,1.6739070740212108e-06
categorical__Product ID_L48150,1.672872903301678e-06
categorical__Product ID_L48129,1.6728162507830262e-06
categorical__Product ID_L53027,1.6713305999160913e-06
categorical__Product ID_M20638,1.6702756055102216e-06
categorical__Product ID_M15591,1.6701899046950845e-06
categorical__Product ID_L50396,1.6686629804964218e-06
categorical__Product ID_M16306,1.6662170788712822e-06
categorical__Product ID_L54691,1.6651199607790932e-06
categorical__Product ID_L55598,1.6651090597972931e-06
categorical__Product ID_L55791,1.6637526651351532e-06
categorical__Product ID_L50594,1.661796757359186e-06
categorical__Product ID_M15503,1.6602173042220373e-06
categorical__Product ID_H37328,1.6590071959937169e-06
categorical__Product ID_L56705,1.6566283043266315e-06
categorical__Product ID_L50647,1.6551259146349222e-06
categorical__Product ID_L56817,1.653152894369282e-06
categorical__Product ID_L55732,1.6526760071717187e-06
categorical__Product ID_M21104,1.6515349314852217e-06
categorical__Product ID_L48145,1.6508921115939082e-06
categorical__Product ID_M22063,1.6505412182167862e-06
categorical__Product ID_M18819,1.6501555517441914e-06
categorical__Product ID_H36984,1.6500161890233794e-06
categorical__Product ID_L57152,1.649054788430593e-06
categorical__Product ID_L53727,1.6484298739135604e-06
categorical__Product ID_L54631,1.6475631974424832e-06
categorical__Product ID_M15033,1.6470707257028113e-06
categorical__Product ID_L49473,1.6468364076368537e-06
categorical__Product ID_M15953,1.6467027470218248e-06
categorical__Product ID_H39398,1.6455768194679038e-06
categorical__Product ID_M17662,1.6454791984252733e-06
categorical__Product ID_L52925,1.6432267846302998e-06
categorical__Product ID_L49813,1.642897881076454e-06
categorical__Product ID_H36399,1.6427632423321238e-06
categorical__Product ID_M15870,1.6413841998535213e-06
categorical__Product ID_M16381,1.6399226787604703e-06
categorical__Product ID_L47234,1.6392063217533762e-06
categorical__Product ID_M15159,1.6386542086196497e-06
categorical__Product ID_L56894,1.6383790942209052e-06
categorical__Product ID_M16879,1.6373625233926371e-06
categorical__Product ID_H38893,1.6356032177639883e-06
categorical__Product ID_L54903,1.6354174945705629e-06
categorical__Product ID_L49998,1.6353802450897659e-06
categorical__Product ID_L53239,1.6340964764044172e-06
categorical__Product ID_L52738,1.6340958622659116e-06
categorical__Product ID_L56470,1.6334369902764858e-06
categorical__Product ID_M14967,1.6331397176337e-06
categorical__Product ID_M22691,1.632578144119257e-06
categorical__Product ID_M18419,1.6304810843578095e-06
categorical__Product ID_L52326,1.6298451163662643e-06
categorical__Product ID_L48010,1.6295567315760886e-06
categorical__Product ID_L52790,1.6293717805625156e-06
categorical__Product ID_L54171,1.6293714471739857e-06
categorical__Product ID_H36328,1.6287455323772909e-06
categorical__Product ID_L52384,1.6274134020663227e-06
categorical__Product ID_L49620,1.627336299335395e-06
categorical__Product ID_L49649,1.6271407554655841e-06
categorical__Product ID_M18670,1.6265491354495355e-06
categorical__Product ID_L49799,1.622039809877327e-06
categorical__Product ID_L47295,1.6215602830182604e-06
categorical__Product ID_L47988,1.6201876464534568e-06
categorical__Product ID_L54960,1.618066509294954e-06
categorical__Product ID_H39086,1.6171750389555436e-06
categorical__Product ID_M17232,1.6171052412592357e-06
categorical__Product ID_L54799,1.6164026706268483e-06
categorical__Product ID_M23774,1.6163527999842333e-06
categorical__Product ID_L49517,1.615216626533623e-06
categorical__Product ID_M20524,1.6145534216086142e-06
categorical__Product ID_L50474,1.6140646396640909e-06
categorical__Product ID_H35319,1.6132323125026905e-06
categorical__Product ID_L50021,1.6132225042759072e-06
categorical__Product ID_H37374,1.6127738619732036e-06
categorical__Product ID_L55068,1.6127203648781944e-06
categorical__Product ID_H32562,1.6120250778666456e-06
categorical__Product ID_L56774,1.6116591353849433e-06
categorical__Product ID_L54437,1.6112378362105562e-06
categorical__Product ID_M17767,1.610707543406131e-06
categorical__Product ID_L52618,1.6104617606440907e-06
categorical__Product ID_M16687,1.609810442734131e-06
categorical__Product ID_M16772,1.6095903743349603e-06
categorical__Product ID_H32468,1.6094773998796093e-06
categorical__Product ID_M21463,1.608376208005997e-06
categorical__Product ID_M14926,1.6076331703614843e-06
categorical__Product ID_L49748,1.6063394557298462e-06
categorical__Product ID_L49578,1.6032779942570321e-06
categorical__Product ID_H38756,1.60320027704762e-06
categorical__Product ID_L49822,1.6024430359661597e-06
categorical__Product ID_L52291,1.6024098851187835e-06
categorical__Product ID_L48900,1.5992942293126653e-06
categorical__Product ID_L48165,1.5977505748802714e-06
categorical__Product ID_H34357,1.5964303368082344e-06
categorical__Product ID_H39180,1.5956787623258134e-06
categorical__Product ID_M20723,1.5952398607459022e-06
categorical__Product ID_L49245,1.5942462043378605e-06
categorical__Product ID_M23095,1.5939027897816564e-06
categorical__Product ID_L50807,1.5932457429271372e-06
categorical__Product ID_L52426,1.5902493582912725e-06
categorical__Product ID_L55496,1.5890862139657516e-06
categorical__Product ID_L48007,1.5884492625565882e-06
categorical__Product ID_L49040,1.5874886531178156e-06
categorical__Product ID_L50505,1.5873818488601703e-06
categorical__Product ID_M15795,1.5872157037220642e-06
categorical__Product ID_L47558,1.5864865883397075e-06
categorical__Product ID_M16057,1.5859566355469765e-06
categorical__Product ID_L50458,1.5851753416327227e-06
categorical__Product ID_L50634,1.5840074227482467e-06
categorical__Product ID_L49484,1.5837157472881685e-06
categorical__Product ID_L54418,1.5827337229512998e-06
categorical__Product ID_L50331,1.5810430924270622e-06
categorical__Product ID_L49325,1.5807442328336654e-06
categorical__Product ID_L56269,1.5764849894411074e-06
categorical__Product ID_L52846,1.5737366618256538e-06
categorical__Product ID_M21284,1.5730597203205378e-06
categorical__Product ID_L48092,1.5730154729636482e-06
categorical__Product ID_L47801,1.5714892931590613e-06
categorical__Product ID_L53657,1.5710114031538746e-06
categorical__Product ID_M15004,1.570294880213595e-06
categorical__Product ID_L55213,1.5698013535375275e-06
categorical__Product ID_M22573,1.5697563699376847e-06
categorical__Product ID_L52596,1.569248979783807e-06
categorical__Product ID_H31674,1.5691076542810512e-06
categorical__Product ID_L55273,1.5687964682829342e-06
categorical__Product ID_M20036,1.568324160650179e-06
categorical__Product ID_L48160,1.5670556156380117e-06
categorical__Product ID_M15279,1.5658551740431162e-06
categorical__Product ID_M23288,1.5655868554602383e-06
categorical__Product ID_L57160,1.5649798734900723e-06
categorical__Product ID_L56961,1.5647064391826897e-06
categorical__Product ID_L52686,1.5642386942585932e-06
categorical__Product ID_L56786,1.5640409578478412e-06
categorical__Product ID_L53556,1.5638438902424866e-06
categorical__Product ID_L57113,1.5628307268375654e-06
categorical__Product ID_H32300,1.5618176950923568e-06
categorical__Product ID_L54921,1.5612805696726273e-06
categorical__Product ID_M18063,1.5611982085749419e-06
categorical__Product ID_M18413,1.5594009062357263e-06
categorical__Product ID_L48625,1.558248259476313e-06
categorical__Product ID_L55638,1.55810282352083e-06
categorical__Product ID_L51287,1.5580970899880304e-06
categorical__Product ID_L49872,1.5570494505767328e-06
categorical__Product ID_M24463,1.5552269326111413e-06
categorical__Product ID_M20468,1.5545919499774606e-06
categorical__Product ID_H38033,1.5545402961630648e-06
categorical__Product ID_L56614,1.5542005315892008e-06
categorical__Product ID_L49462,1.553254341222634e-06
categorical__Product ID_L55071,1.5532419400268314e-06
categorical__Product ID_M22531,1.552228800693779e-06
categorical__Product ID_L55479,1.551006846217914e-06
categorical__Product ID_M15778,1.5510032382853916e-06
categorical__Product ID_M20689,1.5494455840717421e-06
categorical__Product ID_L55986,1.5491622682678255e-06
categorical__Product ID_M23965,1.5487445001968837e-06
categorical__Product ID_L52498,1.547357280950376e-06
categorical__Product ID_H32467,1.546715486944879e-06
categorical__Product ID_M16074,1.5464858007635914e-06
categorical__Product ID_L49955,1.5464040736760473e-06
categorical__Product ID_H36895,1.5462811224894786e-06
categorical__Product ID_M20785,1.544027983115014e-06
categorical__Product ID_L47561,1.543896755823135e-06
categorical__Product ID_M15682,1.5435435608513075e-06
categorical__Product ID_M17863,1.5416904343018133e-06
categorical__Product ID_M15347,1.5415353866851902e-06
categorical__Product ID_H35158,1.5415285656033792e-06
categorical__Product ID_M15711,1.5412879187328296e-06
categorical__Product ID_L52952,1.5400082188132243e-06
categorical__Product ID_M15506,1.5375674412869153e-06
categorical__Product ID_L47821,1.537354505660725e-06
categorical__Product ID_M21583,1.5371619955783617e-06
categorical__Product ID_L47559,1.5357880822381447e-06
categorical__Product ID_L57174,1.5350383515692703e-06
categorical__Product ID_M21844,1.5340758855983427e-06
categorical__Product ID_M20534,1.5340675210722763e-06
categorical__Product ID_M16928,1.5338206243606485e-06
categorical__Product ID_M15329,1.5337472792622631e-06
categorical__Product ID_M17321,1.5319125191219726e-06
categorical__Product ID_M18497,1.5306345332174075e-06
categorical__Product ID_M15590,1.5289232574785233e-06
categorical__Product ID_M21487,1.5281838804859113e-06
categorical__Product ID_M22252,1.5252533134705291e-06
categorical__Product ID_L52722,1.524128783459561e-06
categorical__Product ID_L56530,1.523843124880208e-06
categorical__Product ID_M24644,1.5223287747314854e-06
categorical__Product ID_L54836,1.5221238178265277e-06
categorical__Product ID_M22073,1.5212599023008358e-06
categorical__Product ID_L48776,1.5209869641188015e-06
categorical__Product ID_L50273,1.5204930049459523e-06
categorical__Product ID_L47782,1.5192425289750161e-06
categorical__Product ID_H32328,1.5183256942891124e-06
categorical__Product ID_M21687,1.5176673628991463e-06
categorical__Product ID_L56243,1.5173503721737456e-06
categorical__Product ID_L49891,1.5173061098312626e-06
categorical__Product ID_M21468,1.5160953749384368e-06
categorical__Product ID_L47398,1.5160733937806412e-06
categorical__Product ID_M24370,1.5145177845346358e-06
categorical__Product ID_M17124,1.5134084373430682e-06
categorical__Product ID_M21638,1.512914130619008e-06
categorical__Product ID_H38479,1.5126073998027899e-06
categorical__Product ID_L52509,1.5125284160077343e-06
categorical__Product ID_L56897,1.5103000812059651e-06
categorical__Product ID_L50590,1.509749398468141e-06
categorical__Product ID_L47757,1.5085962717947259e-06
categorical__Product ID_M21046,1.5081839619541135e-06
categorical__Product ID_L55897,1.5081826005696566e-06
categorical__Product ID_L49272,1.5079522674871868e-06
categorical__Product ID_L48135,1.5046975309074064e-06
categorical__Product ID_L50477,1.504255239977491e-06
categorical__Product ID_L54215,1.5030396775292e-06
categorical__Product ID_L47194,1.5029990134222046e-06
categorical__Product ID_M17382,1.5028321613431942e-06
categorical__Product ID_L53746,1.5020997343214597e-06
categorical__Product ID_L49145,1.5009734526280857e-06
categorical__Product ID_M15299,1.5007528006651976e-06
categorical__Product ID_L52336,1.499872018435803e-06
categorical__Product ID_M22850,1.4996497083958406e-06
categorical__Product ID_H36857,1.499444225948046e-06
categorical__Product ID_L53891,1.4982939560359527e-06
categorical__Product ID_L48108,1.4972808814447756e-06
categorical__Product ID_L56917,1.4964442474832442e-06
categorical__Product ID_L49869,1.4956405498321194e-06
categorical__Product ID_M22288,1.4949625614569238e-06
categorical__Product ID_L48229,1.494474430238895e-06
categorical__Product ID_M18203,1.4902647117252217e-06
categorical__Product ID_M17408,1.4896991563470849e-06
categorical__Product ID_L47537,1.489350234023632e-06
categorical__Product ID_M23441,1.4883160086069186e-06
categorical__Product ID_L51390,1.4881769255296694e-06
categorical__Product ID_L54617,1.4867745649036094e-06
categorical__Product ID_L49996,1.485819726872507e-06
categorical__Product ID_M22664,1.4854407528273039e-06
categorical__Product ID_L52311,1.4843714878047136e-06
categorical__Product ID_L48111,1.48398712583628e-06
categorical__Product ID_M17509,1.4832496613149875e-06
categorical__Product ID_H32655,1.4820407130065877e-06
categorical__Product ID_H31372,1.4815070978916457e-06
categorical__Product ID_H35862,1.480040347858535e-06
categorical__Product ID_L48896,1.4799129621356864e-06
categorical__Product ID_L53878,1.478219003944661e-06
categorical__Product ID_M19610,1.4767511888332176e-06
categorical__Product ID_L47209,1.4757127323511288e-06
categorical__Product ID_L55222,1.4753636321753908e-06
categorical__Product ID_M24302,1.4747350660627721e-06
categorical__Product ID_M16229,1.472968385690426e-06
categorical__Product ID_M14860,1.4728230065541691e-06
categorical__Product ID_M23389,1.4723008400053064e-06
categorical__Product ID_L51029,1.4721308317064915e-06
categorical__Product ID_M23293,1.4707974136860082e-06
categorical__Product ID_L48133,1.4691935734726045e-06
categorical__Product ID_H31531,1.4671945551713429e-06
categorical__Product ID_M16499,1.4667869882283773e-06
categorical__Product ID_L48499,1.4667847769422747e-06
categorical__Product ID_H36377,1.4659528585294457e-06
categorical__Product ID_L56421,1.465832259459089e-06
categorical__Product ID_L49754,1.465633001606885e-06
categorical__Product ID_M20378,1.4648321033411968e-06
categorical__Product ID_L47416,1.4633612388598897e-06
categorical__Product ID_M24550,1.4630508819680316e-06
categorical__Product ID_M14877,1.4588630118480692e-06
categorical__Product ID_M21552,1.4580176301816941e-06
categorical__Product ID_L53377,1.4564920406049502e-06
categorical__Product ID_M20800,1.456413010574478e-06
categorical__Product ID_L53356,1.4561950702767183e-06
categorical__Product ID_H38791,1.4558394649872187e-06
categorical__Product ID_M17762,1.4558105282048509e-06
categorical__Product ID_L56145,1.4555002889139185e-06
categorical__Product ID_M15404,1.4554568305904251e-06
categorical__Product ID_M17084,1.454932475284131e-06
categorical__Product ID_M18225,1.4535720561121688e-06
categorical__Product ID_M17234,1.4535507380747144e-06
categorical__Product ID_L53112,1.4532401600322966e-06
categorical__Product ID_H36670,1.4531615481196413e-06
categorical__Product ID_L54276,1.4530706554049612e-06
categorical__Product ID_L55589,1.4525362665882258e-06
categorical__Product ID_M15049,1.4523863871625002e-06
categorical__Product ID_L53286,1.4522101698730125e-06
categorical__Product ID_M16914,1.452014360797497e-06
categorical__Product ID_L47327,1.4514189770303444e-06
categorical__Product ID_H38842,1.4507331526876382e-06
categorical__Product ID_L47958,1.4501556777711877e-06
categorical__Product ID_H31814,1.4501317713280659e-06
categorical__Product ID_H37474,1.447975445650865e-06
categorical__Product ID_M15012,1.446816282418448e-06
categorical__Product ID_M18005,1.4461723553578788e-06
categorical__Product ID_L56134,1.445811103971291e-06
categorical__Product ID_L54004,1.444583045634825e-06
categorical__Product ID_H30625,1.4445127410424472e-06
categorical__Product ID_M22586,1.4439301149289131e-06
categorical__Product ID_L52528,1.4433412547505702e-06
categorical__Product ID_H35798,1.4418563334904253e-06
categorical__Product ID_L50081,1.4416498896028964e-06
categorical__Product ID_L52069,1.4398866283472799e-06
categorical__Product ID_L53338,1.4384834822317453e-06
categorical__Product ID_L47966,1.4378299615583558e-06
categorical__Product ID_L49689,1.4376809458821855e-06
categorical__Product ID_L48163,1.4376135647162478e-06
categorical__Product ID_L56758,1.437392090114962e-06
categorical__Product ID_L47617,1.4365757297733295e-06
categorical__Product ID_M22235,1.436208859790339e-06
categorical__Product ID_L50124,1.4358985875038503e-06
categorical__Product ID_H39284,1.4358680382062629e-06
categorical__Product ID_L53565,1.4331582036847673e-06
categorical__Product ID_L55220,1.4331052278339032e-06
categorical__Product ID_L51196,1.432099721680298e-06
categorical__Product ID_L53023,1.4298971771415376e-06
categorical__Product ID_L54248,1.4294315271301512e-06
categorical__Product ID_H35393,1.4284180278411412e-06
categorical__Product ID_M21190,1.4281381430105154e-06
categorical__Product ID_L56635,1.4280603721846866e-06
categorical__Product ID_L52120,1.4272548832290413e-06
categorical__Product ID_L47750,1.4264970378687743e-06
categorical__Product ID_H35930,1.4260887830682677e-06
categorical__Product ID_L48633,1.4254224604566508e-06
categorical__Product ID_L54676,1.4251365086929934e-06
categorical__Product ID_L55739,1.424855128460342e-06
categorical__Product ID_H31581,1.42167273648872e-06
categorical__Product ID_L50263,1.4207434006987235e-06
categorical__Product ID_L47738,1.420428345860567e-06
categorical__Product ID_L55660,1.4203968710034114e-06
categorical__Product ID_M15477,1.4185213907704249e-06
categorical__Product ID_L51105,1.418407919579504e-06
categorical__Product ID_L53423,1.4180952014186588e-06
categorical__Product ID_M17204,1.416188915643211e-06
categorical__Product ID_H36610,1.4160139750178123e-06
categorical__Product ID_L52456,1.4157749031243971e-06
categorical__Product ID_M16054,1.415122115182209e-06
categorical__Product ID_M17016,1.4130398902772774e-06
categorical__Product ID_M21422,1.4108463297985254e-06
categorical__Product ID_L54736,1.4084885903268159e-06
categorical__Product ID_L56443,1.4083792000059528e-06
categorical__Product ID_L53157,1.4071417915375196e-06
categorical__Product ID_M22119,1.4069815692488216e-06
categorical__Product ID_M22290,1.4061901716860757e-06
categorical__Product ID_L47799,1.4061515844142344e-06
categorical__Product ID_L55510,1.4053011876847009e-06
categorical__Product ID_L47792,1.4046529400499155e-06
categorical__Product ID_L51130,1.404607537987015e-06
categorical__Product ID_L56874,1.4029465643512424e-06
categorical__Product ID_M21607,1.4028155459767826e-06
categorical__Product ID_L55527,1.402458323682705e-06
categorical__Product ID_M22482,1.4016110286900918e-06
categorical__Product ID_L53965,1.4015018739498358e-06
categorical__Product ID_L57090,1.4011390280616931e-06
categorical__Product ID_M14963,1.4005578104905295e-06
categorical__Product ID_L47720,1.3971205087402435e-06
categorical__Product ID_M22840,1.3960482252367902e-06
categorical__Product ID_L47989,1.395695742904942e-06
categorical__Product ID_H38045,1.3935312692752536e-06
categorical__Product ID_L47871,1.3933618740053084e-06
categorical__Product ID_L55293,1.393254057070938e-06
categorical__Product ID_M15847,1.3930325455906209e-06
categorical__Product ID_L48840,1.392776454023623e-06
categorical__Product ID_L53041,1.3914931232653308e-06
categorical__Product ID_L50127,1.3901025150703736e-06
categorical__Product ID_H35803,1.3885003697406188e-06
categorical__Product ID_L54847,1.3878208754145603e-06
categorical__Product ID_L53082,1.3862116801191477e-06
categorical__Product ID_L53374,1.3858457865525113e-06
categorical__Product ID_H31629,1.3847415578599535e-06
categorical__Product ID_L55214,1.384398422149698e-06
categorical__Product ID_H37132,1.3829584943279334e-06
categorical__Product ID_L47264,1.381969711289714e-06
categorical__Product ID_L49794,1.38182157942164e-06
categorical__Product ID_L47434,1.3815347328524739e-06
categorical__Product ID_L56725,1.3811467745929002e-06
categorical__Product ID_L47262,1.3807740390514604e-06
categorical__Product ID_M21594,1.3801063405695334e-06
categorical__Product ID_L54229,1.3789396162824704e-06
categorical__Product ID_M24468,1.378794811332531e-06
categorical__Product ID_M22550,1.3774735992913198e-06
categorical__Product ID_M21456,1.3766069972896395e-06
categorical__Product ID_L48056,1.3756849196942242e-06
categorical__Product ID_M19171,1.375581336601303e-06
categorical__Product ID_L56621,1.3748005815637403e-06
categorical__Product ID_M15138,1.374420051533801e-06
categorical__Product ID_M15645,1.373130918072433e-06
categorical__Product ID_L55540,1.3730351353543174e-06
categorical__Product ID_H31534,1.3729343459684365e-06
categorical__Product ID_L55418,1.3720749757153711e-06
categorical__Product ID_M16737,1.3714622535352567e-06
categorical__Product ID_L48647,1.3712322114464435e-06
categorical__Product ID_L48916,1.3696774729906258e-06
categorical__Product ID_L56301,1.368409157279748e-06
categorical__Product ID_L52980,1.3675794712266218e-06
categorical__Product ID_L49192,1.3672975964470028e-06
categorical__Product ID_M21855,1.3670315754671748e-06
categorical__Product ID_L49899,1.365354963243053e-06
categorical__Product ID_L52402,1.3653180099331144e-06
categorical__Product ID_L56425,1.3636644609771575e-06
categorical__Product ID_M18200,1.3635927624824873e-06
categorical__Product ID_L49000,1.3632942508255734e-06
categorical__Product ID_L49957,1.3632903485746524e-06
categorical__Product ID_L47211,1.3628782077085782e-06
categorical__Product ID_M17028,1.3622897052468022e-06
categorical__Product ID_M16678,1.35967093177237e-06
categorical__Product ID_L54724,1.3592829479683716e-06
categorical__Product ID_L56826,1.3592364320401064e-06
categorical__Product ID_M22167,1.3583399785027564e-06
categorical__Product ID_M16426,1.3579936725043146e-06
categorical__Product ID_L50074,1.3565870832341795e-06
categorical__Product ID_M21856,1.3547891432027717e-06
categorical__Product ID_H29712,1.3533252064894074e-06
categorical__Product ID_H36762,1.3533172184112104e-06
categorical__Product ID_M22392,1.3518811674262627e-06
categorical__Product ID_H36066,1.3513081716159744e-06
categorical__Product ID_L50169,1.351068732413277e-06
categorical__Product ID_L48895,1.3489554892879803e-06
categorical__Product ID_L56878,1.348357544661026e-06
categorical__Product ID_L52139,1.348190077078524e-06
categorical__Product ID_L48090,1.346392439832661e-06
categorical__Product ID_L53585,1.3460836520894032e-06
categorical__Product ID_H38112,1.345174763668023e-06
categorical__Product ID_L50824,1.3451135348361444e-06
categorical__Product ID_M20606,1.3446297753754132e-06
categorical__Product ID_M16600,1.3446051735890344e-06
categorical__Product ID_M16905,1.3442955807109038e-06
categorical__Product ID_L54886,1.3438761399377043e-06
categorical__Product ID_L50890,1.3438718547904767e-06
categorical__Product ID_H37063,1.3430802422840796e-06
categorical__Product ID_L52642,1.3427993344239417e-06
categorical__Product ID_L53272,1.3420681256761383e-06
categorical__Product ID_L54912,1.3417629549588107e-06
categorical__Product ID_H31210,1.3414872801966148e-06
categorical__Product ID_H37677,1.3412915790919613e-06
categorical__Product ID_H33404,1.339838448006428e-06
categorical__Product ID_L49402,1.3394589662381273e-06
categorical__Product ID_M20626,1.3387547419890675e-06
categorical__Product ID_M24815,1.3385962132307941e-06
categorical__Product ID_L50070,1.3384731891244664e-06
categorical__Product ID_L54540,1.3383683445143975e-06
categorical__Product ID_M16789,1.3382854068053072e-06
categorical__Product ID_H39184,1.3378016060848192e-06
categorical__Product ID_L54369,1.337042953870206e-06
categorical__Product ID_M22349,1.3368840804447754e-06
categorical__Product ID_L54123,1.336145137239538e-06
categorical__Product ID_M20654,1.3354011831251179e-06
categorical__Product ID_L53191,1.334534042504592e-06
categorical__Product ID_L54281,1.3336286885816972e-06
categorical__Product ID_M14978,1.3334321830172487e-06
categorical__Product ID_L56634,1.3333235040781508e-06
categorical__Product ID_L56350,1.3328943552678409e-06
categorical__Product ID_H30197,1.3311976068703995e-06
categorical__Product ID_M21147,1.3307166110307295e-06
categorical__Product ID_M14868,1.3301603044496474e-06
categorical__Product ID_L57025,1.3297016245848863e-06
categorical__Product ID_L54813,1.3295998763511525e-06
categorical__Product ID_M15431,1.3290929074193414e-06
categorical__Product ID_M15285,1.3287526123137767e-06
categorical__Product ID_L48587,1.327644666630098e-06
categorical__Product ID_L52764,1.3269464233538284e-06
categorical__Product ID_L54397,1.3268799159984467e-06
categorical__Product ID_M24334,1.3248920384601832e-06
categorical__Product ID_M22189,1.3244990845892961e-06
categorical__Product ID_L56724,1.3236297182748238e-06
categorical__Product ID_L50096,1.323461827682197e-06
categorical__Product ID_H39125,1.3227808239876475e-06
categorical__Product ID_L52437,1.32163481189138e-06
categorical__Product ID_L47280,1.3213796955714875e-06
categorical__Product ID_L56122,1.3212799229126293e-06
categorical__Product ID_L54005,1.3209185312368017e-06
categorical__Product ID_L50928,1.319531314131889e-06
categorical__Product ID_H30850,1.3183662489551744e-06
categorical__Product ID_L49101,1.3171681322905351e-06
categorical__Product ID_H36020,1.3171536850920052e-06
categorical__Product ID_L47551,1.3169855669808466e-06
categorical__Product ID_L55795,1.3164571905140126e-06
categorical__Product ID_M15520,1.315665791332254e-06
categorical__Product ID_H37231,1.3147587001155279e-06
categorical__Product ID_M18082,1.314302200892916e-06
categorical__Product ID_L52634,1.3130106651378807e-06
categorical__Product ID_M14972,1.3128813923229718e-06
categorical__Product ID_L50007,1.3119608330155755e-06
categorical__Product ID_L54327,1.3118707335456164e-06
categorical__Product ID_L56503,1.3116411882717358e-06
categorical__Product ID_L48422,1.3112999132148093e-06
categorical__Product ID_H38176,1.3112348123323998e-06
categorical__Product ID_L48381,1.311098054794895e-06
categorical__Product ID_M23585,1.3099617132179406e-06
categorical__Product ID_L56048,1.3093700221913087e-06
categorical__Product ID_L47409,1.308426815924047e-06
categorical__Product ID_M15312,1.3080973481101614e-06
categorical__Product ID_L49645,1.308003880454925e-06
categorical__Product ID_M17672,1.3078884556446714e-06
categorical__Product ID_L55812,1.3071396428681873e-06
categorical__Product ID_L54503,1.3064042446594516e-06
categorical__Product ID_L53182,1.3061746984332402e-06
categorical__Product ID_M16264,1.303724074800004e-06
categorical__Product ID_L50247,1.3037038100824933e-06
categorical__Product ID_H32148,1.3036623064196387e-06
categorical__Product ID_M17080,1.302362941732473e-06
categorical__Product ID_L50159,1.3021660487924583e-06
categorical__Product ID_L49221,1.3020278409047739e-06
categorical__Product ID_L48757,1.3017004453957465e-06
categorical__Product ID_L57089,1.3012550948357883e-06
categorical__Product ID_M23133,1.300701565638678e-06
categorical__Product ID_L53154,1.2994572374469452e-06
categorical__Product ID_L47363,1.2994229633389286e-06
categorical__Product ID_L49364,1.2989896566375157e-06
categorical__Product ID_L47271,1.2983498188424427e-06
categorical__Product ID_L47993,1.2979442483296297e-06
categorical__Product ID_L49329,1.2979258293249111e-06
categorical__Product ID_L50602,1.2979059069545167e-06
categorical__Product ID_L47807,1.2978208424782599e-06
categorical__Product ID_M24608,1.297614954291581e-06
categorical__Product ID_L51640,1.2951481983453212e-06
categorical__Product ID_M21182,1.2942483071717586e-06
categorical__Product ID_L47813,1.2941165782934455e-06
categorical__Product ID_M17942,1.2937800573639317e-06
categorical__Product ID_L53908,1.2926939738843636e-06
categorical__Product ID_M16418,1.2925946494932435e-06
categorical__Product ID_M16704,1.2914514404655235e-06
categorical__Product ID_M22467,1.2910385413222513e-06
categorical__Product ID_L53865,1.2909885067164967e-06
categorical__Product ID_M24818,1.290720324734648e-06
categorical__Product ID_M21083,1.2901317285308995e-06
categorical__Product ID_L48658,1.2899951102438508e-06
categorical__Product ID_L52256,1.288629351061839e-06
categorical__Product ID_L56912,1.2878599156653551e-06
categorical__Product ID_M15959,1.287447285407796e-06
categorical__Product ID_L54425,1.2868947379526177e-06
categorical__Product ID_L53674,1.2868361619492833e-06
categorical__Product ID_H36725,1.2866773555904042e-06
categorical__Product ID_H36228,1.2858530293018152e-06
categorical__Product ID_L50305,1.285722164139583e-06
categorical__Product ID_L52821,1.2854964848189652e-06
categorical__Product ID_M22611,1.2851361825854306e-06
categorical__Product ID_L52106,1.2850833631879832e-06
categorical__Product ID_H35378,1.2847842989382853e-06
categorical__Product ID_M15753,1.284268423003731e-06
categorical__Product ID_L50099,1.2816033238660148e-06
categorical__Product ID_M20667,1.2811026273608094e-06
categorical__Product ID_L55526,1.2809995601325191e-06
categorical__Product ID_L47971,1.2806930638610262e-06
categorical__Product ID_L52792,1.2795129243743196e-06
categorical__Product ID_M16557,1.2792199033383442e-06
categorical__Product ID_L54609,1.2783576696254989e-06
categorical__Product ID_H38587,1.2774924787075832e-06
categorical__Product ID_L47730,1.2772097188586813e-06
categorical__Product ID_L50666,1.2771515942763788e-06
categorical__Product ID_M21853,1.2768249334898406e-06
categorical__Product ID_M17228,1.2747978962223828e-06
categorical__Product ID_L55338,1.2745756761668902e-06
categorical__Product ID_L50137,1.273520189520223e-06
categorical__Product ID_L53012,1.2731779958803676e-06
categorical__Product ID_L47825,1.272956984119066e-06
categorical__Product ID_L49520,1.2727922198341565e-06
categorical__Product ID_M22230,1.2726770848821727e-06
categorical__Product ID_L53094,1.2726142432619883e-06
categorical__Product ID_L47961,1.2721173709713714e-06
categorical__Product ID_H38287,1.2716221589563353e-06
categorical__Product ID_L48903,1.2710684950379602e-06
categorical__Product ID_M23511,1.2702763556550108e-06
categorical__Product ID_L50713,1.270207953917664e-06
categorical__Product ID_L53379,1.2701090233243992e-06
categorical__Product ID_L53429,1.2694331192594757e-06
categorical__Product ID_L56915,1.26921268770537e-06
categorical__Product ID_L55446,1.2687225639512523e-06
categorical__Product ID_L52785,1.2685407847594372e-06
categorical__Product ID_L49252,1.2682372000015848e-06
categorical__Product ID_L53861,1.2678423369146658e-06
categorical__Product ID_L48384,1.2673585154318334e-06
categorical__Product ID_L53844,1.2672724601069042e-06
categorical__Product ID_M15768,1.2668820542779844e-06
categorical__Product ID_L56883,1.2667922051629948e-06
categorical__Product ID_M22253,1.2667608926169387e-06
categorical__Product ID_M18065,1.2665783695013474e-06
categorical__Product ID_L55817,1.2661786283071132e-06
categorical__Product ID_M15267,1.2655709634921554e-06
categorical__Product ID_M18194,1.265241793403609e-06
categorical__Product ID_L47704,1.2647901830102559e-06
categorical__Product ID_L54556,1.2644561553951788e-06
categorical__Product ID_L52419,1.2628305176913867e-06
categorical__Product ID_L56343,1.2628157516126105e-06
categorical__Product ID_M20705,1.261800834089284e-06
categorical__Product ID_L49270,1.261701379548252e-06
categorical__Product ID_L50551,1.2614664522690314e-06
categorical__Product ID_H30274,1.260586795765559e-06
categorical__Product ID_M18128,1.2587454757488483e-06
categorical__Product ID_H35475,1.2565465631802854e-06
categorical__Product ID_L49476,1.2564295168868758e-06
categorical__Product ID_L49634,1.2563829785463579e-06
categorical__Product ID_M20505,1.2550935636111348e-06
categorical__Product ID_H39018,1.2539194313503985e-06
categorical__Product ID_M18423,1.2525796573829312e-06
categorical__Product ID_M18013,1.2522451395844519e-06
categorical__Product ID_L47379,1.2519488551436827e-06
categorical__Product ID_M21194,1.2512252345535985e-06
categorical__Product ID_L56030,1.2510854125590818e-06
categorical__Product ID_L53694,1.2508623808096024e-06
categorical__Product ID_L56684,1.2502195743703715e-06
categorical__Product ID_M17062,1.2487955091043952e-06
categorical__Product ID_L50499,1.2482578917684183e-06
categorical__Product ID_M21189,1.2480754508493232e-06
categorical__Product ID_L47695,1.2480260742157506e-06
categorical__Product ID_L57079,1.247669684106258e-06
categorical__Product ID_M21077,1.2468272519062113e-06
categorical__Product ID_L47626,1.2468067868300526e-06
categorical__Product ID_L54920,1.2457809234444487e-06
categorical__Product ID_H38912,1.2448746578044499e-06
categorical__Product ID_M23065,1.2433520210794787e-06
categorical__Product ID_L56612,1.2431983342439325e-06
categorical__Product ID_M23061,1.2426282918275978e-06
categorical__Product ID_M22928,1.2423322698424164e-06
categorical__Product ID_M23697,1.2413872475863116e-06
categorical__Product ID_L55277,1.2412091728664445e-06
categorical__Product ID_L52091,1.2409639234327995e-06
categorical__Product ID_M17948,1.2406941449305497e-06
categorical__Product ID_L55770,1.2402510743344279e-06
categorical__Product ID_L52534,1.2402382323173256e-06
categorical__Product ID_M17596,1.2401808485189506e-06
categorical__Product ID_M21722,1.2394229930437594e-06
categorical__Product ID_L48756,1.238649269656923e-06
categorical__Product ID_L53408,1.2385993740130123e-06
categorical__Product ID_L57111,1.2381228860888504e-06
categorical__Product ID_L52993,1.2380503889153293e-06
categorical__Product ID_M16007,1.2375203454275433e-06
categorical__Product ID_H38189,1.2372759339755582e-06
categorical__Product ID_L47360,1.2360951155941003e-06
categorical__Product ID_L53647,1.2356007841487167e-06
categorical__Product ID_L52802,1.2351738752211174e-06
categorical__Product ID_L54297,1.235170113917348e-06
categorical__Product ID_M22860,1.235067011427795e-06
categorical__Product ID_L56225,1.235030551757108e-06
categorical__Product ID_L48825,1.2346438189271501e-06
categorical__Product ID_L48175,1.2346282826860822e-06
categorical__Product ID_L54714,1.2345529017553414e-06
categorical__Product ID_L49744,1.2342108393262252e-06
categorical__Product ID_L55332,1.2334499817287773e-06
categorical__Product ID_L53470,1.2331569826477192e-06
categorical__Product ID_L53814,1.233016243310045e-06
categorical__Product ID_M15666,1.232724630531939e-06
categorical__Product ID_L53716,1.2324520203142535e-06
categorical__Product ID_L48063,1.2313604788425413e-06
categorical__Product ID_H36635,1.2313157170225011e-06
categorical__Product ID_M23593,1.2304804510981544e-06
categorical__Product ID_L48926,1.2298347648672e-06
categorical__Product ID_M15194,1.2290302037484034e-06
categorical__Product ID_H36074,1.2280030202027302e-06
categorical__Product ID_L48818,1.2277406173251867e-06
categorical__Product ID_L50808,1.227683629218939e-06
categorical__Product ID_M23818,1.2273126684163759e-06
categorical__Product ID_L50071,1.2270153060879007e-06
categorical__Product ID_M15325,1.2267186898817039e-06
categorical__Product ID_L49757,1.2266475183931218e-06
categorical__Product ID_L55690,1.226398809145566e-06
categorical__Product ID_L54027,1.2248730699732971e-06
categorical__Product ID_L49696,1.2246649042936916e-06
categorical__Product ID_L47267,1.2244746769391348e-06
categorical__Product ID_L52231,1.2236975169078462e-06
categorical__Product ID_M18105,1.2236880233906356e-06
categorical__Product ID_M15509,1.222962527280625e-06
categorical__Product ID_L51189,1.2228254118217144e-06
categorical__Product ID_L51288,1.22162797067746e-06
categorical__Product ID_H34611,1.2214722865869281e-06
categorical__Product ID_M23481,1.2208226136971365e-06
categorical__Product ID_L49133,1.2200923056866084e-06
categorical__Product ID_M19888,1.2200085043935954e-06
categorical__Product ID_L50504,1.2199541774097633e-06
categorical__Product ID_M24145,1.2195612559810415e-06
categorical__Product ID_M14882,1.2184218610431553e-06
categorical__Product ID_M22398,1.217571902102385e-06
categorical__Product ID_M20478,1.2168731563511972e-06
categorical__Product ID_L48223,1.21656286520737e-06
categorical__Product ID_L52457,1.2156767865184116e-06
categorical__Product ID_L56153,1.2152791117433527e-06
categorical__Product ID_H30675,1.2149996114997496e-06
categorical__Product ID_L53787,1.2144416551110458e-06
categorical__Product ID_L47956,1.2142012129643295e-06
categorical__Product ID_L54082,1.2136717105991138e-06
categorical__Product ID_M15675,1.213573641672212e-06
categorical__Product ID_M22762,1.2135001410455552e-06
categorical__Product ID_M21937,1.2131569755567484e-06
categorical__Product ID_L55438,1.2130001182010412e-06
categorical__Product ID_L55078,1.2125398081640142e-06
categorical__Product ID_M17384,1.212258370243659e-06
categorical__Product ID_L49655,1.2119193427406897e-06
categorical__Product ID_H33541,1.2107981437109874e-06
categorical__Product ID_H37831,1.2107494666446056e-06
categorical__Product ID_H37121,1.2107201183051752e-06
categorical__Product ID_M18868,1.2101802348282254e-06
categorical__Product ID_L50415,1.2092982469300377e-06
categorical__Product ID_L56175,1.208487863462739e-06
categorical__Product ID_L53217,1.207821962562723e-06
categorical__Product ID_L55231,1.207359402576633e-06
categorical__Product ID_L55184,1.2064054798379442e-06
categorical__Product ID_L54391,1.2053702885826982e-06
categorical__Product ID_L48663,1.2052497155494872e-06
categorical__Product ID_L56260,1.2047538433264603e-06
categorical__Product ID_L49125,1.2044625723691277e-06
categorical__Product ID_M22812,1.2040086754916093e-06
categorical__Product ID_L49604,1.2039721543281724e-06
categorical__Product ID_M15691,1.2022840646337506e-06
categorical__Product ID_L55388,1.2022106189731895e-06
categorical__Product ID_M16700,1.2018213078005408e-06
categorical__Product ID_M15664,1.2008278763017192e-06
categorical__Product ID_L54794,1.2000581146848442e-06
categorical__Product ID_M24775,1.199890344908716e-06
categorical__Product ID_L49380,1.1993852358501532e-06
categorical__Product ID_L55646,1.1985015755745115e-06
categorical__Product ID_H36557,1.197384407399226e-06
categorical__Product ID_L49539,1.1973318822280708e-06
categorical__Product ID_L50780,1.1969705813393841e-06
categorical__Product ID_L47922,1.1956049105455812e-06
categorical__Product ID_L53480,1.1955433756507417e-06
categorical__Product ID_L55720,1.1954548951127039e-06
categorical__Product ID_M24680,1.1953805865297237e-06
categorical__Product ID_L54227,1.1952906063082436e-06
categorical__Product ID_M17691,1.1951526290666903e-06
categorical__Product ID_M20866,1.195080694859305e-06
categorical__Product ID_M19809,1.1945748226970646e-06
categorical__Product ID_M18079,1.1942957845012236e-06
categorical__Product ID_L53458,1.1941989372990717e-06
categorical__Product ID_H37108,1.1939604798893886e-06
categorical__Product ID_M17492,1.1935691038063344e-06
categorical__Product ID_L50429,1.1932874455952197e-06
categorical__Product ID_L47795,1.1914565012719903e-06
categorical__Product ID_L56903,1.1903936052526867e-06
categorical__Product ID_H37106,1.1900517142370223e-06
categorical__Product ID_M16349,1.1899180809363767e-06
categorical__Product ID_M17324,1.1883855818764839e-06
categorical__Product ID_M22867,1.1881739883783203e-06
categorical__Product ID_M16578,1.1876760050331899e-06
categorical__Product ID_L51428,1.1871787060633978e-06
categorical__Product ID_L52245,1.1860915540731227e-06
categorical__Product ID_H32024,1.1852834579292984e-06
categorical__Product ID_H38354,1.1846281707964305e-06
categorical__Product ID_H38742,1.1845684272854766e-06
categorical__Product ID_M17096,1.184344591968935e-06
categorical__Product ID_L48248,1.1842732022586528e-06
categorical__Product ID_L53573,1.1829666496413365e-06
categorical__Product ID_L48172,1.1818550261160736e-06
categorical__Product ID_M18773,1.1788839103757389e-06
categorical__Product ID_L56170,1.1779179543007834e-06
categorical__Product ID_L49079,1.1778873799457744e-06
categorical__Product ID_H38153,1.176018083228753e-06
categorical__Product ID_L48253,1.1751938268781174e-06
categorical__Product ID_H38938,1.1751222240864974e-06
categorical__Product ID_H35876,1.1750495841468332e-06
categorical__Product ID_L53026,1.1748764622124953e-06
categorical__Product ID_H38911,1.174566486165771e-06
categorical__Product ID_H30685,1.1744675007349097e-06
categorical__Product ID_M21218,1.1744546762096496e-06
categorical__Product ID_L50931,1.174401423788803e-06
categorical__Product ID_H38469,1.1735258261319404e-06
categorical__Product ID_L55889,1.172801528303278e-06
categorical__Product ID_H36880,1.1727953925698323e-06
categorical__Product ID_H39384,1.1727630855590712e-06
categorical__Product ID_M21984,1.172711208311316e-06
categorical__Product ID_L55040,1.1722283318457537e-06
categorical__Product ID_L54805,1.1722241234519905e-06
categorical__Product ID_L53447,1.171219484792244e-06
categorical__Product ID_L47520,1.1702373099594035e-06
categorical__Product ID_M14956,1.1693530020480907e-06
categorical__Product ID_H36025,1.1692101610447922e-06
categorical__Product ID_L53337,1.169091704576498e-06
categorical__Product ID_L49993,1.1690521049384118e-06
categorical__Product ID_M20997,1.1687940075910716e-06
categorical__Product ID_M22613,1.1684361796693277e-06
categorical__Product ID_M20455,1.1681732074223533e-06
categorical__Product ID_M17581,1.1667838165310938e-06
categorical__Product ID_L48484,1.166309730330983e-06
categorical__Product ID_L49264,1.1661097387785341e-06
categorical__Product ID_L47233,1.165323393488185e-06
categorical__Product ID_L48257,1.1649987425181046e-06
categorical__Product ID_M20600,1.1648344574786405e-06
categorical__Product ID_M23002,1.1647884479748665e-06
categorical__Product ID_M22248,1.1642359063553924e-06
categorical__Product ID_M20984,1.1641986098769014e-06
categorical__Product ID_L53576,1.1641628275434751e-06
categorical__Product ID_M21807,1.1641626174799975e-06
categorical__Product ID_L52759,1.1639842499238062e-06
categorical__Product ID_M21623,1.1639600024821252e-06
categorical__Product ID_L54521,1.1628812375062605e-06
categorical__Product ID_M17333,1.1617947778066124e-06
categorical__Product ID_L54992,1.16019737119093e-06
categorical__Product ID_L54841,1.1600072036821566e-06
categorical__Product ID_M16654,1.1596866118811204e-06
categorical__Product ID_L49818,1.1592429011648292e-06
categorical__Product ID_L53240,1.1586911132358435e-06
categorical__Product ID_L52749,1.158154894365145e-06
categorical__Product ID_L57125,1.1557739228097555e-06
categorical__Product ID_L53404,1.1540984657989303e-06
categorical__Product ID_M16273,1.1535321435455217e-06
categorical__Product ID_L55145,1.1529056716488725e-06
categorical__Product ID_M22680,1.1519967903061939e-06
categorical__Product ID_L53916,1.150731192351824e-06
categorical__Product ID_H30102,1.1506760535505163e-06
categorical__Product ID_L56991,1.1500424829100005e-06
categorical__Product ID_M23455,1.1500360415664609e-06
categorical__Product ID_M18017,1.149223828255029e-06
categorical__Product ID_M17815,1.149045085426029e-06
categorical__Product ID_L50532,1.1487997849095725e-06
categorical__Product ID_H39334,1.1486789353011588e-06
categorical__Product ID_L55707,1.147895021595415e-06
categorical__Product ID_L55501,1.1478934881589603e-06
categorical__Product ID_L50579,1.1474693291256601e-06
categorical__Product ID_L54481,1.1474104393272583e-06
categorical__Product ID_L55806,1.1466103570899116e-06
categorical__Product ID_M16809,1.1439597516369306e-06
categorical__Product ID_M20955,1.142680371590448e-06
categorical__Product ID_L48074,1.142540157998336e-06
categorical__Product ID_L49207,1.1422678318062743e-06
categorical__Product ID_H32814,1.1418815073652393e-06
categorical__Product ID_H38000,1.1408961225465263e-06
categorical__Product ID_L50195,1.1407281746134995e-06
categorical__Product ID_H35886,1.1405024739231794e-06
categorical__Product ID_M18055,1.1402134470442963e-06
categorical__Product ID_L54187,1.13983940211294e-06
categorical__Product ID_H31666,1.1395504482851542e-06
categorical__Product ID_L47686,1.138171534010664e-06
categorical__Product ID_H38515,1.1378229471455781e-06
categorical__Product ID_L56751,1.1376616337318868e-06
categorical__Product ID_M15665,1.1362104512026936e-06
categorical__Product ID_L48318,1.1345514244035713e-06
categorical__Product ID_L51068,1.134407312727223e-06
categorical__Product ID_L54146,1.1342418172654312e-06
categorical__Product ID_M16726,1.1341536916649324e-06
categorical__Product ID_M17598,1.133763367576462e-06
categorical__Product ID_L49733,1.1327911345913762e-06
categorical__Product ID_L57005,1.1326059530789592e-06
categorical__Product ID_L53723,1.1324494371443916e-06
categorical__Product ID_M21175,1.132299778575873e-06
categorical__Product ID_L55126,1.1316505543061377e-06
categorical__Product ID_M17481,1.1312026782363834e-06
categorical__Product ID_M22246,1.1293932124173578e-06
categorical__Product ID_H32504,1.128776824770648e-06
categorical__Product ID_L52692,1.1285725885500439e-06
categorical__Product ID_L57133,1.127551096357007e-06
categorical__Product ID_L50456,1.1267998364816937e-06
categorical__Product ID_M17566,1.1267740176158372e-06
categorical__Product ID_L56253,1.1263974261741471e-06
categorical__Product ID_L50190,1.1251270763397953e-06
categorical__Product ID_L52911,1.1249812567579846e-06
categorical__Product ID_L49420,1.1244961961775063e-06
categorical__Product ID_M23209,1.1239078202598612e-06
categorical__Product ID_L50479,1.1233817935542937e-06
categorical__Product ID_L57124,1.12320831750614e-06
categorical__Product ID_L48043,1.120750981441443e-06
categorical__Product ID_M16506,1.120710583393154e-06
categorical__Product ID_L50584,1.1197948970607154e-06
categorical__Product ID_L48076,1.1187098776772174e-06
categorical__Product ID_L48731,1.1184414129484931e-06
categorical__Product ID_L47186,1.1176221336726884e-06
categorical__Product ID_M24447,1.1176000141142632e-06
categorical__Product ID_M17955,1.1166636933528578e-06
categorical__Product ID_L49643,1.1153003280800375e-06
categorical__Product ID_L47705,1.1152938908153486e-06
categorical__Product ID_L51264,1.1152121487337052e-06
categorical__Product ID_H34864,1.1148293123067449e-06
categorical__Product ID_M17584,1.114352638468553e-06
categorical__Product ID_L50454,1.1138791705599846e-06
categorical__Product ID_L49184,1.1134423554259464e-06
categorical__Product ID_H32059,1.112741738537707e-06
categorical__Product ID_L47459,1.109719217047182e-06
categorical__Product ID_L52990,1.109506682614808e-06
categorical__Product ID_L48899,1.1093568960270587e-06
categorical__Product ID_H32503,1.1082609141407628e-06
categorical__Product ID_L48554,1.107862846327411e-06
categorical__Product ID_M21134,1.1066007649813414e-06
categorical__Product ID_L56572,1.1064291201551913e-06
categorical__Product ID_M17731,1.1056330102596266e-06
categorical__Product ID_H35468,1.1056034286932194e-06
categorical__Product ID_L56560,1.1041367307976098e-06
categorical__Product ID_M22058,1.1040976660834126e-06
categorical__Product ID_L57112,1.1021341348253874e-06
categorical__Product ID_L53269,1.1020156290055509e-06
categorical__Product ID_H35789,1.1017254017016032e-06
categorical__Product ID_M17417,1.1014990790352909e-06
categorical__Product ID_L48951,1.1014152247651858e-06
categorical__Product ID_M15332,1.0999449464043109e-06
categorical__Product ID_M24113,1.099803411973054e-06
categorical__Product ID_L47996,1.0995326085480408e-06
categorical__Product ID_L56154,1.0993792250169105e-06
categorical__Product ID_L50344,1.0993669397171752e-06
categorical__Product ID_L47854,1.0991960146861974e-06
categorical__Product ID_L50373,1.0990390415216779e-06
categorical__Product ID_M17794,1.098927005201857e-06
categorical__Product ID_M20073,1.098215431628565e-06
categorical__Product ID_L54292,1.0979269983683784e-06
categorical__Product ID_L50799,1.097920537075768e-06
categorical__Product ID_L53484,1.0974460243424247e-06
categorical__Product ID_M15111,1.0965039656906555e-06
categorical__Product ID_L48316,1.0964062891048587e-06
categorical__Product ID_M20783,1.095454179424851e-06
categorical__Product ID_L53115,1.0952977818161938e-06
categorical__Product ID_M22889,1.095205632371199e-06
categorical__Product ID_L47873,1.0941046884504577e-06
categorical__Product ID_L57170,1.0933643170375272e-06
categorical__Product ID_L56363,1.092647905617995e-06
categorical__Product ID_L57121,1.0924081974541597e-06
categorical__Product ID_M23197,1.0910176060842403e-06
categorical__Product ID_L57114,1.0905918902677897e-06
categorical__Product ID_H31547,1.0905156531246893e-06
categorical__Product ID_H39148,1.0902719318629916e-06
categorical__Product ID_M16441,1.0897342343943398e-06
categorical__Product ID_L49318,1.0896816864821553e-06
categorical__Product ID_M15122,1.0895482972366285e-06
categorical__Product ID_L53542,1.0895319260093228e-06
categorical__Product ID_M16055,1.0893083970636503e-06
categorical__Product ID_L57088,1.0883320705982031e-06
categorical__Product ID_L50936,1.085554516433751e-06
categorical__Product ID_M15775,1.0849846438117175e-06
categorical__Product ID_M16344,1.084831614271432e-06
categorical__Product ID_L53282,1.0835627976046898e-06
categorical__Product ID_M16714,1.0821287125967895e-06
categorical__Product ID_H36284,1.0818451454896313e-06
categorical__Product ID_L55483,1.0813417828073868e-06
categorical__Product ID_L47975,1.0811834524782477e-06
categorical__Product ID_L55369,1.0808740266792756e-06
categorical__Product ID_H31642,1.0807181693116114e-06
categorical__Product ID_L52257,1.0804829733307056e-06
categorical__Product ID_H29684,1.0793123051601075e-06
categorical__Product ID_M22015,1.0793044583395358e-06
categorical__Product ID_L47831,1.0780650606610427e-06
categorical__Product ID_M15220,1.0779228395840513e-06
categorical__Product ID_L55218,1.0777397575253967e-06
categorical__Product ID_M20725,1.0765018847039653e-06
categorical__Product ID_L54285,1.0764096715512605e-06
categorical__Product ID_H30594,1.076123334902565e-06
categorical__Product ID_M20535,1.0757420436911586e-06
categorical__Product ID_L55548,1.0755342307909911e-06
categorical__Product ID_L48297,1.0750027205678539e-06
categorical__Product ID_L54713,1.0748576567975637e-06
categorical__Product ID_L49770,1.0737045165413375e-06
categorical__Product ID_M21748,1.072742685090025e-06
categorical__Product ID_H31603,1.0727390638120762e-06
categorical__Product ID_L52605,1.071997730581957e-06
categorical__Product ID_M23910,1.0719390666355647e-06
categorical__Product ID_M21129,1.0716707405394317e-06
categorical__Product ID_L50164,1.0710961222917456e-06
categorical__Product ID_L48036,1.0705618181844973e-06
categorical__Product ID_H32613,1.0699416693799794e-06
categorical__Product ID_L55895,1.0696129612535189e-06
categorical__Product ID_L57018,1.06933701735855e-06
categorical__Product ID_M18333,1.0690274154373037e-06
categorical__Product ID_L47515,1.0689708022806957e-06
categorical__Product ID_M21329,1.0688062162460831e-06
categorical__Product ID_M18175,1.0683667838455378e-06
categorical__Product ID_L54029,1.0667901842300284e-06
categorical__Product ID_L56576,1.0657655148469869e-06
categorical__Product ID_M21324,1.0654455088111684e-06
categorical__Product ID_L52626,1.065411390067874e-06
categorical__Product ID_M24161,1.065316515095487e-06
categorical__Product ID_L55016,1.0650240451084965e-06
categorical__Product ID_L54508,1.0645981250467967e-06
categorical__Product ID_L50834,1.0630065554297095e-06
categorical__Product ID_L48045,1.0614936484768416e-06
categorical__Product ID_M16564,1.0595710393447876e-06
categorical__Product ID_M16967,1.0594790952525768e-06
categorical__Product ID_M22930,1.058602580335968e-06
categorical__Product ID_L54315,1.0585359083666502e-06
categorical__Product ID_M23812,1.0582874956010662e-06
categorical__Product ID_L56394,1.0577182156388176e-06
categorical__Product ID_M15292,1.056911626397984e-06
categorical__Product ID_H38831,1.0568859233553478e-06
categorical__Product ID_L52264,1.0532853148788482e-06
categorical__Product ID_M15474,1.052967512136998e-06
categorical__Product ID_L47811,1.0521406977551512e-06
categorical__Product ID_L52938,1.0519084166496508e-06
categorical__Product ID_M21649,1.0516610297757568e-06
categorical__Product ID_L49627,1.0513979392174544e-06
categorical__Product ID_L48440,1.0509042328258845e-06
categorical__Product ID_L55848,1.0508248016328349e-06
categorical__Product ID_L50408,1.050818313280585e-06
categorical__Product ID_L54459,1.0505334507714157e-06
categorical__Product ID_L53450,1.0499130770532415e-06
categorical__Product ID_H31901,1.0497126220849607e-06
categorical__Product ID_H34772,1.0492996842594472e-06
categorical__Product ID_L55843,1.0491618116081569e-06
categorical__Product ID_M21611,1.0484545674022943e-06
categorical__Product ID_M15123,1.0483987644604735e-06
categorical__Product ID_L53368,1.047919039130945e-06
categorical__Product ID_H37810,1.047701085745367e-06
categorical__Product ID_H32395,1.0460485904696642e-06
categorical__Product ID_L53757,1.046012492991815e-06
categorical__Product ID_L56176,1.0450927789067348e-06
categorical__Product ID_L47370,1.04504983467191e-06
categorical__Product ID_L48931,1.0450350632825537e-06
categorical__Product ID_L47582,1.0447004225455375e-06
categorical__Product ID_L55067,1.0446167279130697e-06
categorical__Product ID_M18493,1.0425199735547595e-06
categorical__Product ID_M16139,1.0424644616227508e-06
categorical__Product ID_L55239,1.0424633406175414e-06
categorical__Product ID_L57173,1.0411481761562803e-06
categorical__Product ID_L56739,1.0402461205428878e-06
categorical__Product ID_L47444,1.0396901481669686e-06
categorical__Product ID_L54674,1.0388289548988943e-06
categorical__Product ID_L56446,1.0383360767561665e-06
categorical__Product ID_L52223,1.0381581119305663e-06
categorical__Product ID_L47947,1.0372446815199312e-06
categorical__Product ID_M24851,1.0362815111100316e-06
categorical__Product ID_L55892,1.0352756011454127e-06
categorical__Product ID_L48531,1.034864788555303e-06
categorical__Product ID_L52950,1.0346597371264775e-06
categorical__Product ID_H35550,1.0345886072181644e-06
categorical__Product ID_L55603,1.0326724559453807e-06
categorical__Product ID_M15600,1.0325260218234843e-06
categorical__Product ID_M16397,1.0316103757265798e-06
categorical__Product ID_M16501,1.0306739739589767e-06
categorical__Product ID_L54062,1.0306623394917319e-06
categorical__Product ID_M22710,1.0306226164765192e-06
categorical__Product ID_M18068,1.030508839984363e-06
categorical__Product ID_M15345,1.0303819019749699e-06
categorical__Product ID_H35377,1.0298047600759356e-06
categorical__Product ID_L50511,1.0293511112511718e-06
categorical__Product ID_L53750,1.0292512462897983e-06
categorical__Product ID_M24400,1.0290786862919644e-06
categorical__Product ID_L56457,1.0289210805769874e-06
categorical__Product ID_L56086,1.028223791117789e-06
categorical__Product ID_L47564,1.0279643445899298e-06
categorical__Product ID_M22514,1.027798812080688e-06
categorical__Product ID_H36292,1.0268314843322077e-06
categorical__Product ID_L54339,1.0267642616064787e-06
categorical__Product ID_L49566,1.026355825614235e-06
categorical__Product ID_M18767,1.026235780096342e-06
categorical__Product ID_L52888,1.0261487297732342e-06
categorical__Product ID_H38099,1.0255688193239008e-06
categorical__Product ID_L53126,1.0244239265338837e-06
categorical__Product ID_M23615,1.024108133467706e-06
categorical__Product ID_L53387,1.0237664799926043e-06
categorical__Product ID_H29724,1.0233538780416497e-06
categorical__Product ID_L50478,1.0219086417004008e-06
categorical__Product ID_M22097,1.0214755583665168e-06
categorical__Product ID_M16345,1.0214459852043797e-06
categorical__Product ID_H30970,1.0210840466344516e-06
categorical__Product ID_L48238,1.019557303222118e-06
categorical__Product ID_L56328,1.0192668495583055e-06
categorical__Product ID_M17221,1.0191324666417487e-06
categorical__Product ID_L49381,1.0172957735428007e-06
categorical__Product ID_H36266,1.0169553448502379e-06
categorical__Product ID_H31564,1.0158760596765398e-06
categorical__Product ID_H29874,1.0158711011358043e-06
categorical__Product ID_L52934,1.015344536379601e-06
categorical__Product ID_L54560,1.0151545721095489e-06
categorical__Product ID_L49630,1.0147706866055553e-06
categorical__Product ID_M23757,1.0141948137236917e-06
categorical__Product ID_L49019,1.0138264431360028e-06
categorical__Product ID_L49002,1.01359859506989e-06
categorical__Product ID_H35098,1.0129940347488642e-06
categorical__Product ID_L47814,1.0128057147524253e-06
categorical__Product ID_L47480,1.0123689767122327e-06
categorical__Product ID_M22273,1.011690413163722e-06
categorical__Product ID_L55361,1.0105371708688579e-06
categorical__Product ID_L49729,1.0104285277305612e-06
categorical__Product ID_L55650,1.0098465684251568e-06
categorical__Product ID_L53136,1.0096770209943054e-06
categorical__Product ID_L52713,1.0095625558616157e-06
categorical__Product ID_L56531,1.0094796077091418e-06
categorical__Product ID_H31721,1.0091375526792237e-06
categorical__Product ID_M21986,1.0084080644034018e-06
categorical__Product ID_L48152,1.0079860620826966e-06
categorical__Product ID_L49924,1.007649798629627e-06
categorical__Product ID_H30117,1.0075741166376418e-06
categorical__Product ID_L49693,1.0061444072883076e-06
categorical__Product ID_H31107,1.0053618541886953e-06
categorical__Product ID_H38316,1.005215699759206e-06
categorical__Product ID_M20698,1.0044690237002352e-06
categorical__Product ID_L55983,1.0039464892950815e-06
categorical__Product ID_L50810,1.0035960621329597e-06
categorical__Product ID_L54803,1.0033826131789176e-06
categorical__Product ID_L53305,1.0025344539266251e-06
categorical__Product ID_M24417,1.0019492634328698e-06
categorical__Product ID_L52834,1.0018426416190952e-06
categorical__Product ID_L53123,1.0012060644838572e-06
categorical__Product ID_H31402,1.0011541901639228e-06
categorical__Product ID_L56882,1.000864968175761e-06
categorical__Product ID_H39228,1.0005459048492865e-06
categorical__Product ID_H38448,1.0005275880910695e-06
categorical__Product ID_L56381,1.0004846670115656e-06
categorical__Product ID_L57049,9.99637114523236e-07
categorical__Product ID_L49947,9.994185085573948e-07
categorical__Product ID_L48400,9.99363614560654e-07
categorical__Product ID_L56969,9.99090920123437e-07
categorical__Product ID_H37575,9.980685499599308e-07
categorical__Product ID_L51095,9.979476692274741e-07
categorical__Product ID_M17237,9.972750216549164e-07
categorical__Product ID_L56941,9.963682186122606e-07
categorical__Product ID_L47875,9.960763303023327e-07
categorical__Product ID_H30926,9.960637290168158e-07
categorical__Product ID_L54220,9.955876819147108e-07
categorical__Product ID_L53081,9.953142636929507e-07
categorical__Product ID_M21716,9.952673382669398e-07
categorical__Product ID_L55337,9.942622135915784e-07
categorical__Product ID_L52443,9.93844453780652e-07
categorical__Product ID_L47892,9.92735298975228e-07
categorical__Product ID_M23435,9.925274142017319e-07
categorical__Product ID_L48235,9.917513142179341e-07
categorical__Product ID_L47548,9.91740197817793e-07
categorical__Product ID_M24827,9.909801722132867e-07
categorical__Product ID_M23323,9.889481285369315e-07
categorical__Product ID_M15131,9.886203950260417e-07
categorical__Product ID_L56777,9.882692334330765e-07
categorical__Product ID_M15171,9.877732918085917e-07
categorical__Product ID_L48602,9.876796322765077e-07
categorical__Product ID_M15593,9.868165828895178e-07
categorical__Product ID_L55259,9.858638287507908e-07
categorical__Product ID_L55815,9.85622793834392e-07
categorical__Product ID_L56698,9.854859455431434e-07
categorical__Product ID_L50736,9.852860997221557e-07
categorical__Product ID_L55899,9.849709257979184e-07
categorical__Product ID_M18006,9.846289702460429e-07
categorical__Product ID_L56356,9.842578714146972e-07
categorical__Product ID_H38545,9.840958758255816e-07
categorical__Product ID_L52218,9.838544688393315e-07
categorical__Product ID_L55364,9.829893094834898e-07
categorical__Product ID_M21288,9.829195640212796e-07
categorical__Product ID_L53141,9.82818727258558e-07
categorical__Product ID_H31076,9.815440411817902e-07
categorical__Product ID_L55012,9.809930137798353e-07
categorical__Product ID_L54958,9.805721630332875e-07
categorical__Product ID_L50302,9.799715380804171e-07
categorical__Product ID_L57033,9.795729557456695e-07
categorical__Product ID_M16748,9.790330805867499e-07
categorical__Product ID_L54126,9.781544947897802e-07
categorical__Product ID_L47863,9.781008481868397e-07
categorical__Product ID_L50122,9.780614441595436e-07
categorical__Product ID_M22723,9.771968953348889e-07
categorical__Product ID_L48000,9.768867889418264e-07
categorical__Product ID_M22925,9.766059156212881e-07
categorical__Product ID_M18567,9.764820793102984e-07
categorical__Product ID_L54715,9.761800597037207e-07
categorical__Product ID_L50086,9.756502155331577e-07
categorical__Product ID_M21932,9.753528863205107e-07
categorical__Product ID_M22094,9.75045316204485e-07
categorical__Product ID_M23439,9.734866913370441e-07
categorical__Product ID_M16067,9.72741792939544e-07
categorical__Product ID_M17431,9.725758374605747e-07
categorical__Product ID_L50998,9.725314361607416e-07
categorical__Product ID_L56825,9.72244146046936e-07
categorical__Product ID_L54913,9.722250095339282e-07
categorical__Product ID_L53986,9.71485355048938e-07
categorical__Product ID_L55282,9.71418715151432e-07
categorical__Product ID_L53828,9.712367902846217e-07
categorical__Product ID_H30688,9.710507528742415e-07
categorical__Product ID_H37679,9.709175015572951e-07
categorical__Product ID_M15913,9.70856775908263e-07
categorical__Product ID_L52847,9.706623443002476e-07
categorical__Product ID_L48495,9.706250087013417e-07
categorical__Product ID_M17172,9.702993641187693e-07
categorical__Product ID_L48878,9.695468678376818e-07
categorical__Product ID_L49412,9.693743128636015e-07
categorical__Product ID_L55771,9.69067764192405e-07
categorical__Product ID_M16252,9.681877199083765e-07
categorical__Product ID_H36960,9.68049364760527e-07
categorical__Product ID_L50596,9.67898573382997e-07
categorical__Product ID_L49050,9.67892549903406e-07
categorical__Product ID_M22129,9.678177566337474e-07
categorical__Product ID_L47696,9.672637003423928e-07
categorical__Product ID_M15024,9.665626004197155e-07
categorical__Product ID_L49586,9.661099401275272e-07
categorical__Product ID_L48006,9.660582987404807e-07
categorical__Product ID_L56092,9.65888930851217e-07
categorical__Product ID_M24155,9.656880558514988e-07
categorical__Product ID_H37624,9.648641500339525e-07
categorical__Product ID_M15930,9.647925024198022e-07
categorical__Product ID_M22752,9.645966560049456e-07
categorical__Product ID_L50207,9.645771258659126e-07
categorical__Product ID_L56168,9.644706961261527e-07
categorical__Product ID_L52490,9.641737143095297e-07
categorical__Product ID_L48811,9.631571883979957e-07
categorical__Product ID_M16563,9.63015243020426e-07
categorical__Product ID_M17138,9.624805533180907e-07
categorical__Product ID_L48322,9.620809339425794e-07
categorical__Product ID_H31197,9.617662605319257e-07
categorical__Product ID_L53245,9.615686413685532e-07
categorical__Product ID_M17575,9.606901292920568e-07
categorical__Product ID_L54388,9.602681225404908e-07
categorical__Product ID_L48161,9.599141141096646e-07
categorical__Product ID_H36293,9.596103303042897e-07
categorical__Product ID_M24803,9.59062351409036e-07
categorical__Product ID_H38664,9.588998184148746e-07
categorical__Product ID_L47391,9.588537296817904e-07
categorical__Product ID_M24777,9.588515113139183e-07
categorical__Product ID_L56150,9.587279549092899e-07
categorical__Product ID_M16652,9.577657171116722e-07
categorical__Product ID_L49683,9.572593703556923e-07
categorical__Product ID_M17202,9.570595541779575e-07
categorical__Product ID_M23102,9.56930502547008e-07
categorical__Product ID_M24460,9.566237507449295e-07
categorical__Product ID_L49521,9.565303002783023e-07
categorical__Product ID_M15155,9.558644807919592e-07
categorical__Product ID_L52627,9.54020647643878e-07
categorical__Product ID_L49087,9.527543223992403e-07
categorical__Product ID_L56178,9.522737522114466e-07
categorical__Product ID_L47393,9.504413999571032e-07
categorical__Product ID_L49527,9.502592277137798e-07
categorical__Product ID_M22982,9.499057901169569e-07
categorical__Product ID_H31497,9.491237444830483e-07
categorical__Product ID_M22835,9.486531554194356e-07
categorical__Product ID_L48069,9.485310361048487e-07
categorical__Product ID_M24423,9.484476933065831e-07
categorical__Product ID_L49806,9.484123511179608e-07
categorical__Product ID_M16847,9.483755157643518e-07
categorical__Product ID_M23035,9.480019716113588e-07
categorical__Product ID_L53713,9.478043896692834e-07
categorical__Product ID_H32254,9.475907654154022e-07
categorical__Product ID_L49569,9.452831006649087e-07
categorical__Product ID_L50565,9.449673360414908e-07
categorical__Product ID_L57126,9.434142063616236e-07
categorical__Product ID_M17521,9.427632689149076e-07
categorical__Product ID_L54961,9.423021376623283e-07
categorical__Product ID_L54667,9.407765778011265e-07
categorical__Product ID_M20330,9.40719746801814e-07
categorical__Product ID_L49877,9.4061711587321e-07
categorical__Product ID_H35912,9.401806306908634e-07
categorical__Product ID_L56472,9.398475401470376e-07
categorical__Product ID_M15199,9.39817540694846e-07
categorical__Product ID_L56771,9.395072653125142e-07
categorical__Product ID_M21763,9.394857596286135e-07
categorical__Product ID_L53771,9.383982678281483e-07
categorical__Product ID_L53321,9.383292570290424e-07
categorical__Product ID_L48789,9.38145742034776e-07
categorical__Product ID_L50013,9.3753572542072e-07
categorical__Product ID_L47580,9.373265548114539e-07
categorical__Product ID_M15748,9.368162309800324e-07
categorical__Product ID_L49772,9.368040006378427e-07
categorical__Product ID_M22293,9.3677689412725e-07
categorical__Product ID_L47962,9.366603413245238e-07
categorical__Product ID_L55123,9.360524556543573e-07
categorical__Product ID_M20228,9.359535519235566e-07
categorical__Product ID_L48604,9.356146604315789e-07
categorical__Product ID_L48755,9.349510924758082e-07
categorical__Product ID_M21090,9.338681926877735e-07
categorical__Product ID_M23191,9.334420380389941e-07
categorical__Product ID_L54591,9.331939779999073e-07
categorical__Product ID_L53868,9.331708994673849e-07
categorical__Product ID_L50466,9.327819531346863e-07
categorical__Product ID_L52757,9.315072979308517e-07
categorical__Product ID_L50304,9.302628094443644e-07
categorical__Product ID_M22020,9.298284445690587e-07
categorical__Product ID_L48994,9.296533778272655e-07
categorical__Product ID_L54630,9.288094509347412e-07
categorical__Product ID_M23977,9.28304868762602e-07
categorical__Product ID_L50524,9.280938292507796e-07
categorical__Product ID_L48149,9.280819811865619e-07
categorical__Product ID_H35802,9.277022354474443e-07
categorical__Product ID_M21564,9.272076816200522e-07
categorical__Product ID_H39207,9.263343471611744e-07
categorical__Product ID_M15201,9.262276062174912e-07
categorical__Product ID_L48138,9.259373736139826e-07
categorical__Product ID_L57107,9.255701831987021e-07
categorical__Product ID_L48536,9.254080409869689e-07
categorical__Product ID_L56244,9.253675882704382e-07
categorical__Product ID_L57117,9.253023823786502e-07
categorical__Product ID_L48270,9.249198820490151e-07
categorical__Product ID_L48245,9.246035109089748e-07
categorical__Product ID_L54640,9.228369824000856e-07
categorical__Product ID_L51060,9.217385065791533e-07
categorical__Product ID_L48968,9.211656872985999e-07
categorical__Product ID_L53619,9.211610894792866e-07
categorical__Product ID_L55975,9.205168125694174e-07
categorical__Product ID_L50100,9.20269443003402e-07
categorical__Product ID_M21893,9.201166306556318e-07
categorical__Product ID_L55397,9.199408880395295e-07
categorical__Product ID_L55934,9.195092903427166e-07
categorical__Product ID_H35922,9.18597405813672e-07
categorical__Product ID_L55882,9.182771388567077e-07
categorical__Product ID_M22072,9.1789165794791e-07
categorical__Product ID_L47495,9.1764424648269e-07
categorical__Product ID_M22046,9.174004051128647e-07
categorical__Product ID_L52441,9.169279858745489e-07
categorical__Product ID_L48812,9.167292938294759e-07
categorical__Product ID_M23546,9.153015985854436e-07
categorical__Product ID_M16202,9.144780162704718e-07
categorical__Product ID_L48657,9.134551764995945e-07
categorical__Product ID_L54614,9.134478732807023e-07
categorical__Product ID_M16594,9.131451600163389e-07
categorical__Product ID_L52600,9.122832772283006e-07
categorical__Product ID_L55091,9.121022470729016e-07
categorical__Product ID_L52254,9.117249535204078e-07
categorical__Product ID_L50101,9.111921451806583e-07
categorical__Product ID_L50603,9.109453646973794e-07
categorical__Product ID_L47916,9.099828979735585e-07
categorical__Product ID_M20548,9.098574058255496e-07
categorical__Product ID_M20900,9.087039997346472e-07
categorical__Product ID_M24859,9.081704550156271e-07
categorical__Product ID_M21065,9.080245295131997e-07
categorical__Product ID_H39063,9.078917509959318e-07
categorical__Product ID_L53508,9.066002896068692e-07
categorical__Product ID_M17171,9.065543384833941e-07
categorical__Product ID_L49414,9.062484288785944e-07
categorical__Product ID_M23352,9.062407260289403e-07
categorical__Product ID_M16332,9.061950118044954e-07
categorical__Product ID_L56978,9.04846134481429e-07
categorical__Product ID_L54000,9.047304122224372e-07
categorical__Product ID_L53588,9.044462567201685e-07
categorical__Product ID_L48984,9.038540810113702e-07
categorical__Product ID_M21201,9.038160968951853e-07
categorical__Product ID_M15790,9.038118167099702e-07
categorical__Product ID_M16969,9.027647867327301e-07
categorical__Product ID_M16778,9.025551318830126e-07
categorical__Product ID_L48643,9.025185169144427e-07
categorical__Product ID_M15379,9.024166543465435e-07
categorical__Product ID_M24234,9.013391207340051e-07
categorical__Product ID_L50468,9.009575341191197e-07
categorical__Product ID_L56395,9.008375377896661e-07
categorical__Product ID_M22101,9.003383507014332e-07
categorical__Product ID_H38822,9.002448699512637e-07
categorical__Product ID_M18012,8.996165979780708e-07
categorical__Product ID_L52540,8.992410052030991e-07
categorical__Product ID_M23806,8.989974700784117e-07
categorical__Product ID_H38064,8.989683943215069e-07
categorical__Product ID_L49780,8.98457719782364e-07
categorical__Product ID_L48310,8.983039512079204e-07
categorical__Product ID_L56694,8.982440125251464e-07
categorical__Product ID_H39043,8.97857109245828e-07
categorical__Product ID_L47709,8.96334454558421e-07
categorical__Product ID_L47187,8.961711017261007e-07
categorical__Product ID_M20144,8.960015763025122e-07
categorical__Product ID_M21737,8.946466029657904e-07
categorical__Product ID_L48691,8.946127323981028e-07
categorical__Product ID_L55952,8.944533116724703e-07
categorical__Product ID_L53929,8.939944381203082e-07
categorical__Product ID_M23992,8.929736095278176e-07
categorical__Product ID_L56598,8.925601987416615e-07
categorical__Product ID_M23536,8.922210058062468e-07
categorical__Product ID_L56909,8.9194295518257e-07
categorical__Product ID_M15417,8.912675927482076e-07
categorical__Product ID_M21857,8.909091154031214e-07
categorical__Product ID_M22856,8.895144641187108e-07
categorical__Product ID_M16241,8.894169398475107e-07
categorical__Product ID_L55471,8.887211551645538e-07
categorical__Product ID_L47891,8.885141065015939e-07
categorical__Product ID_H39350,8.884869966694423e-07
categorical__Product ID_L54697,8.882088598380677e-07
categorical__Product ID_M24057,8.869837522645417e-07
categorical__Product ID_M16236,8.869198246829495e-07
categorical__Product ID_L49196,8.868872752865008e-07
categorical__Product ID_M20543,8.86686688701548e-07
categorical__Product ID_L50090,8.865678268296213e-07
categorical__Product ID_L54239,8.84573457014506e-07
categorical__Product ID_L49743,8.840999103593219e-07
categorical__Product ID_M21630,8.835404896791692e-07
categorical__Product ID_M21971,8.833891242555007e-07
categorical__Product ID_L54545,8.810926075929749e-07
categorical__Product ID_L54704,8.803051216495806e-07
categorical__Product ID_M21141,8.801417288427362e-07
categorical__Product ID_L49295,8.798063263146878e-07
categorical__Product ID_L53895,8.796867998385416e-07
categorical__Product ID_H37401,8.792005195524283e-07
categorical__Product ID_L56231,8.79113047340388e-07
categorical__Product ID_L48807,8.78587371534624e-07
categorical__Product ID_L55161,8.781196577336556e-07
categorical__Product ID_L47529,8.774370491430311e-07
categorical__Product ID_M21360,8.774220562355917e-07
categorical__Product ID_L47830,8.770919447281592e-07
categorical__Product ID_M20956,8.765046008418272e-07
categorical__Product ID_M23219,8.759058861215486e-07
categorical__Product ID_M22923,8.754688505428772e-07
categorical__Product ID_L47285,8.747678197985283e-07
categorical__Product ID_M16379,8.744935941772782e-07
categorical__Product ID_L50544,8.744320933661867e-07
categorical__Product ID_L55087,8.741001685530009e-07
categorical__Product ID_L53562,8.730965398412911e-07
categorical__Product ID_M16792,8.729031891425352e-07
categorical__Product ID_L55958,8.726791277330015e-07
categorical__Product ID_M21259,8.723475572931607e-07
categorical__Product ID_L55631,8.713415446681656e-07
categorical__Product ID_L53637,8.713226812968456e-07
categorical__Product ID_L47208,8.711574253492045e-07
categorical__Product ID_M23124,8.703132356232011e-07
categorical__Product ID_L51117,8.700970595757187e-07
categorical__Product ID_H32344,8.696516791145455e-07
categorical__Product ID_L52726,8.692435656787823e-07
categorical__Product ID_M18518,8.688474421587676e-07
categorical__Product ID_L56374,8.687206192353779e-07
categorical__Product ID_M20490,8.686891970275994e-07
categorical__Product ID_L52411,8.686439918369452e-07
categorical__Product ID_L47513,8.663958793596861e-07
categorical__Product ID_M16837,8.658808869625963e-07
categorical__Product ID_L52510,8.650407039775307e-07
categorical__Product ID_H36710,8.648171016614492e-07
categorical__Product ID_L48706,8.647135369485402e-07
categorical__Product ID_M24124,8.642402058061577e-07
categorical__Product ID_L54470,8.629983311219284e-07
categorical__Product ID_M16400,8.626675498664143e-07
categorical__Product ID_L49797,8.626444635766536e-07
categorical__Product ID_H36556,8.625346799043014e-07
categorical__Product ID_M23683,8.622338595216713e-07
categorical__Product ID_L54108,8.619239784937653e-07
categorical__Product ID_L53606,8.604174191868545e-07
categorical__Product ID_L56027,8.59705945906906e-07
categorical__Product ID_L54993,8.595068609001278e-07
categorical__Product ID_M21228,8.589525725422577e-07
categorical__Product ID_L54478,8.586223116288145e-07
categorical__Product ID_L50664,8.585969377880124e-07
categorical__Product ID_L47987,8.575821970308512e-07
categorical__Product ID_L55914,8.563644951112528e-07
categorical__Product ID_L50062,8.556745000415042e-07
categorical__Product ID_L47183,8.548929668192268e-07
categorical__Product ID_L48567,8.546890995881253e-07
categorical__Product ID_H39336,8.539426463946537e-07
categorical__Product ID_L47471,8.532108739208619e-07
categorical__Product ID_L52811,8.53182880145446e-07
categorical__Product ID_L56182,8.52956435467744e-07
categorical__Product ID_M24265,8.524634375196873e-07
categorical__Product ID_M15310,8.522200415504951e-07
categorical__Product ID_M21904,8.517129727902982e-07
categorical__Product ID_L55233,8.506970072931475e-07
categorical__Product ID_M23157,8.503918791867957e-07
categorical__Product ID_M21924,8.500219782943526e-07
categorical__Product ID_L48301,8.494152432275555e-07
categorical__Product ID_L52715,8.493018942971655e-07
categorical__Product ID_L49459,8.491210794166368e-07
categorical__Product ID_L54206,8.483112745192907e-07
categorical__Product ID_L54529,8.464486103976029e-07
categorical__Product ID_M21100,8.458906691977276e-07
categorical__Product ID_L49244,8.455712361909372e-07
categorical__Product ID_L56146,8.452992487650735e-07
categorical__Product ID_M24321,8.452310353028557e-07
categorical__Product ID_L55280,8.451552801600765e-07
categorical__Product ID_L48406,8.439650386457447e-07
categorical__Product ID_L49146,8.435598017511221e-07
categorical__Product ID_L55764,8.432497132082931e-07
categorical__Product ID_M21193,8.432389679809365e-07
categorical__Product ID_H39214,8.429185403511199e-07
categorical__Product ID_L50392,8.421198761084129e-07
categorical__Product ID_M14945,8.417728381003943e-07
categorical__Product ID_L55980,8.416186207976152e-07
categorical__Product ID_L50376,8.412398340986403e-07
categorical__Product ID_M21726,8.411175388638328e-07
categorical__Product ID_M17730,8.409917099962502e-07
categorical__Product ID_H37508,8.407306071498887e-07
categorical__Product ID_L53741,8.406003736878248e-07
categorical__Product ID_L55346,8.401764793346262e-07
categorical__Product ID_H36466,8.40055472781959e-07
categorical__Product ID_L49328,8.399514736521095e-07
categorical__Product ID_H36351,8.392265139534512e-07
categorical__Product ID_M23185,8.381807002314627e-07
categorical__Product ID_H36354,8.368461012002416e-07
categorical__Product ID_L53774,8.367935890167531e-07
categorical__Product ID_L49753,8.356544298416768e-07
categorical__Product ID_L57036,8.353915821728424e-07
categorical__Product ID_M15699,8.351939494309274e-07
categorical__Product ID_L49875,8.350751553620038e-07
categorical__Product ID_L49550,8.349039063738159e-07
categorical__Product ID_M23678,8.335411486053194e-07
categorical__Product ID_M16661,8.332826019962285e-07
categorical__Product ID_L55622,8.325806809284452e-07
categorical__Product ID_L55139,8.318322531154307e-07
categorical__Product ID_L48462,8.312132266648976e-07
categorical__Product ID_L50889,8.309908976657731e-07
categorical__Product ID_L49448,8.295100098329165e-07
categorical__Product ID_L50494,8.29453022027285e-07
categorical__Product ID_L54793,8.287074835066235e-07
categorical__Product ID_L52611,8.28539519185083e-07
categorical__Product ID_L52735,8.284672617931166e-07
categorical__Product ID_L55175,8.274555558112796e-07
categorical__Product ID_L55970,8.267678901373991e-07
categorical__Product ID_L55976,8.267637124654939e-07
categorical__Product ID_M15252,8.264716964194335e-07
categorical__Product ID_L56985,8.26027276538673e-07
categorical__Product ID_M24143,8.254919240925938e-07
categorical__Product ID_L52449,8.2434611154958e-07
categorical__Product ID_L48395,8.236226368219758e-07
categorical__Product ID_L53889,8.235136966618255e-07
categorical__Product ID_L56180,8.234021207823675e-07
categorical__Product ID_M17033,8.227050454562098e-07
categorical__Product ID_L54784,8.226077160394336e-07
categorical__Product ID_L48803,8.211982788757005e-07
categorical__Product ID_L56854,8.206514756490719e-07
categorical__Product ID_L53984,8.206133651569424e-07
categorical__Product ID_L55837,8.204837587427949e-07
categorical__Product ID_M17591,8.202299868905525e-07
categorical__Product ID_L56875,8.19844212310519e-07
categorical__Product ID_L47182,8.198108247752074e-07
categorical__Product ID_L48286,8.192822697520846e-07
categorical__Product ID_H35187,8.191818968354193e-07
categorical__Product ID_L52898,8.189754250906829e-07
categorical__Product ID_L47525,8.189389286862485e-07
categorical__Product ID_M22739,8.185443452520985e-07
categorical__Product ID_L49609,8.183235189058009e-07
categorical__Product ID_M16051,8.181516869950014e-07
categorical__Product ID_M23950,8.178985138841193e-07
categorical__Product ID_L56404,8.17898323052737e-07
categorical__Product ID_M18007,8.17857230710928e-07
categorical__Product ID_L49684,8.167346070864214e-07
categorical__Product ID_L56504,8.166710309046301e-07
categorical__Product ID_M15243,8.159975392331228e-07
categorical__Product ID_L49237,8.157282814728368e-07
categorical__Product ID_H35636,8.155483865391305e-07
categorical__Product ID_L56313,8.154135044895593e-07
categorical__Product ID_L54925,8.14977159316608e-07
categorical__Product ID_L53313,8.143746069217486e-07
categorical__Product ID_H39262,8.141857271388875e-07
categorical__Product ID_L55978,8.140004666004521e-07
categorical__Product ID_L50253,8.137337199632765e-07
categorical__Product ID_L54908,8.134564122008088e-07
categorical__Product ID_L50251,8.13140169580539e-07
categorical__Product ID_M20960,8.120494039281108e-07
categorical__Product ID_M22811,8.119746631611246e-07
categorical__Product ID_L48864,8.112392064838256e-07
categorical__Product ID_M22067,8.10513841237785e-07
categorical__Product ID_L48008,8.103108926829591e-07
categorical__Product ID_M16218,8.096322361210295e-07
categorical__Product ID_L48215,8.094585940163536e-07
categorical__Product ID_L50249,8.083219789630081e-07
categorical__Product ID_M17212,8.08224683988468e-07
categorical__Product ID_L49082,8.073709753058023e-07
categorical__Product ID_M24849,8.07192184922983e-07
categorical__Product ID_M23854,8.071616406880984e-07
categorical__Product ID_L52352,8.064853977865432e-07
categorical__Product ID_L49857,8.063723608324251e-07
categorical__Product ID_L54249,8.063450220418759e-07
categorical__Product ID_L56741,8.061587278617449e-07
categorical__Product ID_M22337,8.054024753056466e-07
categorical__Product ID_M20878,8.050208232643446e-07
categorical__Product ID_M22074,8.049567478852746e-07
categorical__Product ID_L47887,8.040316905234429e-07
categorical__Product ID_M24474,8.038928147581598e-07
categorical__Product ID_L56283,8.038659100208833e-07
categorical__Product ID_L48965,8.030411324092056e-07
categorical__Product ID_M23004,8.029205148220818e-07
categorical__Product ID_L56927,8.024593816754385e-07
categorical__Product ID_M24481,8.023646709008465e-07
categorical__Product ID_L52544,8.022488105946483e-07
categorical__Product ID_M23516,8.021577855909746e-07
categorical__Product ID_L52342,8.018840570846962e-07
categorical__Product ID_H38593,8.01251136428729e-07
categorical__Product ID_L49003,8.011220268606458e-07
categorical__Product ID_L49114,8.009786295132501e-07
categorical__Product ID_L55263,8.007969990500616e-07
categorical__Product ID_L47554,8.006703914994485e-07
categorical__Product ID_L48224,8.005593441303003e-07
categorical__Product ID_L53193,7.994856156014319e-07
categorical__Product ID_L56952,7.98921550235906e-07
categorical__Product ID_L48876,7.971507456379403e-07
categorical__Product ID_L53312,7.969395875188759e-07
categorical__Product ID_M22770,7.967689387241701e-07
categorical__Product ID_M24722,7.966740219915921e-07
categorical__Product ID_H38530,7.964903821732952e-07
categorical__Product ID_M23676,7.96445793646618e-07
categorical__Product ID_L47389,7.949367975138163e-07
categorical__Product ID_L56711,7.947797351713488e-07
categorical__Product ID_M15540,7.944878456578214e-07
categorical__Product ID_L54045,7.941020799237258e-07
categorical__Product ID_L50144,7.940950810456975e-07
categorical__Product ID_M15958,7.937972976100941e-07
categorical__Product ID_L56885,7.936491776731916e-07
categorical__Product ID_M24050,7.936425200810199e-07
categorical__Product ID_L48260,7.934417734545265e-07
categorical__Product ID_L55102,7.928597207690058e-07
categorical__Product ID_L49292,7.92845800892323e-07
categorical__Product ID_L49665,7.927482098057152e-07
categorical__Product ID_L50685,7.923968134738402e-07
categorical__Product ID_M16049,7.922302480820905e-07
categorical__Product ID_L54848,7.9125637730287e-07
categorical__Product ID_M22963,7.909955777515e-07
categorical__Product ID_L55656,7.908207038664106e-07
categorical__Product ID_H30639,7.901412730924081e-07
categorical__Product ID_L52751,7.895633127944455e-07
categorical__Product ID_H39412,7.894292047274771e-07
categorical__Product ID_L53835,7.891063964330593e-07
categorical__Product ID_M22472,7.889691329359899e-07
categorical__Product ID_L48618,7.888553560273557e-07
categorical__Product ID_L48206,7.883513400642485e-07
categorical__Product ID_L52427,7.876814536431981e-07
categorical__Product ID_L54663,7.874780892728994e-07
categorical__Product ID_L53466,7.866246661377174e-07
categorical__Product ID_L49598,7.864701669885075e-07
categorical__Product ID_L53709,7.861523131536886e-07
categorical__Product ID_L52591,7.851837277032027e-07
categorical__Product ID_L50550,7.850422057129855e-07
categorical__Product ID_H37206,7.846770282202156e-07
categorical__Product ID_L47492,7.838574517520067e-07
categorical__Product ID_L50377,7.837591852693608e-07
categorical__Product ID_L55858,7.82769134135199e-07
categorical__Product ID_L49021,7.82722082988937e-07
categorical__Product ID_L55860,7.811909997307588e-07
categorical__Product ID_M21165,7.805828311297522e-07
categorical__Product ID_L48656,7.797229090615678e-07
categorical__Product ID_L55356,7.794842685982908e-07
categorical__Product ID_M23821,7.786695861036112e-07
categorical__Product ID_L52330,7.784817403893372e-07
categorical__Product ID_L56455,7.783957551952713e-07
categorical__Product ID_L47999,7.776458766372924e-07
categorical__Product ID_M21626,7.775773931147472e-07
categorical__Product ID_L52981,7.767968719513029e-07
categorical__Product ID_L55226,7.765333298239541e-07
categorical__Product ID_L55426,7.764107784281772e-07
categorical__Product ID_H37926,7.748236962759533e-07
categorical__Product ID_L47497,7.742154196555671e-07
categorical__Product ID_M22606,7.74133774182311e-07
categorical__Product ID_M16199,7.725969895173133e-07
categorical__Product ID_L56827,7.723106437338794e-07
categorical__Product ID_L49475,7.722262635123469e-07
categorical__Product ID_M16515,7.715743854549401e-07
categorical__Product ID_M20807,7.712862540121847e-07
categorical__Product ID_L48566,7.702186398028448e-07
categorical__Product ID_L55674,7.69331423918666e-07
categorical__Product ID_L49713,7.689768109773343e-07
categorical__Product ID_L50342,7.687178023649931e-07
categorical__Product ID_M17343,7.686682587459e-07
categorical__Product ID_L47195,7.685751680641395e-07
categorical__Product ID_L52367,7.679805171172012e-07
categorical__Product ID_L56282,7.679458630303207e-07
categorical__Product ID_M20652,7.678924629260152e-07
categorical__Product ID_L52638,7.673499240025528e-07
categorical__Product ID_M18226,7.673064840306759e-07
categorical__Product ID_M17690,7.672854281199811e-07
categorical__Product ID_H38295,7.6641926320811e-07
categorical__Product ID_L50899,7.663123056229748e-07
categorical__Product ID_L56321,7.66129719187393e-07
categorical__Product ID_L54138,7.659333036473403e-07
categorical__Product ID_M15257,7.651182100319975e-07
categorical__Product ID_M15192,7.649082052515718e-07
categorical__Product ID_M21650,7.642768362274966e-07
categorical__Product ID_L52978,7.642680559134395e-07
categorical__Product ID_L54381,7.638172112579316e-07
categorical__Product ID_L56647,7.634802727391689e-07
categorical__Product ID_M22839,7.630934105387251e-07
categorical__Product ID_L54700,7.623453997476134e-07
categorical__Product ID_L56544,7.622108463674687e-07
categorical__Product ID_L55092,7.61531244211903e-07
categorical__Product ID_M16712,7.612408622874545e-07
categorical__Product ID_L56653,7.607893758379814e-07
categorical__Product ID_L53923,7.60271968616961e-07
categorical__Product ID_L49900,7.602346560121696e-07
categorical__Product ID_L49246,7.596840985164496e-07
categorical__Product ID_M24800,7.588965796357092e-07
categorical__Product ID_M21816,7.577326690255733e-07
categorical__Product ID_L47445,7.574391950875255e-07
categorical__Product ID_L54777,7.569424661278496e-07
categorical__Product ID_L55891,7.567189593503538e-07
categorical__Product ID_L56764,7.565750920532504e-07
categorical__Product ID_L54833,7.565698197234664e-07
categorical__Product ID_L47874,7.565173343443119e-07
categorical__Product ID_L56041,7.563408349923102e-07
categorical__Product ID_M17047,7.560163549055466e-07
categorical__Product ID_L56407,7.559598951007345e-07
categorical__Product ID_L55469,7.558439547106793e-07
categorical__Product ID_L53361,7.549919107327668e-07
categorical__Product ID_M17170,7.540120563692399e-07
categorical__Product ID_M15167,7.524313230082231e-07
categorical__Product ID_L48334,7.519752175470522e-07
categorical__Product ID_L54950,7.519463696816185e-07
categorical__Product ID_H36243,7.517021790291621e-07
categorical__Product ID_L55524,7.516557661862907e-07
categorical__Product ID_H31956,7.514633964955705e-07
categorical__Product ID_L55633,7.514221366303235e-07
categorical__Product ID_M23088,7.503667263557065e-07
categorical__Product ID_L47835,7.491625305414147e-07
categorical__Product ID_H29951,7.479280284144548e-07
categorical__Product ID_L47964,7.473369773777173e-07
categorical__Product ID_L52360,7.472300195780104e-07
categorical__Product ID_M21464,7.471281507319714e-07
categorical__Product ID_M17756,7.470744154369682e-07
categorical__Product ID_H38486,7.469610265981519e-07
categorical__Product ID_M22229,7.455924417897443e-07
categorical__Product ID_L55348,7.453790535468175e-07
categorical__Product ID_L55794,7.448752958790433e-07
categorical__Product ID_L48221,7.447885939693379e-07
categorical__Product ID_L52624,7.445740707912367e-07
categorical__Product ID_L52840,7.430316273100454e-07
categorical__Product ID_L55927,7.420437980422947e-07
categorical__Product ID_L56876,7.417813404806208e-07
categorical__Product ID_L48637,7.402747275657466e-07
categorical__Product ID_H39136,7.397803376110836e-07
categorical__Product ID_L57172,7.396182654212544e-07
categorical__Product ID_L52523,7.37050853379385e-07
categorical__Product ID_L56776,7.367856810960893e-07
categorical__Product ID_M23356,7.365695191990611e-07
categorical__Product ID_L54333,7.362901189870051e-07
categorical__Product ID_L56740,7.358105618944741e-07
categorical__Product ID_H37706,7.355461331843638e-07
categorical__Product ID_L48797,7.355275990017033e-07
categorical__Product ID_M24250,7.355067360599184e-07
categorical__Product ID_L48467,7.349114483016894e-07
categorical__Product ID_M21756,7.343266404518965e-07
categorical__Product ID_M15226,7.335896323156681e-07
categorical__Product ID_L49108,7.332534599682927e-07
categorical__Product ID_L48370,7.327904687891253e-07
categorical__Product ID_L54666,7.319334746768997e-07
categorical__Product ID_L53142,7.31779949226436e-07
categorical__Product ID_L55747,7.315054607743558e-07
categorical__Product ID_L47242,7.308866873294922e-07
categorical__Product ID_M24219,7.306943789863315e-07
categorical__Product ID_L49856,7.306376323456786e-07
categorical__Product ID_L47430,7.303625895852231e-07
categorical__Product ID_M17499,7.301358637443473e-07
categorical__Product ID_L48714,7.298672905887445e-07
categorical__Product ID_L56047,7.290244471386075e-07
categorical__Product ID_L54348,7.286519115420324e-07
categorical__Product ID_L53074,7.284741148736455e-07
categorical__Product ID_L56059,7.277343739259454e-07
categorical__Product ID_M16472,7.272865563762057e-07
categorical__Product ID_M21858,7.270643935415796e-07
categorical__Product ID_L47432,7.264927491219112e-07
categorical__Product ID_M20934,7.259628339295781e-07
categorical__Product ID_M17105,7.251844981835466e-07
categorical__Product ID_L49185,7.234301388651557e-07
categorical__Product ID_L55382,7.231892236146452e-07
categorical__Product ID_L52268,7.230832138709932e-07
categorical__Product ID_L56974,7.229619562708049e-07
categorical__Product ID_L55164,7.228658965922837e-07
categorical__Product ID_L54586,7.228199880817504e-07
categorical__Product ID_M20775,7.220628216977642e-07
categorical__Product ID_L53862,7.218531627862879e-07
categorical__Product ID_L48359,7.217636207083432e-07
categorical__Product ID_L54755,7.213792476852309e-07
categorical__Product ID_M15230,7.208218059049507e-07
categorical__Product ID_M16626,7.205697759805354e-07
categorical__Product ID_M21493,7.202380743115703e-07
categorical__Product ID_L49612,7.190733148020069e-07
categorical__Product ID_M20797,7.18740387876239e-07
categorical__Product ID_L55009,7.184142346680364e-07
categorical__Product ID_H36736,7.178803300889564e-07
categorical__Product ID_L56216,7.176842751251459e-07
categorical__Product ID_L55357,7.168563950550637e-07
categorical__Product ID_M23887,7.164561523078404e-07
categorical__Product ID_L56948,7.162310872116969e-07
categorical__Product ID_M23864,7.153032258255272e-07
categorical__Product ID_M22597,7.152125044398085e-07
categorical__Product ID_L54362,7.147998649990736e-07
categorical__Product ID_M18066,7.147595470556282e-07
categorical__Product ID_L47713,7.141207031916193e-07
categorical__Product ID_H35379,7.133650321367187e-07
categorical__Product ID_L56819,7.12692815976045e-07
categorical__Product ID_L56884,7.125663717086283e-07
categorical__Product ID_M16685,7.115485559303705e-07
categorical__Product ID_L55678,7.109202541914604e-07
categorical__Product ID_M21997,7.108457809561785e-07
categorical__Product ID_L55238,7.107757180607369e-07
categorical__Product ID_M24261,7.106542366280256e-07
categorical__Product ID_M16790,7.105443515646342e-07
categorical__Product ID_L49469,7.101056847285924e-07
categorical__Product ID_H37133,7.100130647427589e-07
categorical__Product ID_M15212,7.099165473295631e-07
categorical__Product ID_L53244,7.098282669179711e-07
categorical__Product ID_L47205,7.098251862591028e-07
categorical__Product ID_M16895,7.096427690723028e-07
categorical__Product ID_L47806,7.092900974403282e-07
categorical__Product ID_L48578,7.087787071443942e-07
categorical__Product ID_L50256,7.08546918835245e-07
categorical__Product ID_L56286,7.081109363020749e-07
categorical__Product ID_L47660,7.079613326015467e-07
categorical__Product ID_L55278,7.07658602172728e-07
categorical__Product ID_L49545,7.070499476269497e-07
categorical__Product ID_M21521,7.070149865938597e-07
categorical__Product ID_M15570,7.06669384875733e-07
categorical__Product ID_L50355,7.059630586275317e-07
categorical__Product ID_M17696,7.057460227381879e-07
categorical__Product ID_L55993,7.052936399621991e-07
categorical__Product ID_L55853,7.049176167134729e-07
categorical__Product ID_L57022,7.045639708382688e-07
categorical__Product ID_M17778,7.035761295668673e-07
categorical__Product ID_L52939,7.035553954010068e-07
categorical__Product ID_L48673,7.01721325704262e-07
categorical__Product ID_L47701,7.013701870082736e-07
categorical__Product ID_H35633,7.009074573260782e-07
categorical__Product ID_L52404,7.002284689158127e-07
categorical__Product ID_L56796,6.996410131360616e-07
categorical__Product ID_L50345,6.992732303261183e-07
categorical__Product ID_L56266,6.990487128651616e-07
categorical__Product ID_L56410,6.987488249070675e-07
categorical__Product ID_H32368,6.976626914703679e-07
categorical__Product ID_M23560,6.974960913119277e-07
categorical__Product ID_M21049,6.973365578873162e-07
categorical__Product ID_L53869,6.965239143662367e-07
categorical__Product ID_L54954,6.960908373485695e-07
categorical__Product ID_L49596,6.957712614312367e-07
categorical__Product ID_L55814,6.951997669210698e-07
categorical__Product ID_L56357,6.951091593799678e-07
categorical__Product ID_L47878,6.948488290428568e-07
categorical__Product ID_L54222,6.947221457377243e-07
categorical__Product ID_L55266,6.946705004499123e-07
categorical__Product ID_L54618,6.945530502562108e-07
categorical__Product ID_M16729,6.939085138370969e-07
categorical__Product ID_M22876,6.932378854456645e-07
categorical__Product ID_L54957,6.930232935350926e-07
categorical__Product ID_M19858,6.929847544966786e-07
categorical__Product ID_H32045,6.928587812301098e-07
categorical__Product ID_H29978,6.924853402692252e-07
categorical__Product ID_M18080,6.92233487196707e-07
categorical__Product ID_L52696,6.919637379927435e-07
categorical__Product ID_M17667,6.912075049803473e-07
categorical__Product ID_L53898,6.911334624904693e-07
categorical__Product ID_M23886,6.902662343719383e-07
categorical__Product ID_L51125,6.901305480985039e-07
categorical__Product ID_L55679,6.899135475452748e-07
categorical__Product ID_M16245,6.898729106162851e-07
categorical__Product ID_M17259,6.898363157737337e-07
categorical__Product ID_H38145,6.896855478263953e-07
categorical__Product ID_L54819,6.885523394163936e-07
categorical__Product ID_M17371,6.879436543995274e-07
categorical__Product ID_M19978,6.878348456832178e-07
categorical__Product ID_L54634,6.876978194018984e-07
categorical__Product ID_L49758,6.875257596977113e-07
categorical__Product ID_L47437,6.865273081176357e-07
categorical__Product ID_L54977,6.861610456878168e-07
categorical__Product ID_M23767,6.859425124308882e-07
categorical__Product ID_L54162,6.84625804596431e-07
categorical__Product ID_L56692,6.845565568897293e-07
categorical__Product ID_M20735,6.844503711814681e-07
categorical__Product ID_L50291,6.843087293558471e-07
categorical__Product ID_M21883,6.841660411219325e-07
categorical__Product ID_M23407,6.836397162067056e-07
categorical__Product ID_L47279,6.832358778495175e-07
categorical__Product ID_L48786,6.831609435021728e-07
categorical__Product ID_M24788,6.831318258381092e-07
categorical__Product ID_L56186,6.830428381986617e-07
categorical__Product ID_M21994,6.825952713561739e-07
categorical__Product ID_L55416,6.825588621692297e-07
categorical__Product ID_M16370,6.824635778479871e-07
categorical__Product ID_L49642,6.817948811223679e-07
categorical__Product ID_M24122,6.809042975118643e-07
categorical__Product ID_M21172,6.80141936408408e-07
categorical__Product ID_M20772,6.79869599019641e-07
categorical__Product ID_L55055,6.79733124246249e-07
categorical__Product ID_M16346,6.789353315269244e-07
categorical__Product ID_L54238,6.783542194287994e-07
categorical__Product ID_M24547,6.779594744417269e-07
categorical__Product ID_L56229,6.779120915810537e-07
categorical__Product ID_L50311,6.777101742710915e-07
categorical__Product ID_L48799,6.77526139853911e-07
categorical__Product ID_L56033,6.768779667146129e-07
categorical__Product ID_M24711,6.756715561734949e-07
categorical__Product ID_H36468,6.753356532304529e-07
categorical__Product ID_L47778,6.751590863079024e-07
categorical__Product ID_L47694,6.747815705260316e-07
categorical__Product ID_L55583,6.741709795316978e-07
categorical__Product ID_L56507,6.7377310923625e-07
categorical__Product ID_L47289,6.734232054696969e-07
categorical__Product ID_M16036,6.732496145451574e-07
categorical__Product ID_L57137,6.729086515357677e-07
categorical__Product ID_M16127,6.722769764496152e-07
categorical__Product ID_L53731,6.722553229507442e-07
categorical__Product ID_H32073,6.712974311376019e-07
categorical__Product ID_M16463,6.709220426058173e-07
categorical__Product ID_M20989,6.708658869948041e-07
categorical__Product ID_M22228,6.703120867507104e-07
categorical__Product ID_L54079,6.701471744911567e-07
categorical__Product ID_M16307,6.70091429827958e-07
categorical__Product ID_L48650,6.697181402916614e-07
categorical__Product ID_L47421,6.690633929893759e-07
categorical__Product ID_L56161,6.686113703263885e-07
categorical__Product ID_L47575,6.683643216619635e-07
categorical__Product ID_L48917,6.681310231173174e-07
categorical__Product ID_M18151,6.681213994993424e-07
categorical__Product ID_M23798,6.664369080181806e-07
categorical__Product ID_M18239,6.662132299794403e-07
categorical__Product ID_L47955,6.660784383661143e-07
categorical__Product ID_M24511,6.659990887087791e-07
categorical__Product ID_L52681,6.654978589138068e-07
categorical__Product ID_H37463,6.653749064102981e-07
categorical__Product ID_L47517,6.650264442463752e-07
categorical__Product ID_L47893,6.647413692193706e-07
categorical__Product ID_L49478,6.645199957699149e-07
categorical__Product ID_H29716,6.644039904437303e-07
categorical__Product ID_L53128,6.63955518172271e-07
categorical__Product ID_L54358,6.637372522464267e-07
categorical__Product ID_L56403,6.637332279521795e-07
categorical__Product ID_M16227,6.636728967138578e-07
categorical__Product ID_L54501,6.636243575675425e-07
categorical__Product ID_M19169,6.632468811159608e-07
categorical__Product ID_M20931,6.6308161179726e-07
categorical__Product ID_M21003,6.629255459414331e-07
categorical__Product ID_M16589,6.627283092706495e-07
categorical__Product ID_L56642,6.626598748808085e-07
categorical__Product ID_L49795,6.606681665234881e-07
categorical__Product ID_L49543,6.597160902994214e-07
categorical__Product ID_L52278,6.594388735004135e-07
categorical__Product ID_H36439,6.59165839440547e-07
categorical__Product ID_L54541,6.580734886526917e-07
categorical__Product ID_L54774,6.577665400636631e-07
categorical__Product ID_L49976,6.569213568950708e-07
categorical__Product ID_L49089,6.566215286764304e-07
categorical__Product ID_L48906,6.564120970671187e-07
categorical__Product ID_L53102,6.553054093589174e-07
categorical__Product ID_L54973,6.551102170768498e-07
categorical__Product ID_L56139,6.538446544260374e-07
categorical__Product ID_L50825,6.536843832034179e-07
categorical__Product ID_H35973,6.531598528156314e-07
categorical__Product ID_H37882,6.531327464529987e-07
categorical__Product ID_L54888,6.530398112141432e-07
categorical__Product ID_L57048,6.528498630697125e-07
categorical__Product ID_L55936,6.522088015699557e-07
categorical__Product ID_L56112,6.51311212338286e-07
categorical__Product ID_L56525,6.512119167186231e-07
categorical__Product ID_L49827,6.511874839061119e-07
categorical__Product ID_L48574,6.509267220842043e-07
categorical__Product ID_M24162,6.509124475115782e-07
categorical__Product ID_L55636,6.508535144708729e-07
categorical__Product ID_L52390,6.506080182008728e-07
categorical__Product ID_L55404,6.497750486101579e-07
categorical__Product ID_L49454,6.491166647281294e-07
categorical__Product ID_L47203,6.485615621786094e-07
categorical__Product ID_M16851,6.481483819704588e-07
categorical__Product ID_H38884,6.472107549739867e-07
categorical__Product ID_L52799,6.45758848939939e-07
categorical__Product ID_M22219,6.45531079687752e-07
categorical__Product ID_L53557,6.448478799378169e-07
categorical__Product ID_M16302,6.44274265831677e-07
categorical__Product ID_M23394,6.43548194778426e-07
categorical__Product ID_M16761,6.432900711532717e-07
categorical__Product ID_M15140,6.430238283554641e-07
categorical__Product ID_L53061,6.427791553697185e-07
categorical__Product ID_L56319,6.427022326193796e-07
categorical__Product ID_L50558,6.423192273455585e-07
categorical__Product ID_M24786,6.421254758297162e-07
categorical__Product ID_L53016,6.420729512011128e-07
categorical__Product ID_M17640,6.418333262553166e-07
categorical__Product ID_L53580,6.416257063541694e-07
categorical__Product ID_L47668,6.412122809698767e-07
categorical__Product ID_L56984,6.409472213076663e-07
categorical__Product ID_H32791,6.408379376067577e-07
categorical__Product ID_M21983,6.406084482344373e-07
categorical__Product ID_L48144,6.403625975492457e-07
categorical__Product ID_M23042,6.40320515178243e-07
categorical__Product ID_M24305,6.397198479923133e-07
categorical__Product ID_L54551,6.39715023696757e-07
categorical__Product ID_L53952,6.396001138012807e-07
categorical__Product ID_L53900,6.390265420101953e-07
categorical__Product ID_L55223,6.384910979616019e-07
categorical__Product ID_L53978,6.382855771995645e-07
categorical__Product ID_M21352,6.380937263975632e-07
categorical__Product ID_L47386,6.378925803329979e-07
categorical__Product ID_M21383,6.377553595581202e-07
categorical__Product ID_L49365,6.373127367361477e-07
categorical__Product ID_L49629,6.364372477296957e-07
categorical__Product ID_M23988,6.360367933076573e-07
categorical__Product ID_L53066,6.353728666505682e-07
categorical__Product ID_H37244,6.351941068801549e-07
categorical__Product ID_H31622,6.340766815853402e-07
categorical__Product ID_M22410,6.338834718432316e-07
categorical__Product ID_H37573,6.332495073480396e-07
categorical__Product ID_L54337,6.332341595289475e-07
categorical__Product ID_L47371,6.330147510531009e-07
categorical__Product ID_L53818,6.327361619325044e-07
categorical__Product ID_L47991,6.325695363001649e-07
categorical__Product ID_M17947,6.323813221632219e-07
categorical__Product ID_H37815,6.321023482718549e-07
categorical__Product ID_M24139,6.294951374192412e-07
categorical__Product ID_L54309,6.294714476913534e-07
categorical__Product ID_L48228,6.291520857814637e-07
categorical__Product ID_L54332,6.287773849945598e-07
categorical__Product ID_L54728,6.285334880776992e-07
categorical__Product ID_M20968,6.279205224671071e-07
categorical__Product ID_M23101,6.275511883409386e-07
categorical__Product ID_L50809,6.268092472367867e-07
categorical__Product ID_L52717,6.263072870389747e-07
categorical__Product ID_L49782,6.258110124865898e-07
categorical__Product ID_L49166,6.25723548229213e-07
categorical__Product ID_L48693,6.256302910088229e-07
categorical__Product ID_L56032,6.254969171918774e-07
categorical__Product ID_L50595,6.254298496772909e-07
categorical__Product ID_L50257,6.254225412406362e-07
categorical__Product ID_L54482,6.23614379908959e-07
categorical__Product ID_L49518,6.23081124187774e-07
categorical__Product ID_L47527,6.229502840404466e-07
categorical__Product ID_L48315,6.228078008162203e-07
categorical__Product ID_L56267,6.226500069571774e-07
categorical__Product ID_M16035,6.22490758297678e-07
categorical__Product ID_M20974,6.213431357958219e-07
categorical__Product ID_L54619,6.20873195574199e-07
categorical__Product ID_L56695,6.204323145980046e-07
categorical__Product ID_L55149,6.201375640882e-07
categorical__Product ID_H39290,6.201337534727882e-07
categorical__Product ID_L53834,6.196604087510706e-07
categorical__Product ID_M15287,6.195962902077274e-07
categorical__Product ID_L56553,6.192027888123744e-07
categorical__Product ID_H36881,6.186416473730123e-07
categorical__Product ID_L50877,6.184881100901611e-07
categorical__Product ID_L49537,6.181121411287565e-07
categorical__Product ID_L56372,6.177103668355019e-07
categorical__Product ID_L52417,6.173981852601319e-07
categorical__Product ID_L55296,6.170064340899228e-07
categorical__Product ID_L49247,6.167199404163984e-07
categorical__Product ID_H31594,6.162929454024748e-07
categorical__Product ID_L55344,6.159857905043041e-07
categorical__Product ID_L56703,6.15818663221701e-07
categorical__Product ID_L54073,6.152037647620887e-07
categorical__Product ID_M15079,6.14524450613106e-07
categorical__Product ID_M21085,6.134592572069398e-07
categorical__Product ID_L47263,6.133436537749843e-07
categorical__Product ID_L49631,6.130381326754713e-07
categorical__Product ID_H31434,6.129096781208245e-07
categorical__Product ID_L54815,6.128479464308685e-07
categorical__Product ID_L54826,6.126312038001831e-07
categorical__Product ID_M17890,6.125925608542588e-07
categorical__Product ID_L56908,6.125789417525364e-07
categorical__Product ID_M15136,6.125120487362962e-07
categorical__Product ID_L55912,6.123065051537148e-07
categorical__Product ID_L47629,6.121188595390411e-07
categorical__Product ID_L48364,6.117909683908204e-07
categorical__Product ID_L53525,6.111895034812549e-07
categorical__Product ID_L54988,6.104058241568632e-07
categorical__Product ID_M24071,6.100602901810596e-07
categorical__Product ID_L48846,6.095879133967217e-07
categorical__Product ID_M17346,6.09357702087382e-07
categorical__Product ID_M21597,6.092837861932207e-07
categorical__Product ID_M21118,6.080647594183201e-07
categorical__Product ID_M23665,6.075849868356046e-07
categorical__Product ID_M16655,6.075631601617678e-07
categorical__Product ID_M24293,6.075593743357339e-07
categorical__Product ID_L55659,6.072436941807296e-07
categorical__Product ID_L56258,6.06761943226942e-07
categorical__Product ID_L56064,6.065816329403654e-07
categorical__Product ID_M16560,6.064245954468948e-07
categorical__Product ID_L48970,6.050579351738342e-07
categorical__Product ID_L48827,6.047116161825567e-07
categorical__Product ID_L50250,6.046779961496577e-07
categorical__Product ID_L54052,6.041828022558542e-07
categorical__Product ID_L55398,6.037438920880644e-07
categorical__Product ID_M16078,6.031618306746168e-07
categorical__Product ID_L54115,6.029908544976985e-07
categorical__Product ID_H30090,6.028646569054951e-07
categorical__Product ID_L53199,6.017844763979618e-07
categorical__Product ID_L49286,6.014828178500533e-07
categorical__Product ID_L54447,6.008435535778689e-07
categorical__Product ID_H37587,6.005346714899179e-07
categorical__Product ID_L49153,6.000147563359557e-07
categorical__Product ID_M23432,5.999214719287552e-07
categorical__Product ID_M22008,5.996725066517784e-07
categorical__Product ID_M16474,5.995238331517751e-07
categorical__Product ID_L50009,5.993981372977122e-07
categorical__Product ID_L47576,5.987512734123667e-07
categorical__Product ID_L56212,5.981767341527228e-07
categorical__Product ID_L54594,5.98068334926915e-07
categorical__Product ID_M20733,5.977034368058878e-07
categorical__Product ID_M23667,5.976395502178609e-07
categorical__Product ID_L49240,5.973087726766525e-07
categorical__Product ID_L53843,5.967954032939882e-07
categorical__Product ID_L55630,5.964533211645717e-07
categorical__Product ID_M20755,5.964294430552409e-07
categorical__Product ID_M23967,5.958542078795337e-07
categorical__Product ID_L54625,5.957040123232816e-07
categorical__Product ID_L56589,5.948666500602046e-07
categorical__Product ID_L56558,5.946746723142383e-07
categorical__Product ID_L55395,5.937014154516784e-07
categorical__Product ID_L48800,5.935603520949761e-07
categorical__Product ID_L56975,5.933653011757995e-07
categorical__Product ID_L48886,5.93300620900392e-07
categorical__Product ID_L54131,5.932347708409624e-07
categorical__Product ID_M24585,5.929218043504134e-07
categorical__Product ID_L52982,5.92536696119057e-07
categorical__Product ID_M16375,5.920660097125009e-07
categorical__Product ID_M16747,5.912118035552197e-07
categorical__Product ID_H36188,5.909186806027619e-07
categorical__Product ID_L53554,5.905738467994383e-07
categorical__Product ID_M24756,5.902462470053018e-07
categorical__Product ID_L54800,5.900717774369417e-07
categorical__Product ID_L48997,5.894436240240134e-07
categorical__Product ID_L53732,5.892312925858529e-07
categorical__Product ID_M15169,5.891397978498774e-07
categorical__Product ID_L54419,5.886574899258791e-07
categorical__Product ID_L56962,5.882860836479718e-07
categorical__Product ID_L49800,5.868330160603596e-07
categorical__Product ID_M21262,5.857304186162636e-07
categorical__Product ID_L48118,5.844436404131925e-07
categorical__Product ID_M18367,5.842227861854848e-07
categorical__Product ID_M20665,5.841382349727203e-07
categorical__Product ID_M24657,5.835835557608601e-07
categorical__Product ID_M16716,5.833170137691456e-07
categorical__Product ID_L47610,5.827058063784657e-07
categorical__Product ID_L49042,5.825374815198066e-07
categorical__Product ID_M17749,5.816317839146124e-07
categorical__Product ID_L55730,5.815267263868939e-07
categorical__Product ID_L56209,5.810664511020579e-07
categorical__Product ID_L54053,5.800452798265684e-07
categorical__Product ID_M21766,5.799975888690512e-07
categorical__Product ID_M24566,5.795621991942874e-07
categorical__Product ID_L56242,5.793979290949648e-07
categorical__Product ID_M21765,5.791845974654351e-07
categorical__Product ID_H38797,5.79030700751371e-07
categorical__Product ID_L57128,5.788668769731555e-07
categorical__Product ID_L56140,5.781484813553228e-07
categorical__Product ID_L48823,5.781311157425563e-07
categorical__Product ID_L56535,5.776225132824457e-07
categorical__Product ID_L49703,5.772413806859808e-07
categorical__Product ID_L47628,5.759631377899549e-07
categorical__Product ID_M22921,5.756898786875321e-07
categorical__Product ID_M17789,5.756573861021281e-07
categorical__Product ID_L54380,5.753205818579103e-07
categorical__Product ID_H37891,5.751926317317567e-07
categorical__Product ID_L48836,5.74810290552099e-07
categorical__Product ID_M20829,5.747393884528522e-07
categorical__Product ID_L56464,5.744412137511162e-07
categorical__Product ID_M15988,5.743060558267632e-07
categorical__Product ID_L56043,5.739862401174267e-07
categorical__Product ID_M15999,5.73890751092351e-07
categorical__Product ID_L54571,5.73783172770401e-07
categorical__Product ID_L48141,5.727892750274403e-07
categorical__Product ID_M23080,5.726174585457283e-07
categorical__Product ID_M22401,5.719598243038733e-07
categorical__Product ID_M17952,5.711564175733144e-07
categorical__Product ID_L55725,5.709831447111755e-07
categorical__Product ID_L48202,5.706358754901718e-07
categorical__Product ID_L56860,5.705280727656625e-07
categorical__Product ID_L56583,5.704571179719218e-07
categorical__Product ID_M14995,5.697410444652161e-07
categorical__Product ID_L55797,5.697284582974014e-07
categorical__Product ID_L50017,5.696885229761824e-07
categorical__Product ID_M24381,5.692551149998706e-07
categorical__Product ID_M16639,5.686299765466781e-07
categorical__Product ID_L48545,5.683823294211631e-07
categorical__Product ID_L56873,5.680961142538107e-07
categorical__Product ID_L55004,5.673783216679723e-07
categorical__Product ID_L53132,5.672107217213625e-07
categorical__Product ID_L50089,5.665960445214502e-07
categorical__Product ID_L49407,5.660101233579981e-07
categorical__Product ID_L47356,5.655291547026203e-07
categorical__Product ID_L57118,5.653636419273655e-07
categorical__Product ID_M20901,5.652702711389333e-07
categorical__Product ID_H32055,5.649057664657769e-07
categorical__Product ID_L49354,5.646037199026748e-07
categorical__Product ID_L54272,5.641122872854874e-07
categorical__Product ID_L55900,5.638295006281269e-07
categorical__Product ID_L49571,5.635933155788747e-07
categorical__Product ID_H38865,5.635846804616294e-07
categorical__Product ID_M21226,5.635581637884761e-07
categorical__Product ID_M17275,5.633955721461601e-07
categorical__Product ID_M15467,5.630893869828015e-07
categorical__Product ID_L56616,5.628044895033877e-07
categorical__Product ID_L48569,5.624443481588987e-07
categorical__Product ID_M20910,5.61592104000837e-07
categorical__Product ID_H32392,5.611363208664542e-07
categorical__Product ID_L47217,5.607979523009419e-07
categorical__Product ID_M22663,5.6074799613249e-07
categorical__Product ID_L49890,5.604312138529254e-07
categorical__Product ID_L55414,5.592659068259838e-07
categorical__Product ID_M17816,5.587743916764565e-07
categorical__Product ID_L54998,5.58690425073118e-07
categorical__Product ID_M23759,5.584182619576613e-07
categorical__Product ID_M23254,5.579821130233149e-07
categorical__Product ID_M17862,5.575603668283089e-07
categorical__Product ID_L49409,5.571953736449264e-07
categorical__Product ID_H37469,5.55922830896432e-07
categorical__Product ID_L53213,5.547958675111703e-07
categorical__Product ID_L53499,5.547542902007935e-07
categorical__Product ID_M16863,5.547133541556941e-07
categorical__Product ID_L49071,5.541254028056766e-07
categorical__Product ID_L49809,5.539057616627224e-07
categorical__Product ID_L54133,5.530395458426987e-07
categorical__Product ID_L56451,5.528864730746537e-07
categorical__Product ID_L49776,5.528734649123665e-07
categorical__Product ID_H30569,5.528146023644015e-07
categorical__Product ID_L55151,5.526797099797814e-07
categorical__Product ID_M23948,5.520350101082297e-07
categorical__Product ID_M21223,5.517859263204735e-07
categorical__Product ID_M16377,5.513534152052845e-07
categorical__Product ID_L47297,5.50794018170086e-07
categorical__Product ID_M23128,5.507218401868709e-07
categorical__Product ID_M18281,5.482092322478063e-07
categorical__Product ID_H32537,5.464554060162369e-07
categorical__Product ID_L55757,5.461955404184341e-07
categorical__Product ID_L55718,5.457061691320418e-07
categorical__Product ID_M22783,5.452157498527257e-07
categorical__Product ID_L54889,5.449199307250768e-07
categorical__Product ID_L50309,5.446720319556952e-07
categorical__Product ID_M24088,5.446437760958914e-07
categorical__Product ID_M15932,5.435645072657198e-07
categorical__Product ID_M22801,5.43250391305146e-07
categorical__Product ID_L50382,5.42920624584007e-07
categorical__Product ID_L50224,5.42817190359451e-07
categorical__Product ID_H39258,5.426461336083047e-07
categorical__Product ID_L55305,5.420194592349845e-07
categorical__Product ID_H31890,5.414601163954588e-07
categorical__Product ID_L56489,5.414433317104778e-07
categorical__Product ID_M24748,5.408401096972725e-07
categorical__Product ID_L57001,5.403387221873624e-07
categorical__Product ID_L55327,5.401151240810875e-07
categorical__Product ID_M23773,5.396915510601829e-07
categorical__Product ID_M16116,5.396880944144557e-07
categorical__Product ID_L56376,5.392979310242015e-07
categorical__Product ID_M21559,5.375165912556303e-07
categorical__Product ID_L56158,5.37479185967934e-07
categorical__Product ID_L48790,5.363624936707159e-07
categorical__Product ID_M17473,5.348606711789124e-07
categorical__Product ID_M22357,5.33787583934834e-07
categorical__Product ID_M24600,5.335429860507362e-07
categorical__Product ID_L54795,5.332260458477502e-07
categorical__Product ID_L49324,5.312313754131693e-07
categorical__Product ID_L54757,5.310141843003715e-07
categorical__Product ID_M19972,5.309085620321806e-07
categorical__Product ID_L49155,5.30732884298918e-07
categorical__Product ID_L56540,5.306958945514013e-07
categorical__Product ID_L47656,5.302649643751825e-07
categorical__Product ID_M22862,5.290791166696952e-07
categorical__Product ID_L47658,5.287965387004797e-07
categorical__Product ID_L55174,5.287757978024127e-07
categorical__Product ID_L48892,5.284894565735091e-07
categorical__Product ID_M16471,5.278612013413227e-07
categorical__Product ID_L49814,5.278089061646346e-07
categorical__Product ID_L56615,5.273879938188347e-07
categorical__Product ID_L50640,5.271660413517214e-07
categorical__Product ID_M22956,5.2709139756752e-07
categorical__Product ID_H39274,5.26304386749311e-07
categorical__Product ID_L47449,5.261297110624613e-07
categorical__Product ID_L56787,5.26050951632089e-07
categorical__Product ID_L54694,5.257622705352827e-07
categorical__Product ID_L56383,5.25236071797528e-07
categorical__Product ID_L49319,5.24744467599823e-07
categorical__Product ID_L49876,5.244827582641722e-07
categorical__Product ID_L47435,5.241212577132895e-07
categorical__Product ID_M15206,5.23122684122169e-07
categorical__Product ID_M21161,5.222813109596325e-07
categorical__Product ID_H32482,5.221092908736021e-07
categorical__Product ID_M21562,5.215897804833314e-07
categorical__Product ID_M24058,5.210111202621435e-07
categorical__Product ID_L49066,5.208611598830225e-07
categorical__Product ID_L53039,5.207421739701603e-07
categorical__Product ID_L52955,5.206514457313335e-07
categorical__Product ID_L47691,5.203985416600017e-07
categorical__Product ID_M23912,5.202242960042852e-07
categorical__Product ID_M23335,5.198415076968536e-07
categorical__Product ID_L47624,5.197850192779482e-07
categorical__Product ID_L47464,5.197592251549874e-07
categorical__Product ID_L49437,5.183491729093544e-07
categorical__Product ID_L52867,5.178041896509408e-07
categorical__Product ID_L49165,5.177744188664777e-07
categorical__Product ID_L54116,5.17679577930371e-07
categorical__Product ID_M16405,5.174188244830253e-07
categorical__Product ID_M17818,5.173850065859371e-07
categorical__Product ID_L49700,5.173708556005041e-07
categorical__Product ID_M18147,5.172606823288257e-07
categorical__Product ID_M15653,5.171543013989827e-07
categorical__Product ID_L52856,5.167571595775875e-07
categorical__Product ID_L48987,5.161089782959878e-07
categorical__Product ID_H35513,5.159802765118114e-07
categorical__Product ID_M24174,5.159283838481546e-07
categorical__Product ID_L49866,5.144391198365812e-07
categorical__Product ID_L48485,5.143450505087604e-07
categorical__Product ID_M16627,5.143034750837296e-07
categorical__Product ID_L48197,5.141548313747156e-07
categorical__Product ID_M24541,5.140639959304256e-07
categorical__Product ID_M16843,5.140300451864234e-07
categorical__Product ID_L56658,5.129167605394873e-07
categorical__Product ID_L48887,5.128714779950044e-07
categorical__Product ID_L56562,5.126832197215548e-07
categorical__Product ID_L50296,5.121036816966726e-07
categorical__Product ID_L54413,5.120381546239987e-07
categorical__Product ID_M23737,5.118842368587509e-07
categorical__Product ID_L53730,5.116405485702434e-07
categorical__Product ID_L50406,5.113827580228177e-07
categorical__Product ID_L47872,5.112113516608726e-07
categorical__Product ID_L55431,5.104530739865855e-07
categorical__Product ID_L52687,5.104494961242902e-07
categorical__Product ID_L47273,5.104479272405824e-07
categorical__Product ID_L48781,5.099147911675037e-07
categorical__Product ID_L49978,5.098505992251863e-07
categorical__Product ID_M17283,5.094475147457831e-07
categorical__Product ID_M22076,5.091098875034847e-07
categorical__Product ID_L56016,5.084353253862754e-07
categorical__Product ID_H38338,5.078261300783131e-07
categorical__Product ID_L47784,5.073307340086768e-07
categorical__Product ID_M22764,5.072748863019924e-07
categorical__Product ID_M22687,5.072430273822015e-07
categorical__Product ID_L49044,5.062924997433871e-07
categorical__Product ID_L56078,5.059057137454219e-07
categorical__Product ID_M15163,5.054948913916255e-07
categorical__Product ID_M22332,5.054615043572764e-07
categorical__Product ID_M15721,5.053798188388245e-07
categorical__Product ID_L52842,5.052361354633675e-07
categorical__Product ID_M22688,5.04466497014322e-07
categorical__Product ID_L53590,5.042256484749748e-07
categorical__Product ID_L55380,5.037482453633404e-07
categorical__Product ID_L54579,5.036051135198064e-07
categorical__Product ID_M21673,5.032408854684207e-07
categorical__Product ID_L49640,5.030891047479055e-07
categorical__Product ID_L55143,5.030733289103588e-07
categorical__Product ID_L55402,5.02830752389867e-07
categorical__Product ID_L56644,5.01948776508089e-07
categorical__Product ID_L47407,5.01819686612958e-07
categorical__Product ID_L47625,5.013290501862719e-07
categorical__Product ID_L49117,5.010573325640486e-07
categorical__Product ID_L56257,5.01055124567677e-07
categorical__Product ID_L53662,5.008054999126715e-07
categorical__Product ID_L52339,5.006653196525938e-07
categorical__Product ID_M23832,5.005561994895867e-07
categorical__Product ID_M20958,5.003179584693912e-07
categorical__Product ID_L49574,5.001661067264434e-07
categorical__Product ID_M21568,4.999650326735048e-07
categorical__Product ID_H35424,4.995226881454997e-07
categorical__Product ID_L50577,4.995211229469883e-07
categorical__Product ID_L56603,4.985861657641088e-07
categorical__Product ID_M21480,4.97708343603667e-07
categorical__Product ID_L53663,4.973768703797938e-07
categorical__Product ID_L55973,4.973204527704466e-07
categorical__Product ID_L48311,4.9715370498634e-07
categorical__Product ID_L53641,4.970654613032629e-07
categorical__Product ID_L56528,4.970270345097958e-07
categorical__Product ID_L56368,4.961960598299083e-07
categorical__Product ID_L51116,4.957857265052948e-07
categorical__Product ID_L50048,4.946644580017989e-07
categorical__Product ID_L49974,4.945522971753325e-07
categorical__Product ID_M21809,4.941887342204659e-07
categorical__Product ID_L50128,4.940728360575879e-07
categorical__Product ID_L49742,4.940210673477836e-07
categorical__Product ID_L54620,4.93972173043167e-07
categorical__Product ID_M24816,4.939193093641257e-07
categorical__Product ID_H38710,4.933673860954491e-07
categorical__Product ID_L47815,4.920022027591225e-07
categorical__Product ID_M17554,4.918287693063828e-07
categorical__Product ID_L53040,4.913129449898678e-07
categorical__Product ID_L55476,4.911288972716598e-07
categorical__Product ID_M22476,4.91031338961276e-07
categorical__Product ID_L53396,4.906032367424424e-07
categorical__Product ID_L49193,4.903930424864536e-07
categorical__Product ID_M23972,4.901118232122526e-07
categorical__Product ID_L52720,4.897813029633398e-07
categorical__Product ID_L48729,4.891962546436221e-07
categorical__Product ID_L52954,4.888023211795752e-07
categorical__Product ID_L49496,4.884846568933287e-07
categorical__Product ID_L49010,4.881456043798807e-07
categorical__Product ID_L49235,4.870539174806831e-07
categorical__Product ID_L53583,4.867773147113946e-07
categorical__Product ID_L49065,4.865941686351947e-07
categorical__Product ID_L47615,4.858201639624995e-07
categorical__Product ID_L54778,4.85550497346557e-07
categorical__Product ID_L48759,4.847322903155507e-07
categorical__Product ID_L53940,4.846922118934518e-07
categorical__Product ID_H35787,4.845457913864983e-07
categorical__Product ID_M21404,4.840264987357753e-07
categorical__Product ID_L54644,4.840236656630696e-07
categorical__Product ID_L55254,4.834923491611825e-07
categorical__Product ID_L47603,4.833435281163946e-07
categorical__Product ID_L56406,4.832202377028766e-07
categorical__Product ID_M17418,4.826507994897899e-07
categorical__Product ID_M23276,4.825202874392782e-07
categorical__Product ID_H38694,4.821609496009513e-07
categorical__Product ID_M24190,4.821280860028057e-07
categorical__Product ID_L49878,4.814652347432395e-07
categorical__Product ID_L55304,4.812480102025874e-07
categorical__Product ID_L47453,4.810707620444357e-07
categorical__Product ID_L50274,4.808022849204764e-07
categorical__Product ID_M21641,4.801532480445157e-07
categorical__Product ID_M24465,4.800057332354676e-07
categorical__Product ID_L55168,4.795102968012908e-07
categorical__Product ID_M20902,4.785260548567076e-07
categorical__Product ID_H32524,4.782413075337492e-07
categorical__Product ID_M15658,4.779985729974063e-07
categorical__Product ID_L54228,4.779102496742107e-07
categorical__Product ID_L49771,4.775898573267771e-07
categorical__Product ID_L49061,4.775039394416409e-07
categorical__Product ID_L47365,4.76968612746381e-07
categorical__Product ID_M18484,4.767282291362691e-07
categorical__Product ID_H35301,4.767197145746385e-07
categorical__Product ID_L53531,4.7664383597872746e-07
categorical__Product ID_L52379,4.7664263026507607e-07
categorical__Product ID_M20887,4.760154914485109e-07
categorical__Product ID_L52594,4.756652657273041e-07
categorical__Product ID_L53319,4.755090919860836e-07
categorical__Product ID_L50593,4.751598533249171e-07
categorical__Product ID_L50131,4.746819338972138e-07
categorical__Product ID_L50238,4.745648323474412e-07
categorical__Product ID_M22729,4.7376440575005553e-07
categorical__Product ID_H35597,4.7345594112125176e-07
categorical__Product ID_M24297,4.7335129068079305e-07
categorical__Product ID_M24677,4.7325486877937795e-07
categorical__Product ID_M15346,4.7315089102995625e-07
categorical__Product ID_L55246,4.7214840294108423e-07
categorical__Product ID_M23684,4.720523261979977e-07
categorical__Product ID_L49985,4.7193966742679294e-07
categorical__Product ID_L50140,4.717279694819826e-07
categorical__Product ID_L49919,4.7142108348573446e-07
categorical__Product ID_L53137,4.711463230533489e-07
categorical__Product ID_M20965,4.706142387308588e-07
categorical__Product ID_L55605,4.704854187431323e-07
categorical__Product ID_L55313,4.7005683823486967e-07
categorical__Product ID_L55420,4.694583748282399e-07
categorical__Product ID_L55675,4.692689232166393e-07
categorical__Product ID_M23243,4.6922775397241434e-07
categorical__Product ID_L55447,4.6878210424443566e-07
categorical__Product ID_L55734,4.685807770435164e-07
categorical__Product ID_L55590,4.682092076104164e-07
categorical__Product ID_L48668,4.681146899154844e-07
categorical__Product ID_M17327,4.6786586391889204e-07
categorical__Product ID_L52189,4.6759156405414783e-07
categorical__Product ID_L55134,4.675631037037074e-07
categorical__Product ID_L55148,4.67118898328917e-07
categorical__Product ID_M17247,4.670216297085686e-07
categorical__Product ID_L54087,4.6683505093199264e-07
categorical__Product ID_L54384,4.6487612865236095e-07
categorical__Product ID_L55691,4.646716647663124e-07
categorical__Product ID_M15369,4.645976013017552e-07
categorical__Product ID_M21631,4.641947227490437e-07
categorical__Product ID_M23760,4.6344261006418934e-07
categorical__Product ID_L48446,4.633816313680691e-07
categorical__Product ID_M17506,4.633774950036788e-07
categorical__Product ID_L48632,4.6227742706140006e-07
categorical__Product ID_M15547,4.6226846477747906e-07
categorical__Product ID_M20748,4.621467492484727e-07
categorical__Product ID_L53249,4.617872864873766e-07
categorical__Product ID_L49366,4.6175089072021556e-07
categorical__Product ID_L49327,4.6125167785161383e-07
categorical__Product ID_M17035,4.6099666111936613e-07
categorical__Product ID_L49838,4.6079903128468494e-07
categorical__Product ID_H38572,4.6070302067273325e-07
categorical__Product ID_L54953,4.6061181126357304e-07
categorical__Product ID_M17974,4.594283517061154e-07
categorical__Product ID_L49777,4.579224732698201e-07
categorical__Product ID_M23426,4.579162355529525e-07
categorical__Product ID_L56733,4.578218416506859e-07
categorical__Product ID_M23504,4.5753601162903874e-07
categorical__Product ID_L53906,4.574881388456902e-07
categorical__Product ID_L56318,4.5734364176417763e-07
categorical__Product ID_M20770,4.5720835846528735e-07
categorical__Product ID_L47900,4.5712863061581463e-07
categorical__Product ID_M23934,4.566780444949794e-07
categorical__Product ID_M22987,4.5649413620376474e-07
categorical__Product ID_M24620,4.561968334172637e-07
categorical__Product ID_L48925,4.557816106790208e-07
categorical__Product ID_M15219,4.5570913910046943e-07
categorical__Product ID_M21271,4.553455203349209e-07
categorical__Product ID_L51772,4.550307316170345e-07
categorical__Product ID_M20980,4.5493352617906996e-07
categorical__Product ID_L50052,4.548575348038282e-07
categorical__Product ID_M24111,4.54213461025367e-07
categorical__Product ID_L56609,4.537547655247491e-07
categorical__Product ID_H39199,4.5321749289084195e-07
categorical__Product ID_M24157,4.531200148054626e-07
categorical__Product ID_M15835,4.531082861014585e-07
categorical__Product ID_M17758,4.53068650617418e-07
categorical__Product ID_L52494,4.522199901440866e-07
categorical__Product ID_L48203,4.516880538133741e-07
categorical__Product ID_M17660,4.514062080738067e-07
categorical__Product ID_L52869,4.513580790302409e-07
categorical__Product ID_M16660,4.511791199403475e-07
categorical__Product ID_L55560,4.511594634000803e-07
categorical__Product ID_L56099,4.5081439743570667e-07
categorical__Product ID_M15583,4.506474945314725e-07
categorical__Product ID_M16894,4.505938207980138e-07
categorical__Product ID_L54172,4.50248927988638e-07
categorical__Product ID_H36420,4.501881900086344e-07
categorical__Product ID_L47574,4.501725490463858e-07
categorical__Product ID_M16328,4.49424993258794e-07
categorical__Product ID_L49864,4.488783516458326e-07
categorical__Product ID_L53030,4.483299395689495e-07
categorical__Product ID_L53687,4.482824243799725e-07
categorical__Product ID_M15062,4.4800474736843085e-07
categorical__Product ID_M22584,4.4792159274872943e-07
categorical__Product ID_L54107,4.4785311075787816e-07
categorical__Product ID_L48700,4.473272624468956e-07
categorical__Product ID_M16738,4.4707374844018855e-07
categorical__Product ID_M17405,4.469194707264804e-07
categorical__Product ID_L50142,4.468386200054612e-07
categorical__Product ID_L55943,4.465053269649712e-07
categorical__Product ID_L50529,4.461658447406175e-07
categorical__Product ID_L47693,4.455627492565189e-07
categorical__Product ID_M23161,4.449589217514793e-07
categorical__Product ID_M23346,4.449339268509166e-07
categorical__Product ID_L52459,4.449327223038279e-07
categorical__Product ID_L49304,4.44570973137233e-07
categorical__Product ID_L53695,4.442734986069154e-07
categorical__Product ID_L54751,4.440838018484443e-07
categorical__Product ID_L52610,4.437837014102023e-07
categorical__Product ID_L47541,4.436570286762939e-07
categorical__Product ID_L52442,4.432558813050834e-07
categorical__Product ID_M20908,4.429861201587434e-07
categorical__Product ID_M18120,4.425842286529276e-07
categorical__Product ID_L54808,4.425198338508716e-07
categorical__Product ID_M24410,4.420664289702936e-07
categorical__Product ID_M23895,4.417052540298188e-07
categorical__Product ID_L55097,4.414212927190883e-07
categorical__Product ID_M23600,4.4124373829579773e-07
categorical__Product ID_L47712,4.411868126354948e-07
categorical__Product ID_L57053,4.405730437974723e-07
categorical__Product ID_L56887,4.401775002598616e-07
categorical__Product ID_L54230,4.3910568003681435e-07
categorical__Product ID_L55708,4.389600745881552e-07
categorical__Product ID_M22671,4.3857325923126684e-07
categorical__Product ID_L56115,4.3835775862474396e-07
categorical__Product ID_M20744,4.3814217358022585e-07
categorical__Product ID_M21004,4.37965956177541e-07
categorical__Product ID_M24646,4.37593463450384e-07
categorical__Product ID_L53250,4.3740215799740996e-07
categorical__Product ID_L49973,4.3735020445285566e-07
categorical__Product ID_H36467,4.3731464704466745e-07
categorical__Product ID_L55550,4.3654197117094784e-07
categorical__Product ID_L48474,4.3653598913368565e-07
categorical__Product ID_L54820,4.3614636284276955e-07
categorical__Product ID_M21251,4.355601419499408e-07
categorical__Product ID_L54407,4.355276493575065e-07
categorical__Product ID_L54911,4.352684687072496e-07
categorical__Product ID_M16145,4.352104633509496e-07
categorical__Product ID_L56490,4.3480979708365146e-07
categorical__Product ID_L54709,4.3414729919734227e-07
categorical__Product ID_M21254,4.341144170822487e-07
categorical__Product ID_M16791,4.34044468583802e-07
categorical__Product ID_L54269,4.3342344546359556e-07
categorical__Product ID_L47616,4.333932624252513e-07
categorical__Product ID_L55808,4.332743337325752e-07
categorical__Product ID_M23689,4.3314240086723076e-07
categorical__Product ID_H37209,4.330561798887938e-07
categorical__Product ID_M23685,4.325397315690378e-07
categorical__Product ID_L53442,4.323746857602787e-07
categorical__Product ID_L52334,4.321249082050022e-07
categorical__Product ID_L48868,4.318300844628632e-07
categorical__Product ID_M21873,4.314537727589808e-07
categorical__Product ID_L48256,4.3074003631699295e-07
categorical__Product ID_L53372,4.3071194291726805e-07
categorical__Product ID_M16399,4.3064707356587304e-07
categorical__Product ID_L56789,4.305350727402439e-07
categorical__Product ID_L52333,4.3006267703878214e-07
categorical__Product ID_L56072,4.300122301904893e-07
categorical__Product ID_L53370,4.2962576667185394e-07
categorical__Product ID_M24409,4.289150900197559e-07
categorical__Product ID_M24222,4.276933198601556e-07
categorical__Product ID_H38805,4.2755618413021705e-07
categorical__Product ID_L55080,4.2729333754083127e-07
categorical__Product ID_M22124,4.2721885039070744e-07
categorical__Product ID_M16429,4.261149192707858e-07
categorical__Product ID_H37551,4.2516763345767104e-07
categorical__Product ID_L51145,4.250626431363213e-07
categorical__Product ID_L48949,4.2489370311194665e-07
categorical__Product ID_L56687,4.241782302936459e-07
categorical__Product ID_M23357,4.2385202362255244e-07
categorical__Product ID_L49077,4.2304851412005827e-07
categorical__Product ID_M16550,4.2264513408152514e-07
categorical__Product ID_M23711,4.226238646077375e-07
categorical__Product ID_M24340,4.225281825219994e-07
categorical__Product ID_M22339,4.2248410248679366e-07
categorical__Product ID_L47465,4.22268510400984e-07
categorical__Product ID_M15695,4.22080555908641e-07
categorical__Product ID_L55641,4.220378023189785e-07
categorical__Product ID_M24206,4.2163931571198356e-07
categorical__Product ID_L47898,4.211034175568516e-07
categorical__Product ID_M24248,4.2096561960826816e-07
categorical__Product ID_M24412,4.2018653567709557e-07
categorical__Product ID_M23008,4.2013074346768383e-07
categorical__Product ID_L49396,4.2012120566515735e-07
categorical__Product ID_L55798,4.200528190851407e-07
categorical__Product ID_L52433,4.1967534685591977e-07
categorical__Product ID_L48753,4.1949598764999426e-07
categorical__Product ID_M15586,4.194250773987753e-07
categorical__Product ID_L50574,4.193350031012781e-07
categorical__Product ID_L48329,4.171694146627324e-07
categorical__Product ID_M21397,4.1685199886592276e-07
categorical__Product ID_M23618,4.1681706440777213e-07
categorical__Product ID_L48788,4.1667518531641006e-07
categorical__Product ID_L53972,4.159858689515236e-07
categorical__Product ID_L54289,4.1572726172947864e-07
categorical__Product ID_M23130,4.1526683298771303e-07
categorical__Product ID_L48448,4.152264492574523e-07
categorical__Product ID_L48259,4.1517692523952843e-07
categorical__Product ID_M24631,4.1507008596027613e-07
categorical__Product ID_M21968,4.148364982762496e-07
categorical__Product ID_L47742,4.1376570879452567e-07
categorical__Product ID_M15288,4.1363945279592373e-07
categorical__Product ID_L57064,4.1349055990970263e-07
categorical__Product ID_M22685,4.134837532960896e-07
categorical__Product ID_L56881,4.125052562654647e-07
categorical__Product ID_M17629,4.1230149193766824e-07
categorical__Product ID_L55301,4.1182577271647226e-07
categorical__Product ID_L49495,4.1169406711687073e-07
categorical__Product ID_M16090,4.107795387204343e-07
categorical__Product ID_M21513,4.1069367589640795e-07
categorical__Product ID_M21934,4.1063331519603966e-07
categorical__Product ID_M20732,4.1044159086765345e-07
categorical__Product ID_L47553,4.1013646807055037e-07
categorical__Product ID_M23708,4.098574602223711e-07
categorical__Product ID_M17389,4.0970391459868435e-07
categorical__Product ID_L57157,4.095618269425894e-07
categorical__Product ID_L47414,4.093542508305062e-07
categorical__Product ID_M23613,4.086938495350591e-07
categorical__Product ID_M23807,4.085538446622572e-07
categorical__Product ID_M16137,4.0853462254350584e-07
categorical__Product ID_L53184,4.084508417539388e-07
categorical__Product ID_L50162,4.081767134181427e-07
categorical__Product ID_H38754,4.0766254119555687e-07
categorical__Product ID_L56495,4.074876394115464e-07
categorical__Product ID_M17001,4.071079254602507e-07
categorical__Product ID_L49854,4.0704242946395694e-07
categorical__Product ID_M24042,4.0684306607506153e-07
categorical__Product ID_M21283,4.0674970270545276e-07
categorical__Product ID_L53246,4.065088341310083e-07
categorical__Product ID_M16982,4.060843962296953e-07
categorical__Product ID_M23353,4.059040393111945e-07
categorical__Product ID_L49169,4.0535331701297006e-07
categorical__Product ID_M18037,4.0530384596422364e-07
categorical__Product ID_M23073,4.0495636054074824e-07
categorical__Product ID_H37496,4.0493872957155414e-07
categorical__Product ID_L50220,4.0474318883339416e-07
categorical__Product ID_L53065,4.04440678353202e-07
categorical__Product ID_M23584,4.04046214284493e-07
categorical__Product ID_L49637,4.0391101515402833e-07
categorical__Product ID_L53236,4.0369535610660967e-07
categorical__Product ID_M23979,4.036401357554105e-07
categorical__Product ID_L53754,4.0356287348270014e-07
categorical__Product ID_M21496,4.034715498359164e-07
categorical__Product ID_L53904,4.0282537192953497e-07
categorical__Product ID_L55898,4.027984988161985e-07
categorical__Product ID_L56002,4.025331562715512e-07
categorical__Product ID_L53989,3.9972867988274313e-07
categorical__Product ID_L49546,3.9969220546679293e-07
categorical__Product ID_H38790,3.9915418018807884e-07
categorical__Product ID_H38280,3.982190769895024e-07
categorical__Product ID_M17906,3.98204118278357e-07
categorical__Product ID_L48778,3.980888000721875e-07
categorical__Product ID_L53867,3.977072930704296e-07
categorical__Product ID_L50457,3.976091231598689e-07
categorical__Product ID_L53864,3.970245559734309e-07
categorical__Product ID_L55671,3.9666996045445925e-07
categorical__Product ID_L50060,3.9647837502090974e-07
categorical__Product ID_L52784,3.961579021827008e-07
categorical__Product ID_L48996,3.961018354460825e-07
categorical__Product ID_L54217,3.9557179369922335e-07
categorical__Product ID_L56200,3.950202563957515e-07
categorical__Product ID_L56584,3.9499286696432926e-07
categorical__Product ID_L50995,3.9480432066940237e-07
categorical__Product ID_L48839,3.940336836147738e-07
categorical__Product ID_L56049,3.9391112494502805e-07
categorical__Product ID_L47404,3.9347249941624893e-07
categorical__Product ID_M24719,3.9313970605352515e-07
categorical__Product ID_M17161,3.931128750241252e-07
categorical__Product ID_L56303,3.928535891892042e-07
categorical__Product ID_M15546,3.9228760312636245e-07
categorical__Product ID_L54038,3.9198084920173154e-07
categorical__Product ID_L54034,3.919448218009944e-07
categorical__Product ID_L47535,3.9151175623976327e-07
categorical__Product ID_L49706,3.9139339812486997e-07
categorical__Product ID_L54929,3.9121891516236167e-07
categorical__Product ID_L48784,3.9039449258447135e-07
categorical__Product ID_M24445,3.903293321162831e-07
categorical__Product ID_L55872,3.8936743484445956e-07
categorical__Product ID_L47570,3.8889440953041223e-07
categorical__Product ID_L54081,3.888002846349143e-07
categorical__Product ID_L49123,3.8870515947424036e-07
categorical__Product ID_L56305,3.8759036196091137e-07
categorical__Product ID_L57094,3.8740503059083854e-07
categorical__Product ID_L56602,3.873021318802207e-07
categorical__Product ID_H37740,3.869059430675825e-07
categorical__Product ID_M21970,3.8507342951836144e-07
categorical__Product ID_L47499,3.8438240736257166e-07
categorical__Product ID_M22096,3.842874330568291e-07
categorical__Product ID_L47368,3.840693689445562e-07
categorical__Product ID_L54199,3.8404423438113184e-07
categorical__Product ID_L56857,3.8403026855438656e-07
categorical__Product ID_L52190,3.83849778875054e-07
categorical__Product ID_L55128,3.8370994583044026e-07
categorical__Product ID_L48708,3.836710228186649e-07
categorical__Product ID_L47481,3.834162872198427e-07
categorical__Product ID_L49516,3.8323446010282154e-07
categorical__Product ID_L48365,3.830185969434499e-07
categorical__Product ID_M23154,3.829844667900067e-07
categorical__Product ID_L49692,3.825349356256706e-07
categorical__Product ID_L54218,3.8200691425761194e-07
categorical__Product ID_L49497,3.813315658869682e-07
categorical__Product ID_L55169,3.810044430410178e-07
categorical__Product ID_L48779,3.808506952154221e-07
categorical__Product ID_L49712,3.8074442786169575e-07
categorical__Product ID_L52439,3.802423548499615e-07
categorical__Product ID_L54153,3.8023369091051135e-07
categorical__Product ID_M16521,3.800919185171621e-07
categorical__Product ID_M16088,3.797684958768491e-07
categorical__Product ID_M24569,3.788843577493681e-07
categorical__Product ID_L56811,3.7878235201487444e-07
categorical__Product ID_M23303,3.785334920654362e-07
categorical__Product ID_L54237,3.7757672246065526e-07
categorical__Product ID_M16884,3.764505001610765e-07
categorical__Product ID_L53566,3.763660837616221e-07
categorical__Product ID_L56753,3.757380344404308e-07
categorical__Product ID_L54326,3.752121292845602e-07
categorical__Product ID_L49489,3.7473760574427014e-07
categorical__Product ID_M16037,3.746076389115267e-07
categorical__Product ID_M15294,3.745924389394125e-07
categorical__Product ID_L49923,3.745844636757028e-07
categorical__Product ID_M23304,3.7419948657537714e-07
categorical__Product ID_L53635,3.7419121899884197e-07
categorical__Product ID_M18028,3.73013393683408e-07
categorical__Product ID_L52752,3.7300154767604195e-07
categorical__Product ID_L48222,3.7283378592108946e-07
categorical__Product ID_L56111,3.7156807028236947e-07
categorical__Product ID_L49275,3.715449719391685e-07
categorical__Product ID_L52983,3.715189720384882e-07
categorical__Product ID_M17836,3.7113186256015056e-07
categorical__Product ID_L47638,3.7093686045735677e-07
categorical__Product ID_L57060,3.709251046495401e-07
categorical__Product ID_M21758,3.70828949039381e-07
categorical__Product ID_L53365,3.7080470704344034e-07
categorical__Product ID_L53824,3.7032627043249585e-07
categorical__Product ID_L55133,3.702557734049365e-07
categorical__Product ID_L54675,3.702357416901423e-07
categorical__Product ID_L49477,3.696594117170474e-07
categorical__Product ID_M24022,3.69382466366885e-07
categorical__Product ID_L55191,3.6934375046790523e-07
categorical__Product ID_L56820,3.6867022478345354e-07
categorical__Product ID_M22614,3.683291611671346e-07
categorical__Product ID_L55559,3.682244882028985e-07
categorical__Product ID_L56208,3.6811371333655007e-07
categorical__Product ID_L55740,3.680258799616224e-07
categorical__Product ID_L49741,3.6796801212921426e-07
categorical__Product ID_L54552,3.674387717325999e-07
categorical__Product ID_L53130,3.66586543286215e-07
categorical__Product ID_L52533,3.6590976153975746e-07
categorical__Product ID_L49759,3.651405105923225e-07
categorical__Product ID_L54812,3.647422872044739e-07
categorical__Product ID_L47982,3.632991363162588e-07
categorical__Product ID_L53118,3.628298049696558e-07
categorical__Product ID_M22218,3.620982995756487e-07
categorical__Product ID_L48407,3.620468588705588e-07
categorical__Product ID_L48649,3.610430223805592e-07
categorical__Product ID_M21678,3.604323674597395e-07
categorical__Product ID_L55871,3.602314682493568e-07
categorical__Product ID_L56226,3.596206210074694e-07
categorical__Product ID_M15333,3.584984898940043e-07
categorical__Product ID_L56782,3.5815178674448323e-07
categorical__Product ID_L52951,3.581415264396332e-07
categorical__Product ID_L55433,3.578055665804172e-07
categorical__Product ID_L47791,3.576169813499879e-07
categorical__Product ID_L53971,3.572473571376545e-07
categorical__Product ID_L47838,3.5674360617773627e-07
categorical__Product ID_L48306,3.565384124632177e-07
categorical__Product ID_L53634,3.563504693288053e-07
categorical__Product ID_H35605,3.5547585846940836e-07
categorical__Product ID_M23724,3.5528293137856913e-07
categorical__Product ID_M21849,3.5512563473049516e-07
categorical__Product ID_L53308,3.548145859996397e-07
categorical__Product ID_M22587,3.543587636351683e-07
categorical__Product ID_L55982,3.5417718780037385e-07
categorical__Product ID_L47834,3.538753038581697e-07
categorical__Product ID_L49271,3.5385147780674e-07
categorical__Product ID_L53973,3.531062657324943e-07
categorical__Product ID_H39314,3.530448382468875e-07
categorical__Product ID_L57046,3.529658805755516e-07
categorical__Product ID_L55601,3.5274327962202617e-07
categorical__Product ID_L49859,3.526094463118221e-07
categorical__Product ID_L50301,3.5254143230738615e-07
categorical__Product ID_L54202,3.522296427233412e-07
categorical__Product ID_M21405,3.520704432684745e-07
categorical__Product ID_L50334,3.5171455683687514e-07
categorical__Product ID_L52944,3.5167334938616745e-07
categorical__Product ID_M21058,3.5137749295130246e-07
categorical__Product ID_H36801,3.511950259297889e-07
categorical__Product ID_M22092,3.5099285410619726e-07
categorical__Product ID_L54649,3.5031720616669567e-07
categorical__Product ID_L55756,3.502667384544475e-07
categorical__Product ID_M17043,3.5001940734908507e-07
categorical__Product ID_L54804,3.4975566588394005e-07
categorical__Product ID_M24651,3.496192720036653e-07
categorical__Product ID_L47518,3.495014836570247e-07
categorical__Product ID_L56236,3.4943465107855157e-07
categorical__Product ID_L47396,3.490680564826883e-07
categorical__Product ID_L48148,3.4886897236255604e-07
categorical__Product ID_L56261,3.488520430130889e-07
categorical__Product ID_L54914,3.476573575193288e-07
categorical__Product ID_L54818,3.4762946137533343e-07
categorical__Product ID_L56060,3.473248145127971e-07
categorical__Product ID_L47381,3.4721965037849096e-07
categorical__Product ID_L54319,3.469432915152565e-07
categorical__Product ID_M24761,3.468184619040073e-07
categorical__Product ID_M21213,3.467052582286115e-07
categorical__Product ID_H38692,3.4655119277879393e-07
categorical__Product ID_M20964,3.4625206248630267e-07
categorical__Product ID_L53748,3.461870004715732e-07
categorical__Product ID_M15456,3.4518716132068123e-07
categorical__Product ID_M22809,3.4472794492653763e-07
categorical__Product ID_L56970,3.4442940975924645e-07
categorical__Product ID_L53621,3.440913145831808e-07
categorical__Product ID_L56038,3.440419157721465e-07
categorical__Product ID_M23801,3.4382922231441155e-07
categorical__Product ID_M21962,3.4347465932519173e-07
categorical__Product ID_M24323,3.4307713460830175e-07
categorical__Product ID_L49147,3.420898039234862e-07
categorical__Product ID_L47881,3.419093510378315e-07
categorical__Product ID_M23714,3.415007557118105e-07
categorical__Product ID_L53140,3.404889909635233e-07
categorical__Product ID_L47581,3.4030782687989334e-07
categorical__Product ID_L52511,3.402552233893941e-07
categorical__Product ID_L55758,3.400611680355744e-07
categorical__Product ID_L49562,3.40060413489203e-07
categorical__Product ID_M21123,3.397031096571688e-07
categorical__Product ID_H38244,3.390490396484931e-07
categorical__Product ID_L53444,3.390167560675859e-07
categorical__Product ID_M24675,3.3900656900504843e-07
categorical__Product ID_M22250,3.388342929784004e-07
categorical__Product ID_M18026,3.3867442234989327e-07
categorical__Product ID_L54963,3.382973120986633e-07
categorical__Product ID_L56349,3.382700797426512e-07
categorical__Product ID_M24739,3.380226090004107e-07
categorical__Product ID_L50133,3.373150869471025e-07
categorical__Product ID_L55861,3.369846863031035e-07
categorical__Product ID_L53283,3.369371392101392e-07
categorical__Product ID_L52691,3.366930656990147e-07
categorical__Product ID_M23751,3.3669232163883774e-07
categorical__Product ID_L47905,3.366577545207087e-07
categorical__Product ID_L55435,3.363567914535388e-07
categorical__Product ID_L49303,3.3576116344681165e-07
categorical__Product ID_M21066,3.3508725755508485e-07
categorical__Product ID_L49551,3.346680567978394e-07
categorical__Product ID_M15281,3.345909425761609e-07
categorical__Product ID_H38038,3.341862631786881e-07
categorical__Product ID_L52609,3.3408878684316766e-07
categorical__Product ID_L56298,3.3408705236833317e-07
categorical__Product ID_L55926,3.3394385259714524e-07
categorical__Product ID_L56483,3.3376098286653165e-07
categorical__Product ID_L55921,3.3355035278347575e-07
categorical__Product ID_L54641,3.334754754335402e-07
categorical__Product ID_H38406,3.3327676227995205e-07
categorical__Product ID_L49113,3.3250836572930056e-07
categorical__Product ID_L49525,3.3221259782524835e-07
categorical__Product ID_M17902,3.321203772720818e-07
categorical__Product ID_L53322,3.315478132826426e-07
categorical__Product ID_M16235,3.314326333091906e-07
categorical__Product ID_M22243,3.307228764320711e-07
categorical__Product ID_L54496,3.3043694372813447e-07
categorical__Product ID_M23700,3.3025509381157814e-07
categorical__Product ID_L55969,3.295908836725161e-07
categorical__Product ID_L56628,3.2926591056608554e-07
categorical__Product ID_L49907,3.29151599489402e-07
categorical__Product ID_L53096,3.284425472717399e-07
categorical__Product ID_L50266,3.2794184798734897e-07
categorical__Product ID_L53150,3.2788351279314845e-07
categorical__Product ID_M23166,3.278601688921027e-07
categorical__Product ID_L48486,3.274073932421367e-07
categorical__Product ID_L54150,3.272186014334393e-07
categorical__Product ID_M16675,3.270031708155329e-07
categorical__Product ID_L56699,3.2676783678939595e-07
categorical__Product ID_L49635,3.253427226736457e-07
categorical__Product ID_L56385,3.2531177796477665e-07
categorical__Product ID_M24425,3.247409644714884e-07
categorical__Product ID_L47970,3.243946979017624e-07
categorical__Product ID_M22754,3.242461820800685e-07
categorical__Product ID_L54612,3.2343101335421526e-07
categorical__Product ID_M21740,3.229269034196152e-07
categorical__Product ID_L54033,3.227470713115535e-07
categorical__Product ID_L48737,3.2240678089480905e-07
categorical__Product ID_M24557,3.219433695345849e-07
categorical__Product ID_M16743,3.219147931664814e-07
categorical__Product ID_M15387,3.2158816052989434e-07
categorical__Product ID_L56039,3.2140606557774125e-07
categorical__Product ID_M24855,3.2054388666085796e-07
categorical__Product ID_L54592,3.2002110855080787e-07
categorical__Product ID_L49861,3.1967039105654855e-07
categorical__Product ID_M23246,3.196659823322216e-07
categorical__Product ID_L49410,3.195100335862195e-07
categorical__Product ID_H39297,3.1949744467346876e-07
categorical__Product ID_M17482,3.194905328703573e-07
categorical__Product ID_L55989,3.193305550450314e-07
categorical__Product ID_L49188,3.186979926598078e-07
categorical__Product ID_L55634,3.1858418770549976e-07
categorical__Product ID_L55036,3.181233392851927e-07
categorical__Product ID_L49965,3.1711179736608745e-07
categorical__Product ID_L55562,3.170626460079228e-07
categorical__Product ID_L56649,3.1705379312250213e-07
categorical__Product ID_L55490,3.166899609459402e-07
categorical__Product ID_L48820,3.1652764083742506e-07
categorical__Product ID_L49908,3.1643581346433806e-07
categorical__Product ID_L56089,3.161413451212036e-07
categorical__Product ID_M22390,3.1601207240141435e-07
categorical__Product ID_H38191,3.149107975033579e-07
categorical__Product ID_L53013,3.135796907873935e-07
categorical__Product ID_L53505,3.1352526657143104e-07
categorical__Product ID_L49467,3.1321580025128493e-07
categorical__Product ID_L49326,3.1318669624113566e-07
categorical__Product ID_M23754,3.1316033855987214e-07
categorical__Product ID_L57146,3.1274833365556176e-07
categorical__Product ID_L53881,3.123367171264807e-07
categorical__Product ID_H39210,3.1202248243396035e-07
categorical__Product ID_L49124,3.1172509553440113e-07
categorical__Product ID_M23803,3.1169558107610276e-07
categorical__Product ID_L54719,3.116386059692569e-07
categorical__Product ID_L49650,3.1158282508919534e-07
categorical__Product ID_L54308,3.1157379773245706e-07
categorical__Product ID_L56424,3.110603681523037e-07
categorical__Product ID_M16869,3.0989811755040046e-07
categorical__Product ID_L54978,3.09799268140776e-07
categorical__Product ID_L53957,3.0974094191239286e-07
categorical__Product ID_L47909,3.097268473864508e-07
categorical__Product ID_M16447,3.094101735005596e-07
categorical__Product ID_M24337,3.0913031671561933e-07
categorical__Product ID_L56125,3.0826945805808236e-07
categorical__Product ID_L55893,3.077642613673418e-07
categorical__Product ID_L50146,3.074615681283615e-07
categorical__Product ID_M15967,3.071596357101141e-07
categorical__Product ID_M22425,3.068152903590068e-07
categorical__Product ID_L52680,3.066723849380001e-07
categorical__Product ID_M24835,3.0652491680602005e-07
categorical__Product ID_M24382,3.064802389227789e-07
categorical__Product ID_L53721,3.061096778977877e-07
categorical__Product ID_M17926,3.060449293386192e-07
categorical__Product ID_L54377,3.0571994993496173e-07
categorical__Product ID_L47325,3.055583849487264e-07
categorical__Product ID_L56366,3.048731265114108e-07
categorical__Product ID_L53031,3.047546523445632e-07
categorical__Product ID_L48750,3.0441127182483583e-07
categorical__Product ID_M15560,3.0429784563670605e-07
categorical__Product ID_M24309,3.0401645144633484e-07
categorical__Product ID_L55308,3.038490628237522e-07
categorical__Product ID_L48321,3.0383642247083056e-07
categorical__Product ID_L52930,3.028562067555348e-07
categorical__Product ID_L55735,3.016146698289323e-07
categorical__Product ID_M23654,3.0160039198644445e-07
categorical__Product ID_L55088,3.011567273813427e-07
categorical__Product ID_M22624,3.006351517258537e-07
categorical__Product ID_L49735,3.004210935205577e-07
categorical__Product ID_L48302,2.997239041665265e-07
categorical__Product ID_L49528,2.9956178119905737e-07
categorical__Product ID_M23063,2.9884998972569777e-07
categorical__Product ID_L54723,2.984117275257813e-07
categorical__Product ID_L48962,2.984100957453172e-07
categorical__Product ID_L54969,2.9823364200927413e-07
categorical__Product ID_M21657,2.982112043060967e-07
categorical__Product ID_M22315,2.979536531418432e-07
categorical__Product ID_L47642,2.976135159475186e-07
categorical__Product ID_L47485,2.976066576211784e-07
categorical__Product ID_L49905,2.974609721443758e-07
categorical__Product ID_M15557,2.973133405987284e-07
categorical__Product ID_M17833,2.966776987480511e-07
categorical__Product ID_L48956,2.9604732438021656e-07
categorical__Product ID_M15429,2.9561417617492527e-07
categorical__Product ID_L53122,2.950361834755809e-07
categorical__Product ID_L49720,2.948193296731823e-07
categorical__Product ID_L54576,2.946213000924218e-07
categorical__Product ID_L55977,2.9449882678198084e-07
categorical__Product ID_L54148,2.9428592998581233e-07
categorical__Product ID_M16981,2.9385424825106036e-07
categorical__Product ID_M24209,2.935287071814178e-07
categorical__Product ID_L48645,2.933576075653929e-07
categorical__Product ID_H39385,2.9315431839411013e-07
categorical__Product ID_M17577,2.930791543800435e-07
categorical__Product ID_L55089,2.9271134304774913e-07
categorical__Product ID_L50243,2.9254347133488976e-07
categorical__Product ID_M21349,2.9249497403407427e-07
categorical__Product ID_L54779,2.923389608324832e-07
categorical__Product ID_L54462,2.917196267599227e-07
categorical__Product ID_L56179,2.914800330846211e-07
categorical__Product ID_M24694,2.914720473297098e-07
categorical__Product ID_M23913,2.911327967876383e-07
categorical__Product ID_M23294,2.911085115853119e-07
categorical__Product ID_L52960,2.910122351190092e-07
categorical__Product ID_L49865,2.90770575093438e-07
categorical__Product ID_L53072,2.903576814976423e-07
categorical__Product ID_L49269,2.8987789978687683e-07
categorical__Product ID_M21380,2.887374044440331e-07
categorical__Product ID_M18032,2.885025397305272e-07
categorical__Product ID_M23369,2.885003555695523e-07
categorical__Product ID_M24406,2.8747813932261426e-07
categorical__Product ID_L49695,2.873098012672978e-07
categorical__Product ID_L53235,2.8718438364801104e-07
categorical__Product ID_L47484,2.871362463627785e-07
categorical__Product ID_L50438,2.8684850244991073e-07
categorical__Product ID_L53839,2.866540874870291e-07
categorical__Product ID_L55715,2.862209623785793e-07
categorical__Product ID_L56000,2.8596498255451443e-07
categorical__Product ID_M22564,2.852338287501374e-07
categorical__Product ID_H37936,2.84214896562842e-07
categorical__Product ID_L47902,2.839019633301152e-07
categorical__Product ID_M24373,2.8323998882746114e-07
categorical__Product ID_L53551,2.818173560797887e-07
categorical__Product ID_L56325,2.8104459177739986e-07
categorical__Product ID_L49791,2.8102873048197696e-07
categorical__Product ID_L55944,2.807717609580736e-07
categorical__Product ID_L48445,2.802692073136982e-07
categorical__Product ID_L47816,2.8023261732117724e-07
categorical__Product ID_L56898,2.8007003192955407e-07
categorical__Product ID_M23452,2.799735798896654e-07
categorical__Product ID_L56790,2.794501184774115e-07
categorical__Product ID_M20701,2.7915774020709747e-07
categorical__Product ID_M15796,2.789343357957382e-07
categorical__Product ID_L49312,2.788694593050188e-07
categorical__Product ID_L48210,2.7879538121699185e-07
categorical__Product ID_L55745,2.7858999496077315e-07
categorical__Product ID_M17755,2.7809865696619495e-07
categorical__Product ID_L55013,2.777422893024135e-07
categorical__Product ID_M24217,2.775431458372947e-07
categorical__Product ID_M20947,2.774994282424376e-07
categorical__Product ID_L55251,2.7728909405689453e-07
categorical__Product ID_L53062,2.7717618281413855e-07
categorical__Product ID_L56541,2.767028349134607e-07
categorical__Product ID_L56090,2.763084600912893e-07
categorical__Product ID_L47270,2.7608180904441334e-07
categorical__Product ID_L55253,2.760250403685186e-07
categorical__Product ID_L56035,2.759037184375616e-07
categorical__Product ID_L49122,2.7558026458734137e-07
categorical__Product ID_L48710,2.7557634849997726e-07
categorical__Product ID_L49187,2.752068177622399e-07
categorical__Product ID_M23720,2.747116666389251e-07
categorical__Product ID_L55467,2.728504288009698e-07
categorical__Product ID_L53572,2.725656816604523e-07
categorical__Product ID_M17597,2.72284135073314e-07
categorical__Product ID_L49228,2.7217704296965416e-07
categorical__Product ID_L53707,2.7199532659656434e-07
categorical__Product ID_L55748,2.7096999945237673e-07
categorical__Product ID_H37282,2.7032949812108134e-07
categorical__Product ID_L53736,2.7007805786963495e-07
categorical__Product ID_L55753,2.688365900265453e-07
categorical__Product ID_L48309,2.688217016019323e-07
categorical__Product ID_L48739,2.68742750208731e-07
categorical__Product ID_L49896,2.685730076977916e-07
categorical__Product ID_L55917,2.6841424243368943e-07
categorical__Product ID_L48634,2.682865434300532e-07
categorical__Product ID_M21144,2.682545342376881e-07
categorical__Product ID_M16414,2.681588782942389e-07
categorical__Product ID_L53625,2.6716491738763845e-07
categorical__Product ID_L48526,2.6682493007313197e-07
categorical__Product ID_L54569,2.666890613869915e-07
categorical__Product ID_L55125,2.661015076794634e-07
categorical__Product ID_L54637,2.6605760667791227e-07
categorical__Product ID_L50299,2.6495236406958826e-07
categorical__Product ID_L53478,2.647507293963725e-07
categorical__Product ID_L55417,2.6437434396541084e-07
categorical__Product ID_L56160,2.6423378756656425e-07
categorical__Product ID_L56910,2.638772704006032e-07
categorical__Product ID_M24512,2.636501777800206e-07
categorical__Product ID_L50336,2.636028228671097e-07
categorical__Product ID_L55964,2.634376537136322e-07
categorical__Product ID_L54681,2.633294906616666e-07
categorical__Product ID_H38897,2.632235554868613e-07
categorical__Product ID_L55061,2.6263542847730594e-07
categorical__Product ID_L55991,2.6252270922313117e-07
categorical__Product ID_M22996,2.6236392627087137e-07
categorical__Product ID_M15767,2.621630030520769e-07
categorical__Product ID_L55838,2.617725373024819e-07
categorical__Product ID_L54296,2.612956152531615e-07
categorical__Product ID_L55877,2.606890478958637e-07
categorical__Product ID_M24395,2.601150459117987e-07
categorical__Product ID_L49910,2.598765336596831e-07
categorical__Product ID_L49824,2.5921277949084667e-07
categorical__Product ID_L52420,2.5901140171236804e-07
categorical__Product ID_L49037,2.585987368418618e-07
categorical__Product ID_L53990,2.583595749925258e-07
categorical__Product ID_M23970,2.5833521716579144e-07
categorical__Product ID_L55584,2.5723828427129953e-07
categorical__Product ID_M23333,2.5718099911623055e-07
categorical__Product ID_L54729,2.56110328107493e-07
categorical__Product ID_L47644,2.5606106543812634e-07
categorical__Product ID_H38043,2.55982478364011e-07
categorical__Product ID_L49279,2.546276573419353e-07
categorical__Product ID_L52495,2.5456161846224395e-07
categorical__Product ID_L48715,2.5448841683438364e-07
categorical__Product ID_L50578,2.542239237147489e-07
categorical__Product ID_L53455,2.5407485417241316e-07
categorical__Product ID_M24724,2.538427060240592e-07
categorical__Product ID_M23534,2.5321908304811385e-07
categorical__Product ID_L49858,2.5317609191816434e-07
categorical__Product ID_L54063,2.5309036043797637e-07
categorical__Product ID_M15660,2.530796310846034e-07
categorical__Product ID_M16420,2.530633365969012e-07
categorical__Product ID_L48573,2.529887073331131e-07
categorical__Product ID_L50228,2.518412751476422e-07
categorical__Product ID_L54868,2.5145670904048185e-07
categorical__Product ID_L53151,2.50744682095313e-07
categorical__Product ID_L53493,2.5045799815370564e-07
categorical__Product ID_L56239,2.5026081472224965e-07
categorical__Product ID_L53789,2.498968930574343e-07
categorical__Product ID_L53037,2.4965151834508796e-07
categorical__Product ID_L55543,2.496421444964961e-07
categorical__Product ID_M24284,2.491270186224165e-07
categorical__Product ID_L52945,2.4885603796818374e-07
categorical__Product ID_L54471,2.486315554250453e-07
categorical__Product ID_L53708,2.485000879160697e-07
categorical__Product ID_L49774,2.4828178451928753e-07
categorical__Product ID_L55399,2.480073440839418e-07
categorical__Product ID_L53328,2.4783723359788297e-07
categorical__Product ID_M17834,2.47742818199074e-07
categorical__Product ID_L52463,2.4765977649008645e-07
categorical__Product ID_H39410,2.4742016063964326e-07
categorical__Product ID_L47664,2.4736225431077177e-07
categorical__Product ID_L55096,2.46514971079668e-07
categorical__Product ID_L54212,2.4635942675303296e-07
categorical__Product ID_L52588,2.463524911437064e-07
categorical__Product ID_L54752,2.4609107043454814e-07
categorical__Product ID_M23731,2.4553058855638716e-07
categorical__Product ID_M21750,2.4552065551182557e-07
categorical__Product ID_L47641,2.4523408318347503e-07
categorical__Product ID_L55925,2.452059146759439e-07
categorical__Product ID_L47714,2.447112466239328e-07
categorical__Product ID_L49131,2.4459170619063974e-07
categorical__Product ID_L56322,2.441090845460681e-07
categorical__Product ID_L55034,2.4405153298276253e-07
categorical__Product ID_L54139,2.4352645433784715e-07
categorical__Product ID_L50322,2.4317612732456007e-07
categorical__Product ID_L55410,2.422232747388361e-07
categorical__Product ID_L54732,2.4207327225829815e-07
categorical__Product ID_L53201,2.419045583696776e-07
categorical__Product ID_L53616,2.4163913919008747e-07
categorical__Product ID_M20760,2.413095519623829e-07
categorical__Product ID_L52244,2.411707699238291e-07
categorical__Product ID_M23808,2.408037059254787e-07
categorical__Product ID_L54746,2.4072362219953604e-07
categorical__Product ID_L49889,2.4062626680925947e-07
categorical__Product ID_L53197,2.382231406588131e-07
categorical__Product ID_L53794,2.3817796489564904e-07
categorical__Product ID_L53415,2.3808656948948933e-07
categorical__Product ID_M22470,2.3807380109355086e-07
categorical__Product ID_L56013,2.379784782550537e-07
categorical__Product ID_L56116,2.3791939810581052e-07
categorical__Product ID_M20909,2.3736953754617058e-07
categorical__Product ID_L49991,2.3651414614217614e-07
categorical__Product ID_L52541,2.3624402781225528e-07
categorical__Product ID_M16052,2.360632514537894e-07
categorical__Product ID_L48875,2.356882635454486e-07
categorical__Product ID_M18265,2.3565552034819548e-07
categorical__Product ID_L55001,2.3551007038004779e-07
categorical__Product ID_L48562,2.3524559796422843e-07
categorical__Product ID_L55359,2.3501779236024857e-07
categorical__Product ID_L47716,2.3476874729789626e-07
categorical__Product ID_L55790,2.3363850374115297e-07
categorical__Product ID_M20641,2.3338143153359838e-07
categorical__Product ID_L56474,2.3309194155106754e-07
categorical__Product ID_L48888,2.3286046134926944e-07
categorical__Product ID_L50149,2.3265296550117935e-07
categorical__Product ID_M21131,2.3139444639105628e-07
categorical__Product ID_M21151,2.3127649799979337e-07
categorical__Product ID_M24004,2.311931680088109e-07
categorical__Product ID_M23588,2.30653891510683e-07
categorical__Product ID_L47803,2.300843852586421e-07
categorical__Product ID_M23424,2.2988256221641813e-07
categorical__Product ID_L56131,2.296450455179062e-07
categorical__Product ID_H39343,2.2964339291519883e-07
categorical__Product ID_M20724,2.2900971272829502e-07
categorical__Product ID_L53704,2.2879681599234664e-07
categorical__Product ID_M15923,2.2877651812299983e-07
categorical__Product ID_L53448,2.2846493421039248e-07
categorical__Product ID_M23748,2.2728661383470617e-07
categorical__Product ID_L49882,2.2634270877247007e-07
categorical__Product ID_L54298,2.2579722123474187e-07
categorical__Product ID_L54616,2.2568973506304508e-07
categorical__Product ID_L49870,2.2567450986448938e-07
categorical__Product ID_M20903,2.2563165112476138e-07
categorical__Product ID_M23368,2.2497301833471761e-07
categorical__Product ID_L48236,2.2480158424738752e-07
categorical__Product ID_L48901,2.24647145868983e-07
categorical__Product ID_L55267,2.2450321900855208e-07
categorical__Product ID_L56473,2.239056033213865e-07
categorical__Product ID_L54329,2.2287443103778687e-07
categorical__Product ID_M17605,2.2261960465075112e-07
categorical__Product ID_L56685,2.2257765386094685e-07
categorical__Product ID_L50405,2.211102368620248e-07
categorical__Product ID_L52175,2.2090994962256388e-07
categorical__Product ID_L53042,2.2022451907610666e-07
categorical__Product ID_L47403,2.2010104106417763e-07
categorical__Product ID_L53613,2.2001607293239367e-07
categorical__Product ID_L55405,2.1993461080280772e-07
categorical__Product ID_L50393,2.1856970585729017e-07
categorical__Product ID_M23117,2.1835640864427197e-07
categorical__Product ID_L53414,2.1757825250301717e-07
categorical__Product ID_M22044,2.1726705771107455e-07
categorical__Product ID_L54049,2.1689428876630586e-07
categorical__Product ID_L55600,2.1545987065158817e-07
categorical__Product ID_L54438,2.1512035278249363e-07
categorical__Product ID_L55728,2.1486196488175546e-07
categorical__Product ID_L53376,2.1465054404924416e-07
categorical__Product ID_L56054,2.1398995187895643e-07
categorical__Product ID_L56300,2.1393751040204608e-07
categorical__Product ID_L53651,2.1373845568017464e-07
categorical__Product ID_L54389,2.1326196559992554e-07
categorical__Product ID_L48603,2.1325627956919806e-07
categorical__Product ID_L47604,2.132073426423068e-07
categorical__Product ID_M23722,2.1302898684420936e-07
categorical__Product ID_L52891,2.117218917495535e-07
categorical__Product ID_M24031,2.116135747252837e-07
categorical__Product ID_L53945,2.115947769298982e-07
categorical__Product ID_H36182,2.1149924014435745e-07
categorical__Product ID_L56058,2.1093989642097167e-07
categorical__Product ID_M24229,2.1055582875328157e-07
categorical__Product ID_M21516,2.1053445796308113e-07
categorical__Product ID_L49308,2.1041722798939401e-07
categorical__Product ID_L50354,2.0952880273348275e-07
categorical__Product ID_L53529,2.0948758348363826e-07
categorical__Product ID_L55098,2.0948223210279284e-07
categorical__Product ID_L49573,2.0940605120668696e-07
categorical__Product ID_L48205,2.092103865606613e-07
categorical__Product ID_L56746,2.0893480039904342e-07
categorical__Product ID_L49715,2.08784257674993e-07
categorical__Product ID_M22134,2.0875349350129242e-07
categorical__Product ID_L56227,2.084812026452328e-07
categorical__Product ID_L53048,2.0839937903068653e-07
categorical__Product ID_M24648,2.0833258011944573e-07
categorical__Product ID_L53987,2.0818541982741515e-07
categorical__Product ID_L54845,2.0772380324942642e-07
categorical__Product ID_L53310,2.0771481813818292e-07
categorical__Product ID_M24776,2.0750099196047212e-07
categorical__Product ID_M17095,2.0722309957138605e-07
categorical__Product ID_L56532,2.069494839906569e-07
categorical__Product ID_L55269,2.060331518457949e-07
categorical__Product ID_L49951,2.055123338527678e-07
categorical__Product ID_L47278,2.0515602456774e-07
categorical__Product ID_L53902,2.049034850998506e-07
categorical__Product ID_M21274,2.0417885743609118e-07
categorical__Product ID_M17681,2.0409680554848736e-07
categorical__Product ID_L55326,2.0399217339095474e-07
categorical__Product ID_L49429,2.039842733124522e-07
categorical__Product ID_M23200,2.0384675446936808e-07
categorical__Product ID_L49351,2.0381105947527617e-07
categorical__Product ID_M23745,2.0377686420909535e-07
categorical__Product ID_L47648,2.033501653630145e-07
categorical__Product ID_L49197,2.0280057215376655e-07
categorical__Product ID_L54210,2.020476250374769e-07
categorical__Product ID_L50141,2.0083040190675804e-07
categorical__Product ID_L53740,2.008034563882939e-07
categorical__Product ID_L55826,2.0002007967003227e-07
categorical__Product ID_L56579,1.9956722176492555e-07
categorical__Product ID_L47528,1.9942727085846885e-07
categorical__Product ID_L48403,1.9912919573893003e-07
categorical__Product ID_M23574,1.9871599714767297e-07
categorical__Product ID_M23453,1.986866597640308e-07
categorical__Product ID_M24098,1.9749199748028155e-07
categorical__Product ID_M21427,1.9735985206338698e-07
categorical__Product ID_L53453,1.9732223323517022e-07
categorical__Product ID_L53107,1.9711575753633668e-07
categorical__Product ID_L55694,1.9702941665507375e-07
categorical__Product ID_H38474,1.9683632233082887e-07
categorical__Product ID_L48412,1.9682833149764682e-07
categorical__Product ID_H38687,1.9673334438656892e-07
categorical__Product ID_L47620,1.9651818494609763e-07
categorical__Product ID_L49585,1.9647858918465648e-07
categorical__Product ID_M15656,1.96442338360142e-07
categorical__Product ID_L49638,1.9547623522990761e-07
categorical__Product ID_L49617,1.9527841181621235e-07
categorical__Product ID_L53697,1.938172615394149e-07
categorical__Product ID_M24185,1.935317583543537e-07
categorical__Product ID_L55320,1.932303015457737e-07
categorical__Product ID_L56364,1.9310854860410087e-07
categorical__Product ID_L53303,1.9301500096580177e-07
categorical__Product ID_L54404,1.9266873690275735e-07
categorical__Product ID_M23555,1.9250983826597673e-07
categorical__Product ID_H36275,1.9215410299358681e-07
categorical__Product ID_M24552,1.9176813480671758e-07
categorical__Product ID_L54533,1.9164139459496535e-07
categorical__Product ID_L53373,1.9114756495209374e-07
categorical__Product ID_L55384,1.9114091136028954e-07
categorical__Product ID_M16603,1.911298535647782e-07
categorical__Product ID_M22411,1.9089052017474906e-07
categorical__Product ID_L55323,1.900875363917604e-07
categorical__Product ID_L49216,1.8991541247263181e-07
categorical__Product ID_M17328,1.8979519656497252e-07
categorical__Product ID_L56314,1.8961731747228814e-07
categorical__Product ID_M24442,1.892884900133014e-07
categorical__Product ID_L53487,1.8898300306684554e-07
categorical__Product ID_L47692,1.885748456519872e-07
categorical__Product ID_M16073,1.883706750842502e-07
categorical__Product ID_H38089,1.8716884829706828e-07
categorical__Product ID_L48576,1.8658743519280677e-07
categorical__Product ID_L53109,1.8614285997399796e-07
categorical__Product ID_L47470,1.860826036790905e-07
categorical__Product ID_L55281,1.854981038472257e-07
categorical__Product ID_L53389,1.8545114169029624e-07
categorical__Product ID_L52763,1.8538103744582363e-07
categorical__Product ID_L49474,1.849474654931839e-07
categorical__Product ID_M24807,1.8484532860550884e-07
categorical__Product ID_L56293,1.8484302361455294e-07
categorical__Product ID_L50306,1.8428805578647425e-07
categorical__Product ID_L49619,1.842180126116041e-07
categorical__Product ID_L49832,1.8413495505812112e-07
categorical__Product ID_L53474,1.838465049811774e-07
categorical__Product ID_L49045,1.8340732619737137e-07
categorical__Product ID_L50236,1.8329567052884864e-07
categorical__Product ID_M23341,1.8325076367063007e-07
categorical__Product ID_L54284,1.8313754969434085e-07
categorical__Product ID_L54088,1.8306458234582068e-07
categorical__Product ID_L50112,1.8256948260082392e-07
categorical__Product ID_M24325,1.8212254364861776e-07
categorical__Product ID_M24472,1.8111350925810175e-07
categorical__Product ID_M24082,1.808604103485747e-07
categorical__Product ID_M23225,1.7986854948882122e-07
categorical__Product ID_M21142,1.7957310095670228e-07
categorical__Product ID_L49316,1.7937576902629366e-07
categorical__Product ID_L49385,1.7917231203272192e-07
categorical__Product ID_M23853,1.790915494069716e-07
categorical__Product ID_L54293,1.7884559699800066e-07
categorical__Product ID_M21746,1.7874481137521323e-07
categorical__Product ID_L56802,1.7835204537545578e-07
categorical__Product ID_L48326,1.782600327790793e-07
categorical__Product ID_L48140,1.7808917052973738e-07
categorical__Product ID_L53218,1.7732898045949774e-07
categorical__Product ID_L55577,1.773158149124537e-07
categorical__Product ID_L56959,1.7730307944183349e-07
categorical__Product ID_L49387,1.7725497809979e-07
categorical__Product ID_L53826,1.7704192644142876e-07
categorical__Product ID_L54642,1.7672642566269091e-07
categorical__Product ID_L54037,1.7620109002675363e-07
categorical__Product ID_L49205,1.7588599123724793e-07
categorical__Product ID_L49972,1.7530293485600704e-07
categorical__Product ID_L49128,1.7466316744609785e-07
categorical__Product ID_L53015,1.7444554008823103e-07
categorical__Product ID_L55916,1.7432474789413322e-07
categorical__Product ID_L53422,1.7404157595633348e-07
categorical__Product ID_L56021,1.7398540640571713e-07
categorical__Product ID_H38812,1.7370206340531084e-07
categorical__Product ID_L54302,1.73064326514966e-07
categorical__Product ID_M23447,1.729245722455246e-07
categorical__Product ID_L48194,1.727554644131394e-07
categorical__Product ID_M15426,1.7244944928706142e-07
categorical__Product ID_L56524,1.7224849527828914e-07
categorical__Product ID_L53821,1.7222787024840615e-07
categorical__Product ID_M17385,1.706578162470844e-07
categorical__Product ID_L50063,1.697026889856059e-07
categorical__Product ID_L49954,1.6943209670359576e-07
categorical__Product ID_M15427,1.692506869283398e-07
categorical__Product ID_L49368,1.692445019757861e-07
categorical__Product ID_M23093,1.6879461754603956e-07
categorical__Product ID_M16565,1.6849924588514815e-07
categorical__Product ID_L56547,1.6838768303298005e-07
categorical__Product ID_M15407,1.682424288558315e-07
categorical__Product ID_L54061,1.67893661003423e-07
categorical__Product ID_L56167,1.6752138122985903e-07
categorical__Product ID_L53633,1.6727183197295947e-07
categorical__Product ID_L50484,1.6719547052779078e-07
categorical__Product ID_L54114,1.6717838984794854e-07
categorical__Product ID_L54727,1.6645336854913702e-07
categorical__Product ID_L53070,1.660793222508725e-07
categorical__Product ID_L54455,1.6607461407839265e-07
categorical__Product ID_L53558,1.6597787049470037e-07
categorical__Product ID_L56382,1.6519781702041717e-07
categorical__Product ID_H35944,1.6509798945100502e-07
categorical__Product ID_L54080,1.6487902152984105e-07
categorical__Product ID_M24635,1.6448515050986663e-07
categorical__Product ID_M22187,1.6381282106146068e-07
categorical__Product ID_L55343,1.6364529637205316e-07
categorical__Product ID_M15398,1.6357537022133103e-07
categorical__Product ID_L48489,1.6337839661740253e-07
categorical__Product ID_M21006,1.622681686875588e-07
categorical__Product ID_L53815,1.619250694817682e-07
categorical__Product ID_H37732,1.6123430138766928e-07
categorical__Product ID_L55522,1.6122226273532707e-07
categorical__Product ID_H38235,1.606240638164095e-07
categorical__Product ID_L52694,1.6043974303768682e-07
categorical__Product ID_L48824,1.6039642990654066e-07
categorical__Product ID_L56323,1.603313559830365e-07
categorical__Product ID_M21306,1.5999632525043624e-07
categorical__Product ID_L53623,1.5989391165800554e-07
categorical__Product ID_L56636,1.5952793680436126e-07
categorical__Product ID_L54791,1.5916095705529464e-07
categorical__Product ID_L49723,1.5915433733019835e-07
categorical__Product ID_L49621,1.5895878816919934e-07
categorical__Product ID_L49834,1.5646814480505057e-07
categorical__Product ID_L47729,1.5524532144441358e-07
categorical__Product ID_L49833,1.5505225419047595e-07
categorical__Product ID_M18087,1.5465409810419272e-07
categorical__Product ID_M24640,1.5448096960069418e-07
categorical__Product ID_M15268,1.5414859787867787e-07
categorical__Product ID_L55409,1.538679443947536e-07
categorical__Product ID_H39254,1.5268811125024178e-07
categorical__Product ID_L55219,1.5246411763134266e-07
categorical__Product ID_L50104,1.522523211613805e-07
categorical__Product ID_L56538,1.5151014472455763e-07
categorical__Product ID_L56008,1.5133024774332998e-07
categorical__Product ID_L56309,1.5100164503500528e-07
categorical__Product ID_L53049,1.5089545598387034e-07
categorical__Product ID_L56688,1.5084239064549796e-07
categorical__Product ID_L54371,1.5081559211599136e-07
categorical__Product ID_L56548,1.5038903307866866e-07
categorical__Product ID_L56467,1.5012982002864627e-07
categorical__Product ID_L55549,1.48830998795933e-07
categorical__Product ID_M23943,1.483126047438897e-07
categorical__Product ID_L49232,1.4636462224430734e-07
categorical__Product ID_L55842,1.461411716558968e-07
categorical__Product ID_L56331,1.4546141293972283e-07
categorical__Product ID_M23881,1.4536496845219044e-07
categorical__Product ID_H35887,1.449211973796182e-07
categorical__Product ID_M24060,1.4480950679679137e-07
categorical__Product ID_L48437,1.4457162949926145e-07
categorical__Product ID_L53991,1.4416898918315127e-07
categorical__Product ID_L50015,1.436469487745952e-07
categorical__Product ID_M23508,1.4364031744308126e-07
categorical__Product ID_L55298,1.4359047231409837e-07
categorical__Product ID_L56360,1.4345969875602127e-07
categorical__Product ID_L48966,1.4344735746771918e-07
categorical__Product ID_L55907,1.4307681420930996e-07
categorical__Product ID_M23561,1.4290478978909393e-07
categorical__Product ID_M24487,1.4280864068472292e-07
categorical__Product ID_M24053,1.426681167757225e-07
categorical__Product ID_M23917,1.421223997318658e-07
categorical__Product ID_L56580,1.41954912085643e-07
categorical__Product ID_L50093,1.4186083780110676e-07
categorical__Product ID_M21829,1.4141877750198242e-07
categorical__Product ID_L53699,1.4047768587307158e-07
categorical__Product ID_L56427,1.4022010479005122e-07
categorical__Product ID_M16628,1.3960234854988172e-07
categorical__Product ID_L56610,1.394416225855916e-07
categorical__Product ID_M16796,1.3898400435072832e-07
categorical__Product ID_L54537,1.3870290222227998e-07
categorical__Product ID_M23252,1.3728130201128892e-07
categorical__Product ID_L52753,1.3687729681005213e-07
categorical__Product ID_L53790,1.3679917994384928e-07
categorical__Product ID_L49182,1.3676994945471685e-07
categorical__Product ID_L55236,1.3668551229135206e-07
categorical__Product ID_L53098,1.3580674899514905e-07
categorical__Product ID_L47790,1.3480269003615815e-07
categorical__Product ID_L47789,1.3425017625435225e-07
categorical__Product ID_L53722,1.336031358978425e-07
categorical__Product ID_L50221,1.3359837886208377e-07
categorical__Product ID_L53756,1.33582440481343e-07
categorical__Product ID_L49979,1.3322877732008077e-07
categorical__Product ID_M20969,1.3295285759452011e-07
categorical__Product ID_L55760,1.3250684302440699e-07
categorical__Product ID_L55224,1.3182565505361906e-07
categorical__Product ID_L50497,1.314857549798147e-07
categorical__Product ID_M23232,1.3115322639896007e-07
categorical__Product ID_L50599,1.306318832200412e-07
categorical__Product ID_L56012,1.3003355861814548e-07
categorical__Product ID_L55629,1.2842302808304484e-07
categorical__Product ID_M18058,1.27958957918649e-07
categorical__Product ID_L48642,1.271809139900761e-07
categorical__Product ID_M15556,1.2681231048631197e-07
categorical__Product ID_L50175,1.2609881965637094e-07
categorical__Product ID_L48477,1.2599041576181394e-07
categorical__Product ID_L53589,1.257041608998028e-07
categorical__Product ID_L47753,1.256575080640113e-07
categorical__Product ID_L48179,1.250260809439676e-07
categorical__Product ID_L49853,1.2498242867131662e-07
categorical__Product ID_L53290,1.2420799508331165e-07
categorical__Product ID_M15382,1.2371599244774804e-07
categorical__Product ID_L47739,1.229940825591706e-07
categorical__Product ID_M24672,1.2293851807455657e-07
categorical__Product ID_L49293,1.2273206183913582e-07
categorical__Product ID_L51625,1.2259483987989684e-07
categorical__Product ID_L49726,1.2103369523195002e-07
categorical__Product ID_L49224,1.2063278829493895e-07
categorical__Product ID_L49358,1.2024794656553025e-07
categorical__Product ID_L56707,1.196569028947513e-07
categorical__Product ID_L53033,1.1964949783379808e-07
categorical__Product ID_M23114,1.195686070072722e-07
categorical__Product ID_L55279,1.1955962597507279e-07
categorical__Product ID_L50463,1.195544652184383e-07
categorical__Product ID_M16299,1.1727469457381364e-07
categorical__Product ID_M24397,1.1625600098671555e-07
categorical__Product ID_L47290,1.1558008693257305e-07
categorical__Product ID_L52361,1.155440562271113e-07
categorical__Product ID_L55580,1.1512017910291849e-07
categorical__Product ID_M23670,1.1370197021595538e-07
categorical__Product ID_L53383,1.1363601427930705e-07
categorical__Product ID_L56600,1.1275306633288411e-07
categorical__Product ID_M24429,1.1270915835082651e-07
categorical__Product ID_L48703,1.1214814567456039e-07
categorical__Product ID_L54878,1.1209694367199408e-07
categorical__Product ID_L48808,1.1194903197577396e-07
categorical__Product ID_M24783,1.1180951339795219e-07
categorical__Product ID_L48492,1.107591355539328e-07
categorical__Product ID_H37117,1.1039897403049145e-07
categorical__Product ID_M23268,1.103772984665414e-07
categorical__Product ID_M24081,1.1030460369125664e-07
categorical__Product ID_M23921,1.102093335304983e-07
categorical__Product ID_L54499,1.1008576495854724e-07
categorical__Product ID_M22636,1.0977686146260729e-07
categorical__Product ID_L55428,1.0797388555897317e-07
categorical__Product ID_H38719,1.0794396344980545e-07
categorical__Product ID_L49453,1.0784854205072881e-07
categorical__Product ID_L56375,1.0740442928729462e-07
categorical__Product ID_M23837,1.0700419404385746e-07
categorical__Product ID_M23651,1.0637012496906037e-07
categorical__Product ID_L53476,1.0610409622401143e-07
categorical__Product ID_M16136,1.046271933119016e-07
categorical__Product ID_L56506,1.0452954704474822e-07
categorical__Product ID_L47477,1.0425249461576904e-07
categorical__Product ID_L48730,1.0373405713414661e-07
categorical__Product ID_L56953,1.0366528351298399e-07
categorical__Product ID_M17819,1.0257007244255147e-07
categorical__Product ID_L53134,1.0246788738708567e-07
categorical__Product ID_L54530,1.0165405178248687e-07
categorical__Product ID_L53956,1.0149549070088052e-07
categorical__Product ID_L55726,1.0148392034909061e-07
categorical__Product ID_L50242,1.0057525861679044e-07
categorical__Product ID_L55965,1.00071457541629e-07
categorical__Product ID_L54776,9.984619457044386e-08
categorical__Product ID_L50493,9.951242149077975e-08
categorical__Product ID_M20699,9.923905557854561e-08
categorical__Product ID_L56543,9.878770184599459e-08
categorical__Product ID_L50420,9.823113264215244e-08
categorical__Product ID_L50410,9.783242218077858e-08
categorical__Product ID_L49435,9.747932882367811e-08
categorical__Product ID_L47711,9.706854907132829e-08
categorical__Product ID_M24771,9.692335839186113e-08
categorical__Product ID_M23483,9.687406316338575e-08
categorical__Product ID_L47397,9.636140592950322e-08
categorical__Product ID_L54951,9.562591913790989e-08
categorical__Product ID_L55961,9.493410465174512e-08
categorical__Product ID_L55953,9.462846241131385e-08
categorical__Product ID_L47466,9.3773359137952e-08
categorical__Product ID_L56744,9.372504270732915e-08
categorical__Product ID_M24475,9.325513854514443e-08
categorical__Product ID_L49948,9.30868942908543e-08
categorical__Product ID_L49311,9.304388137317012e-08
categorical__Product ID_L49694,9.217908437460642e-08
categorical__Product ID_M23527,9.152089247909841e-08
categorical__Product ID_M23559,9.12558698308389e-08
categorical__Product ID_L53008,9.08309250707712e-08
categorical__Product ID_L48476,9.068146095266517e-08
categorical__Product ID_L54996,8.882140399795528e-08
categorical__Product ID_L53393,8.579089014821662e-08
categorical__Product ID_L55070,8.57441836923072e-08
categorical__Product ID_L53375,8.563029829834114e-08
categorical__Product ID_L48801,8.557979511587388e-08
categorical__Product ID_L49731,8.484554214265145e-08
categorical__Product ID_M23732,8.420434570364187e-08
categorical__Product ID_M24320,8.378854698898212e-08
categorical__Product ID_L54574,8.350847172280913e-08
categorical__Product ID_M17148,8.241333251900037e-08
categorical__Product ID_L53409,8.185529461283467e-08
categorical__Product ID_L53183,8.176540976022888e-08
categorical__Product ID_L53059,8.134546365773735e-08
categorical__Product ID_L48496,8.011871209510506e-08
categorical__Product ID_L50295,7.954244518271043e-08
categorical__Product ID_L49902,7.882831937139658e-08
categorical__Product ID_L49701,7.856674332327789e-08
categorical__Product ID_L55512,7.815733612157995e-08
categorical__Product ID_M21061,7.743470677849886e-08
categorical__Product ID_L55154,7.724332494812257e-08
categorical__Product ID_L53297,7.70601368198904e-08
categorical__Product ID_L56334,7.651976214784659e-08
categorical__Product ID_L54658,7.647001332979849e-08
categorical__Product ID_L50389,7.643007363296002e-08
categorical__Product ID_L55962,7.585956101298368e-08
categorical__Product ID_L48735,7.394787993886343e-08
categorical__Product ID_L47496,7.34053884918831e-08
categorical__Product ID_L47690,7.177561741662632e-08
categorical__Product ID_L55621,7.0982257445177e-08
categorical__Product ID_L50079,7.085793624747966e-08
categorical__Product ID_L56066,7.047817610931601e-08
categorical__Product ID_L49831,6.916226526006838e-08
categorical__Product ID_L52959,6.902454320338432e-08
categorical__Product ID_L52758,6.799411394598747e-08
categorical__Product ID_L47818,6.749713086470148e-08
categorical__Product ID_L55639,6.74593096664124e-08
categorical__Product ID_L54535,6.694859320889985e-08
categorical__Product ID_L49265,6.67907892097278e-08
categorical__Product ID_L53615,6.659172526247823e-08
categorical__Product ID_L56393,6.639596660371857e-08
categorical__Product ID_L47438,6.632890177898001e-08
categorical__Product ID_M24066,6.631812088247917e-08
categorical__Product ID_L53620,6.431384777802642e-08
categorical__Product ID_L55681,6.316713593627308e-08
categorical__Product ID_L49750,6.294119232730437e-08
categorical__Product ID_L48817,6.27047568868111e-08
categorical__Product ID_L50005,6.247880919362606e-08
categorical__Product ID_L54359,6.223203229902023e-08
categorical__Product ID_M24182,6.207911233003411e-08
categorical__Product ID_L49708,6.174215739628614e-08
categorical__Product ID_H37737,6.130797778079112e-08
categorical__Product ID_L56429,6.113915733211858e-08
categorical__Product ID_L55591,5.967185856640234e-08
categorical__Product ID_L55743,5.8915769069590234e-08
categorical__Product ID_L47894,5.878580823551531e-08
categorical__Product ID_L54825,5.8606960339908026e-08
categorical__Product ID_L47388,5.8547468628285476e-08
categorical__Product ID_L56037,5.829895036943916e-08
categorical__Product ID_L47634,5.775727857200777e-08
categorical__Product ID_L48758,5.749843172871445e-08
categorical__Product ID_L54827,5.703893453384013e-08
categorical__Product ID_M24276,5.6777123471892e-08
categorical__Product ID_L56333,5.6517888712308335e-08
categorical__Product ID_L55333,5.645301065140653e-08
categorical__Product ID_L54286,5.4836844249480134e-08
categorical__Product ID_L49455,5.4608614927399253e-08
categorical__Product ID_M24678,5.4575519900971364e-08
categorical__Product ID_L55937,5.364113253495791e-08
categorical__Product ID_L48449,5.2856573275403486e-08
categorical__Product ID_L47646,5.269573185207906e-08
categorical__Product ID_M21202,5.2655938147505075e-08
categorical__Product ID_L55300,5.102751123018617e-08
categorical__Product ID_L57015,5.0804015468211376e-08
categorical__Product ID_L55432,5.076057683939291e-08
categorical__Product ID_L56484,4.958506102261907e-08
categorical__Product ID_L48732,4.918679267549718e-08
categorical__Product ID_L55626,4.7930820942881445e-08
categorical__Product ID_L49073,4.7830271175246044e-08
categorical__Product ID_L47294,4.6320426451038444e-08
categorical__Product ID_L55906,4.5876408875031215e-08
categorical__Product ID_M17244,4.585724162796708e-08
categorical__Product ID_L54816,4.542508984098528e-08
categorical__Product ID_L56133,4.426159123041893e-08
categorical__Product ID_L49615,4.40604595881451e-08
categorical__Product ID_L47726,4.2014274783134293e-08
categorical__Product ID_L56327,4.005070956380104e-08
categorical__Product ID_M22952,4.003956439606121e-08
categorical__Product ID_M22265,3.944861140894027e-08
categorical__Product ID_L49051,3.8132201593777694e-08
categorical__Product ID_L53243,3.7451846511679535e-08
categorical__Product ID_L48542,3.688731920317872e-08
categorical__Product ID_L55669,3.672590022340091e-08
categorical__Product ID_L47688,3.556805096063588e-08
categorical__Product ID_L55171,3.5276702685943324e-08
categorical__Product ID_M22765,3.476970903132824e-08
categorical__Product ID_M16634,3.474852307446744e-08
categorical__Product ID_L56070,3.266312262277476e-08
categorical__Product ID_L50240,3.264624507294631e-08
categorical__Product ID_L49871,2.9684215356670425e-08
categorical__Product ID_L49789,2.9638666633811763e-08
categorical__Product ID_L49201,2.8719115439646473e-08
categorical__Product ID_L56679,2.6395668269565165e-08
categorical__Product ID_M23418,2.605551060575464e-08
categorical__Product ID_L53380,2.522588632185149e-08
categorical__Product ID_L52893,2.4986310911488567e-08
categorical__Product ID_L53331,2.3844560370838927e-08
categorical__Product ID_L55687,2.267381083743549e-08
categorical__Product ID_M23194,2.2352687407617362e-08
categorical__Product ID_L48560,2.1203004792711367e-08
categorical__Product ID_M23413,1.9938909982562568e-08
categorical__Product ID_L54527,1.9467994608866566e-08
categorical__Product ID_L49461,1.9042420510309893e-08
categorical__Product ID_L55841,1.8431568254821124e-08
categorical__Product ID_L50254,1.7262169801674694e-08
categorical__Product ID_L49913,1.7215872623199087e-08
categorical__Product ID_M24095,1.439733809869578e-08
categorical__Product ID_L54668,1.1564231323726641e-08
categorical__Product ID_L52037,8.9444244631357e-09
categorical__Product ID_L53701,7.564529607526507e-09
categorical__Product ID_L47571,6.887779711125377e-09
categorical__Product ID_L49359,5.891899099720789e-09
categorical__Product ID_L54446,4.018211850156186e-09
categorical__Product ID_L55336,2.282160427217768e-09
categorical__Product ID_L56084,7.483635594976987e-10
categorical__Product ID_L50160,6.781960560642822e-10
